name,smiles,p_np,mol_weight,logp,tpsa,h_donors,h_acceptors,rotatable_bonds,aromatic_rings
bromoform,BrC(Br)Br,1,252.73,2.45,0.0,0,0,0,0
methylpentynol,C#CC(C)(O)CC,1,98.14,0.78,20.23,1,1,1,0
ethchlorvynol,C#CC(O)(/C=C/Cl)CC,1,144.6,1.51,20.23,1,1,2,0
carfimate,C#CC(OC(N)=O)c1ccccc1,1,175.19,1.46,52.32,1,2,2,1
ethinamate,C#CC1(OC(N)=O)CCCCC1,1,167.21,1.42,52.32,1,2,1,0
fluciprazine,C#CC1(OCC(O)CN2CCN(c3ccc(F)cc3)CC2)CCCCC1,1,360.47,2.66,35.94,1,4,6,1
hexapropymate,C#CCC1(OC(N)=O)CCCCC1,1,181.23,1.81,52.32,1,2,2,0
clorgiline,C#CCN(C)CCCOc1ccc(Cl)cc1Cl,1,272.18,3.33,12.47,0,2,6,1
pargyline,C#CCN(C)Cc1ccccc1,1,159.23,1.75,3.24,0,1,3,1
selegiline,C#CCN(C)[C@H](C)Cc1ccccc1,1,187.29,2.18,3.24,0,1,4,1
pinazepam,C#CCN1C(=O)CN=C(c2ccccc2)c2cc(Cl)ccc21,1,308.77,3.16,32.67,0,2,2,2
rasagiline,C#CCN[C@@H]1CCc2ccccc21,1,171.24,1.9,12.03,1,1,2,1
nivazol(nivacortol),C#C[C@]1(O)CC[C@H]2C3CCC4=Cc5c(cnn5-c5ccc(F)cc5)CC4(C)[C@H]3CCC21C,1,430.57,5.56,38.05,1,2,1,2
norethindrone,C#C[C@]1(O)CC[C@H]2[C@@H]3CCC4=CC(=O)CC[C@@H]4[C@H]3CC[C@@]21C,0,298.43,3.49,37.3,1,2,0,0
ethinylestradiol,C#C[C@]1(O)CC[C@H]2[C@@H]3CCc4cc(O)ccc4[C@H]3CC[C@@]21C,0,296.41,3.61,40.46,2,2,0,1
mestranol,C#C[C@]1(O)CC[C@H]2[C@@H]3CCc4cc(OC)ccc4[C@H]3CC[C@@]21C,0,310.44,3.92,29.46,1,2,1,1
Tibolone,C#C[C@]1(O)CC[C@H]2[C@@H]3[C@H](C)CC4=C(CCC(=O)C4)[C@H]3CC[C@@]21C,1,312.45,3.88,37.3,1,2,0,0
fursultiamine,C/C(=C(/CCO)SSCC1CCCO1)N(C=O)Cc1cnc(C)nc1N,1,398.55,2.5,101.57,2,8,10,1
bisbentiamine,C/C(=C(/CCOC(=O)c1ccccc1)SS/C(CCOC(=O)c1ccccc1)=C(\C)N(C=O)Cc1cnc(C)nc1N)N(C=O)Cc1cnc(C)nc1N,1,770.94,6.0,196.82,2,14,19,4
bentiamine,C/C(=C(\CCOC(=O)c1ccccc1)SC(=O)c1ccccc1)N(C=O)Cc1cnc(C)nc1N,1,490.59,4.38,115.48,1,8,10,3
benfotiamine,C/C(=C(\CCOP(=O)(O)O)SC(=O)c1ccccc1)N(C=O)Cc1cnc(C)nc1N,1,466.46,2.63,155.94,3,8,10,2
spirilene,C/C(=C/CCN1CCC2(CC1)C(=O)NCN2c1ccccc1)c1ccc(F)cc1,1,393.51,4.05,35.58,1,3,5,2
cycotiamine,C/C(=C1/CCOC(=O)S1)N(C=O)Cc1cnc(C)nc1N,1,308.36,1.83,98.41,1,7,4,1
ectylurea,C/C=C(\CC)C(=O)NC(N)=O,1,156.18,0.54,72.19,2,2,2,0
crotetamide,C/C=C/C(=O)N(CC)C(CC)C(=O)N(C)C,1,226.32,1.28,40.62,0,2,5,0
cropropamide,C/C=C/C(=O)N(CCC)C(CC)C(=O)N(C)C,1,240.35,1.67,40.62,0,2,6,0
cefprozil,C/C=C/C1=C(C(=O)O)N2C(=O)[C@@H](NC(=O)[C@H](N)c3ccc(O)cc3)[C@H]2SC1.O,0,407.45,-0.12,164.46,4,6,5,1
efrotomycin,C/C=C/C=C/C1OC(O)(C(CC)C(=O)NC/C=C/C=C(\C)C(OC)C(C)C2OC(/C=C/C=C/C=C(\C)C(=O)c3c(O)n(C)ccc3=O)C(O)C2O)C(O)C(OC2OC(C)C(OC3OC(C)C(OC)C(O)C3OC)C(OC)C2O)C1(C)C,0,1145.35,2.75,302.08,8,20,24,1
nicocortonide,C/C=C\C1O[C@]2(C(=O)COC(=O)c3ccncc3)CC[C@@]3(O1)[C@@H]1CCC4=CC(=O)CC[C@]4(C)[C@H]1[C@@H](O)C[C@]23C,1,535.64,4.12,112.02,1,8,5,1
napamezole,C1=C(CC2=NCNC2)CCc2ccccc21,1,212.3,2.41,24.39,1,2,2,1
indeloxazine,C1=Cc2cccc(OCC3CNCCO3)c2C1,1,231.29,1.62,30.49,1,3,3,1
Cyclopropane,C1CC1,1,42.08,1.17,0.0,0,0,0,0
Cyclohexane,C1CCCCC1,1,84.16,2.34,0.0,0,0,0,0
pentylenetetrazole(pentetrazol),C1CCc2nnnn2CC1,1,138.17,0.4,43.6,0,3,0,1
ethyl-loflazepate,C=C,1,28.05,0.8,0.0,0,0,0,0
dinazafone,C=C(C)CNCC(=O)N(C)c1ccc(Cl)cc1C(=O)c1ccccc1,1,356.85,3.7,49.41,1,3,7,2
cannabidiol,C=C(C)[C@@H]1CCC(C)=CC1c1c(O)cc(CCCCC)cc1O,1,314.47,5.85,40.46,2,2,6,1
Ethacrynic acid,C=C(CC)C(=O)c1ccc(OCC(=O)O)c(Cl)c1Cl,0,303.14,3.61,63.6,1,3,6,1
isoprednidene,C=C1CC2C3C=CC4=CC(=O)CCC4(C)C3C(O)CC2(C)[C@@]1(O)C(=O)CO,1,372.46,1.72,94.83,3,5,2,0
prednylidene,C=C1CC2C3CCC4=CC(=O)C=CC4(C)C3C(O)CC2(C)C1(O)C(=O)CO,1,372.46,1.72,94.83,3,5,2,0
nalmefene,C=C1CC[C@@]2(O)[C@H]3Cc4ccc(O)c5c4[C@@]2(CCN3CC2CC2)[C@H]1O5,1,339.44,2.51,52.93,2,4,2,1
xorphanol,C=C1C[C@H](C)[C@H]2[C@H]3Cc4ccc(O)cc4[C@@]2(CCN3CC2CCC2)C1,1,337.51,4.66,23.47,1,2,2,1
fluprednidene,C=C1C[C@H]2[C@@H]3CCC4=CC(=O)C=C[C@]4(C)[C@@]3(F)C(O)C[C@]2(C)[C@@]1(O)C(=O)CO,1,390.45,1.82,94.83,3,5,2,0
1-48,C=C1Cc2c(CCN(CCC)CCC)ccc(O)c2N1,1,274.41,3.54,35.5,2,3,7,1
Meclocycline,C=C1c2c(Cl)ccc(O)c2C(O)=C2C(=O)C3(O)C(=O)/C(=C(/N)O)C(=O)C(N(C)C)C3C(O)C12,0,476.87,0.06,181.62,6,10,1,1
methacycline,C=C1c2cccc(O)c2C(O)=C2C(=O)[C@]3(O)C(=O)/C(=C(/N)O)C(=O)[C@@H](N(C)C)[C@@H]3[C@@H](O)[C@H]12,0,442.42,-0.59,181.62,6,10,1,1
enprazepine,C=C1c2ccccc2CN(CCCN(C)C)c2ccccc21,1,292.43,4.02,6.48,0,2,4,2
vigabatrin,C=CC(N)CCC(=O)O,1,129.16,0.36,63.32,2,2,4,0
vinylbital,C=CC1(C(C)CCC)C(=O)NC(=O)NC1=O,1,224.26,0.96,75.27,2,3,4,0
cefdinir,C=CC1=C(C(=O)O)N2C(=O)[C@@H](NC(=O)/C(=N\O)c3csc(N)n3)[C@H]2SC1,0,395.42,-0.17,158.21,4,9,5,1
cefixime,C=CC1=C(C(=O)O)N2C(=O)[C@@H](NC(=O)/C(=N\OCC(=O)O)c3csc(N)n3)[C@H]2SC1,0,453.46,-0.54,184.51,4,10,8,1
viqualine,C=CC1CNCCC1CCCc1ccnc2ccc(OC)cc12,1,310.44,3.98,34.15,1,3,6,2
acrocinonide,C=CC1O[C@@H]2CC3C4CCC5=CC(=O)C=CC5(C)C4(F)C(O)CC3(C)[C@]2(C(=O)CO)O1,1,432.49,2.19,93.06,2,6,3,0
valdetamide,C=CCC(CC)(CC)C(N)=O,1,155.24,1.85,43.09,1,1,5,0
aletamine(alfetamine),C=CCC(N)Cc1ccccc1,1,161.25,2.13,26.02,1,1,4,1
Org34167,C=CCC(N)c1ccccc1-c1noc2ccccc12,1,264.33,4.07,52.05,1,3,4,3
Methohexital,C=CCC1(C(C)C#CCC)C(=O)NC(=O)N(C)C1=O,1,262.31,1.31,66.48,1,3,3,0
aprobarbital,C=CCC1(C(C)C)C(=O)NC(=O)NC1=O,1,210.23,0.57,75.27,2,3,3,0
talbutal,C=CCC1(C(C)CC)C(=O)NC(=O)NC1=O,1,224.26,0.96,75.27,2,3,4,0
secobarbital,C=CCC1(C(C)CCC)C(=O)NC(=O)NC1=O,1,238.29,1.35,75.27,2,3,5,0
thiamylal,C=CCC1(C(C)CCC)C(=O)NC(=S)NC1=O,1,254.35,1.52,58.2,2,3,5,0
thialbarbital,C=CCC1(C2C=CCCC2)C(=O)NC(=S)NC1=O,1,264.35,1.44,58.2,2,3,3,0
brallobarbital,C=CCC1(CC(=C)Br)C(=O)NC(=O)NC1=O,1,287.11,1.21,75.27,2,3,4,0
nealbarbital,C=CCC1(CC(C)(C)C)C(=O)NC(=O)NC1=O,1,238.29,1.35,75.27,2,3,3,0
butalbital,C=CCC1(CC(C)C)C(=O)NC(=O)NC1=O,1,224.26,0.96,75.27,2,3,4,0
proxibarbal,C=CCC1(CC(C)O)C(=O)NC(=O)NC1=O,1,226.23,-0.31,95.5,3,4,4,0
allobarbital,C=CCC1(CC=C)C(=O)NC(=O)NC1=O,1,208.22,0.49,75.27,2,3,4,0
albutoin,C=CCN1C(=O)C(CC(C)C)NC1=S,1,212.32,1.3,32.34,1,2,4,0
allomethadione,C=CCN1C(=O)OC(C)C1=O,1,155.15,0.54,46.61,0,3,2,0
alletorphine,C=CCN1CCC23c4c5ccc(O)c4OC2C2(OC)C=CC3(CC2[C@](C)(O)CCC)C1C5,1,437.58,3.72,62.16,2,5,6,1
diacetylnalorphine,C=CCN1CCC23c4c5ccc(OC(C)=O)c4OC2C(OC(C)=O)C=CC3C1C5,1,395.46,2.54,65.07,0,6,4,1
alpiropride,C=CCN1CCCC1CNC(=O)c1cc(S(=O)(=O)NC)c(N)cc1OC,1,382.49,0.57,113.76,3,6,8,1
veralipride,C=CCN1CCCC1CNC(=O)c1cc(S(N)(=O)=O)cc(OC)c1OC,1,383.47,0.73,110.96,2,6,8,1
Levallorphan,C=CCN1CC[C@]23CCCC[C@H]2[C@H]1Cc1ccc(O)cc13,1,283.42,3.64,23.47,1,2,2,1
naloxone,C=CCN1CC[C@]23c4c5ccc(O)c4O[C@H]2C(=O)CC[C@@]3(O)[C@H]1C5,1,327.38,1.3,70.0,2,5,2,1
Nalorphine,C=CCN1CC[C@]23c4c5ccc(O)c4O[C@H]2[C@@H](O)C=C[C@H]3[C@H]1C5,1,311.38,1.75,52.93,2,4,2,1
cabergoline,C=CCN1C[C@H](C(=O)N(CCCN(C)C)C(=O)NCC)C[C@@H]2c3cccc4[nH]cc(c34)C[C@H]21,1,451.62,3.19,71.68,2,4,8,2
uldazepam,C=CCONC1=Nc2ccc(Cl)cc2C(c2ccccc2Cl)=NC1,1,360.24,4.58,45.98,1,4,4,2
almecillin,C=CCSCC(=O)NC1C(=O)N2C1SC(C)(C)C2C(=O)[O-].[Na+],0,352.41,-3.79,89.54,1,6,6,0
tacrolimus,C=CC[C@@H]1/C=C(\C)C[C@H](C)C[C@H](OC)[C@H]2O[C@@](O)(C(=O)C(=O)N3CCCC[C@H]3C(=O)O[C@H](/C(C)=C/[C@@H]3CC[C@@H](O)[C@H](OC)C3)[C@H](C)[C@@H](O)CC1=O)[C@H](C)C[C@@H]2OC,0,804.03,4.64,178.36,3,12,7,0
Org34167,C=CC[C@H](N)c1ccccc1-c1noc2ccccc12,1,264.33,4.07,52.05,1,3,4,3
Divinylether,C=COC=C,1,70.09,1.29,9.23,0,1,2,0
Fluroxene,C=COCC(F)(F)F,1,126.08,1.71,9.23,0,1,2,0
ivoqualine,C=C[C@@H]1CNCC[C@H]1CCCc1ccnc2ccc(OC)cc12,1,310.44,3.98,34.15,1,3,6,2
Quinine,C=C[C@H]1CN2CC[C@@H]1C[C@H]2[C@H](O)c1ccnc2ccc(OC)cc12,0,324.42,3.17,45.59,1,4,4,2
Quinidine,C=C[C@H]1CN2CC[C@H]1C[C@@H]2[C@@H](O)c1ccnc2ccc(OC)cc12,1,324.42,3.17,45.59,1,4,4,2
metampicillin,C=NC(C(=O)NC1C(=O)N2C1SC(C)(C)C2C(=O)O)c1ccccc1,0,361.42,1.06,99.07,2,5,5,1
Mifepristone,CC#C[C@]1(O)CC[C@H]2[C@@H]3CCC4=CC(=O)CCC4=C3[C@@H](c3ccc(N(C)C)cc3)C[C@@]21C,0,429.6,5.41,40.54,1,3,2,1
deprodone,CC(=O)C1(O)CCC2C3CCC4=CC(=O)C=CC4(C)C3C(O)CC21C,1,344.45,2.59,74.6,2,4,1,0
algestone-acetonide,CC(=O)C12OC(C)(C)OC1CC1C3CCC4=CC(=O)CCC4(C)C3CCC12C,1,386.53,4.61,52.6,0,4,1,0
cetocycline,CC(=O)C1=C(O)[C@@]2(O)C(=O)c3c(c(C)c4ccc(C)c(O)c4c3O)C[C@H]2[C@@H](N)C1=O,0,411.41,1.27,158.15,5,8,1,2
endrysone(endrisone),CC(=O)C1CCC2C3CC(C)C4=CC(=O)C=CC4(C)C3C(O)CC12C,1,342.48,3.72,54.37,1,3,1,0
pregnenolone-succinate,CC(=O)C1CCC2C3CC=C4CC(OC(=O)CCC(=O)O)CCC4(C)C3CCC12C,1,416.56,4.93,80.67,1,4,5,0
warfarin,CC(=O)CC(c1ccccc1)c1c(O)oc2ccccc2c1=O,0,308.33,3.61,67.51,1,4,4,3
GR94839_C,CC(=O)N1CCN(C(=O)Cc2cc(F)cc(F)c2)[C@@H](CN2CC[C@@H](O)C2)C1,0,381.42,0.63,64.09,1,4,4,1
GR94839_A,CC(=O)N1CCN(C(=O)Cc2ccc(C(F)(F)F)cc2)[C@@H](CN2CC[C@@H](O)C2)C1,0,413.44,1.37,64.09,1,4,4,1
GR85571,CC(=O)N1CCN(C(=O)Cc2ccc(Cl)c(Cl)c2)[C@@H](CN2CCCC2)C1,1,398.33,2.69,43.86,0,3,4,1
GR94839,CC(=O)N1CCN(C(=O)Cc2ccc(Cl)c(Cl)c2)[C@@H](CN2CC[C@@H](O)C2)C1,0,414.33,1.66,64.09,1,4,4,1
GR94839_L,CC(=O)N1CCN(C(=O)Cc2ccc(S(C)(=O)=O)cc2)[C@@H](CN2CC[C@H](O)C2)C1,0,423.54,-0.24,98.23,1,6,5,1
GR94839_E,CC(=O)N1CCN(C(=O)Cc2ccc([N+](=O)[O-])cc2)[C@@H](CN2CC[C@H](O)C2)C1,0,390.44,0.26,107.23,1,6,5,1
GR94839_I,CC(=O)N1CCN(C(=O)Cc2ccc([S@@](C)=O)cc2)[C@@H](CN2CC[C@H](O)C2)C1,0,407.54,0.09,81.16,1,5,5,1
GR94839_G,CC(=O)N1CCN(C(=O)Cc2cccc([N+](=O)[O-])c2)[C@@H](CN2CC[C@H](O)C2)C1,0,390.44,0.26,107.23,1,6,5,1
GR94839_H,CC(=O)N1CCN(C(=O)Cc2ccccc2)[C@@H](CN2CC[C@@H](O)C2)C1,0,345.44,0.35,64.09,1,4,4,1
Ketoconazole,CC(=O)N1CCN(c2ccc(OC[C@H]3CO[C@](Cn4ccnc4)(c4ccc(Cl)cc4Cl)O3)cc2)CC1,0,531.44,4.21,69.06,0,6,7,3
aceglutamide,CC(=O)NC(CCC(N)=O)C(=O)O,1,188.18,-1.16,109.49,3,3,5,0
aceperone,CC(=O)NCC1(c2ccccc2)CCN(CCCC(=O)c2ccc(F)cc2)CC1,1,396.51,3.96,49.41,1,3,8,2
acaprazine,CC(=O)NCCCN1CCN(c2cc(Cl)ccc2Cl)CC1,1,330.26,2.64,35.58,1,3,5,1
24,CC(=O)NCCCOc1cccc(CN2CCCCC2)c1,1,290.41,2.58,41.57,1,3,7,1
bisorcic,CC(=O)NCCC[C@H](NC(C)=O)C(=O)O,1,216.24,-0.51,95.5,3,3,6,0
aloracetam,CC(=O)NCCn1c(C)cc(C=O)c1C,1,208.26,1.05,51.1,1,2,4,1
diphoxazide,CC(=O)NNC(=O)CC(O)(c1ccccc1)c1ccccc1,1,298.34,1.48,78.43,3,3,4,2
Sodiumamidotrizoate,CC(=O)Nc1c(I)c(NC(C)=O)c(I)c(C(=O)[O-])c1I.[Na+],0,635.9,-1.22,98.33,2,4,3,1
acetaminophen,CC(=O)Nc1ccc(O)cc1,1,151.16,1.35,49.33,2,2,1,1
pidolacetamol,CC(=O)Nc1ccc(OC(=O)[C@@H]2CCC(=O)N2)cc1,1,262.26,0.83,84.5,2,4,3,1
acetaminosalol,CC(=O)Nc1ccc(OC(=O)c2ccccc2O)cc1,1,271.27,2.57,75.63,2,4,3,2
benorilate,CC(=O)Nc1ccc(OC(=O)c2ccccc2OC(C)=O)cc1,1,313.31,2.79,81.7,1,5,4,2
butacetin,CC(=O)Nc1ccc(OC(C)(C)C)cc1,1,207.27,2.82,38.33,1,2,2,1
compound 34,CC(=O)Nc1cccc(-c2csc(N=C(N)N)n2)c1,0,275.34,1.67,106.39,3,4,3,2
metacetamol,CC(=O)Nc1cccc(O)c1,1,151.16,1.35,49.33,2,2,1,1
acetozalamide,CC(=O)Nc1nnc(S(N)(=O)=O)s1,1,222.25,-0.86,115.04,2,6,2,1
odapipam,CC(=O)O.CN1CCc2cc(Cl)c(O)cc2[C@@H](c2cccc3c2OCC3)C1,1,389.88,3.69,70.0,2,4,1,2
phacetoperane,CC(=O)OC(c1ccccc1)C1CCCCN1,1,233.31,2.43,38.33,1,3,3,1
sedecamycin,CC(=O)OC1/C=C/C(C)=C/CC(O)/C=C/C(C)=C/C(NC(=O)C(C)=O)C2(C)C(=O)OC(C1)C(C)C2=O,0,501.58,2.29,136.07,2,8,3,0
acebrochol,CC(=O)OC1CC[C@@]2(C)C([C@@H]1Br)[C@H](Br)C[C@H]1[C@@H]3CC[C@H]([C@H](C)CCCC(C)C)[C@@]3(C)CC[C@@H]12,1,588.51,8.79,26.3,0,2,6,0
cormethasoneacetate(cormetasone-acetate),CC(=O)OCC(=O)C1(O)C(C)CC2C3CC(F)(F)C4=CC(=O)C=CC4(C)C3(F)C(O)CC21C,1,470.48,2.71,100.9,2,6,3,0
fluazacort,CC(=O)OCC(=O)C12N=C(C)OC1CC1C3CCC4=CC(=O)C=CC4(C)[C@@]3(F)C(O)CC12C,1,459.51,2.66,102.26,1,7,3,0
acefurtiamine,CC(=O)OCC(=O)OCC/C(SC(=O)c1ccco1)=C(/C)N(C=O)Cc1cnc(C)nc1N,1,476.51,2.22,154.92,1,11,11,2
dichlorisone-acetate,CC(=O)OCC(=O)[C@@]1(O)CCC2C3CCC4=CC(=O)C=CC4(C)[C@@]3(Cl)C(Cl)CC21C,1,455.38,3.74,80.67,1,5,3,0
isoflupredone-acetate,CC(=O)OCC(=O)[C@@]1(O)CC[C@H]2[C@@H]3CCC4=CC(=O)C=C[C@]4(C)[C@@]3(F)[C@@H](O)C[C@@]21C,1,420.48,2.22,100.9,2,6,3,0
prednisolone-acetate,CC(=O)OCC(=O)[C@@]1(O)CC[C@H]2[C@@H]3CCC4=CC(=O)C=C[C@]4(C)[C@H]3[C@@H](O)C[C@@]21C,1,402.49,2.13,100.9,2,6,3,0
fludrocortisone-acetate,CC(=O)OCC(=O)[C@@]1(O)CC[C@H]2[C@@H]3CCC4=CC(=O)CC[C@]4(C)[C@@]3(F)[C@@H](O)C[C@@]21C,1,422.49,2.44,100.9,2,6,3,0
cortisone-acetate,CC(=O)OCC(=O)[C@@]1(O)CC[C@H]2[C@@H]3CCC4=CC(=O)CC[C@]4(C)[C@H]3C(=O)C[C@@]21C,1,402.49,2.56,97.74,1,6,3,0
hydrocortisone-acetate,CC(=O)OCC(=O)[C@@]1(O)CC[C@H]2[C@@H]3CCC4=CC(=O)CC[C@]4(C)[C@H]3[C@@H](O)C[C@@]21C,1,404.5,2.35,100.9,2,6,3,0
methylprednisolone-aceponate,CC(=O)OCC(=O)[C@@]1(O)CC[C@H]2[C@@H]3C[C@H](C)C4=CC(=O)C=C[C@]4(C)[C@H]3[C@@H](O)C[C@@]21C,1,416.51,2.37,100.9,2,6,3,0
chloroprednisone,CC(=O)OCC(=O)[C@@]1(O)CC[C@H]2[C@@H]3C[C@H](Cl)C4=CC(=O)C=C[C@]4(C)[C@H]3C(=O)C[C@@]21C,1,434.92,2.55,97.74,1,6,3,0
betamethasone-dipropionate(dexamethasone-dipropionate),CC(=O)OCC(=O)[C@@]1(O)[C@@H](C)C[C@H]2[C@@H]3CCC4=CC(=O)C=C[C@]4(C)[C@@]3(F)[C@@H](O)C[C@@]21C,1,434.5,2.47,100.9,2,6,3,0
cortivazol,CC(=O)OCC(=O)[C@@]1(O)[C@H](C)C[C@H]2[C@@H]3C=C(C)C4=Cc5c(cnn5-c5ccccc5)C[C@]4(C)[C@H]3[C@@H](O)C[C@@]21C,1,530.67,4.3,101.65,2,6,4,2
paramethasone-acetate,CC(=O)OCC(=O)[C@@]1(O)[C@H](C)C[C@H]2[C@@H]3C[C@H](F)C4=CC(=O)C=C[C@]4(C)[C@H]3[C@@H](O)C[C@@]21C,1,434.5,2.32,100.9,2,6,3,0
triamcinolone-diacetate,CC(=O)OCC(=O)[C@@]1(O)[C@H](OC(C)=O)C[C@H]2[C@@H]3CCC4=CC(=O)C=C[C@]4(C)[C@@]3(F)[C@@H](O)C[C@@]21C,1,478.51,1.76,127.2,2,8,4,0
betamethasone-acetate(dexamethasone-acetate),CC(=O)OCC(=O)[C@@]1(OC(=O)C(C)C)[C@@H](C)C[C@H]2[C@@H]3CCC4=CC(=O)C=C[C@]4(C)[C@@]3(F)[C@@H](O)C[C@@]21C,1,504.6,3.67,106.97,1,7,5,0
dexamethasone-acefurate,CC(=O)OCC(=O)[C@@]1(OC(=O)c2ccco2)[C@H](C)C[C@H]2[C@@H]3CCC4=CC(=O)C=C[C@]4(C)[C@@]3(F)[C@@H](O)C[C@@]21C,1,528.57,3.92,120.11,1,8,5,1
diflorasone-diacetate,CC(=O)OCC(=O)[C@@]1(OC(C)=O)[C@@H](C)C[C@H]2[C@@H]3C[C@H](F)C4=CC(=O)C=C[C@]4(C)[C@@]3(F)[C@@H](O)C[C@@]21C,1,494.53,2.99,106.97,1,7,4,0
deflazacort,CC(=O)OCC(=O)[C@@]12N=C(C)O[C@@H]1C[C@H]1[C@@H]3CCC4=CC(=O)C=C[C@]4(C)[C@H]3[C@@H](O)C[C@@]12C,1,441.52,2.56,102.26,1,7,3,0
formocortal,CC(=O)OCC(=O)[C@@]12OC(C)(C)O[C@@H]1CC1C3CC(C=O)=C4C=C(OCCCl)CCC4(C)[C@@]3(F)C(O)CC12C,1,569.07,3.96,108.36,1,8,7,0
flunisolide-acetate,CC(=O)OCC(=O)[C@@]12OC(C)(C)O[C@@H]1CC1C3C[C@H](F)C4=CC(=O)C=CC4(C)[C@H]3C(O)CC12C,1,476.54,2.85,99.13,1,7,3,0
cicortonide,CC(=O)OCC(=O)[C@@]12OC(C)(C)O[C@@H]1C[C@H]1C3CC(C#N)=C4C=C(OCCCl)CCC4(C)[C@@]3(F)C(O)CC12C,1,566.07,4.29,115.08,1,8,6,0
fluocinonide,CC(=O)OCC(=O)[C@@]12OC(C)(C)O[C@@H]1C[C@H]1[C@@H]3C[C@H](F)C4=CC(=O)C=C[C@]4(C)[C@@]3(F)[C@@H](O)C[C@@]12C,1,494.53,2.94,99.13,1,7,3,0
amcinonide,CC(=O)OCC(=O)[C@@]12OC3(CCCC3)O[C@@H]1C[C@H]1[C@@H]3CCC4=CC(=O)C=C[C@]4(C)[C@@]3(F)[C@@H](O)C[C@@]12C,1,502.58,3.52,99.13,1,7,3,0
clocortolone-acetate,CC(=O)OCC(=O)[C@H]1[C@H](C)C[C@H]2[C@@H]3C[C@H](F)C4=CC(=O)C=C[C@]4(C)C3(Cl)[C@@H](O)C[C@@]21C,1,452.95,3.57,80.67,1,5,3,0
famciclovir,CC(=O)OCC(CCn1cnc2cnc(N)nc21)COC(C)=O,1,321.34,0.54,122.22,1,8,7,2
acetiamine,CC(=O)OCC/C(SC(C)=O)=C(/C)N(C=O)Cc1cnc(C)nc1N,1,366.44,1.79,115.48,1,8,8,1
cephalosporin-c,CC(=O)OCC1=C(C(=O)O)N2C(=O)[C@@H](NC(=O)CCC[C@@H](N)C(=O)O)[C@H]2SC1,0,415.42,-1.13,176.33,4,8,9,0
cephapirin,CC(=O)OCC1=C(C(=O)O)N2C(=O)[C@@H](NC(=O)CSc3ccncc3)[C@H]2SC1,0,423.47,0.48,125.9,2,8,7,1
cefaloram,CC(=O)OCC1=C(C(=O)O)N2C(=O)[C@@H](NC(=O)Cc3ccccc3)[C@H]2SC1,0,390.42,0.53,113.01,2,6,6,1
cephalothin,CC(=O)OCC1=C(C(=O)O)N2C(=O)[C@@H](NC(=O)Cc3cccs3)[C@H]2SC1,0,396.45,0.59,113.01,2,7,6,1
cephaloglycin,CC(=O)OCC1=C(C(=O)O)N2C(=O)[C@@H](NC(=O)[C@H](N)c3ccccc3)[C@H]2SC1.O.O,0,441.46,-1.66,202.03,3,7,6,1
cefoxazole,CC(=O)OCC1=C(C(=O)O)N2C(=O)[C@@H](NC(=O)c3c(-c4ccccc4Cl)noc3C)[C@H]2SC1,0,491.91,2.22,139.04,2,8,6,2
cephacetrile,CC(=O)OCC1=C(C(=O)[O-])N2C(=O)[C@H](NC(=O)CC#N)[C@@H]2SC1.[Na+],0,361.31,-5.13,139.63,1,8,5,0
acevaltrate,CC(=O)OCC1=CO[C@@H](OC(=O)CC(C)C)[C@H]2C1=C[C@H](OC(=O)CC(C)(C)OC(C)=O)[C@]21CO1,1,480.51,2.35,126.96,0,10,9,0
valtrate,CC(=O)OCC1=CO[C@@H](OC(=O)CC(C)C)[C@H]2C1=C[C@H](OC(=O)CC(C)C)[C@]21CO1,1,422.47,2.66,100.66,0,8,8,0
thiopropazate,CC(=O)OCCN1CCN(CCCN2c3ccccc3Sc3ccc(Cl)cc32)CC1,1,446.02,4.51,36.02,0,6,7,2
penamecillin,CC(=O)OCOC(=O)C1N2C(=O)C(NC(=O)Cc3ccccc3)C2SC1(C)C,0,406.46,0.84,102.01,1,7,6,1
fluperolone(fluperolone-acetate),CC(=O)O[C@@H](C)C(=O)[C@@]1(O)CC[C@H]2[C@@H]3CCC4=CC(=O)C=C[C@]4(C)[C@@]3(F)[C@@H](O)C[C@@]21C,1,434.5,2.61,100.9,2,6,3,0
docetaxel,CC(=O)O[C@@]12CO[C@@H]1C[C@H](O)[C@@]1(C)C(=O)[C@H](O)C3=C(C)[C@@H](OC(=O)[C@H](O)[C@@H](NC(=O)OC(C)(C)C)c4ccccc4)C[C@@](O)([C@@H](OC(=O)c4ccccc4)[C@H]21)C3(C)C,0,807.89,3.26,224.45,5,14,8,2
paclitaxel,CC(=O)O[C@H]1C(=O)[C@@]2(C)C([C@H](OC(=O)c3ccccc3)[C@]3(O)C[C@H](OC(=O)[C@H](O)[C@@H](NC(=O)c4ccccc4)c4ccccc4)C(C)=C1C3(C)C)[C@]1(OC(C)=O)CO[C@@H]1C[C@@H]2O,0,853.92,3.74,221.29,4,14,10,3
didrovaltrate,CC(=O)O[C@H]1C[C@@H]2C(COC(=O)CC(C)C)=CO[C@@H](OC(=O)CC(C)C)[C@@H]2[C@@]12CO2,1,424.49,2.74,100.66,0,8,8,0
fusidic-acid,CC(=O)O[C@H]1C[C@@]2(C)[C@@H](C[C@@H](O)[C@H]3[C@@]4(C)CC[C@@H](O)[C@@H](C)[C@@H]4CC[C@@]32C)/C1=C(\CCC=C(C)C)C(=O)O,0,516.72,5.67,104.06,3,5,5,0
fluorometholone-acetate,CC(=O)O[C@]1(C(C)=O)CC[C@H]2[C@@H]3C[C@H](C)C4=CC(=O)C=C[C@]4(C)[C@@]3(F)[C@@H](O)C[C@@]21C,1,418.51,3.49,80.67,1,5,2,0
heroin,CC(=O)Oc1ccc2c3c1O[C@H]1[C@@H](OC(C)=O)C=C[C@H]4[C@@H](C2)N(C)CC[C@@]341,1,369.42,1.99,65.07,0,6,2,1
acetylsalicylate,CC(=O)Oc1ccccc1C(=O)O,1,180.16,1.31,63.6,1,3,2,1
acetorphan/racecadotril/ecadotril,CC(=O)SCC(Cc1ccccc1)C(=O)NCC(=O)OCc1ccccc1,1,385.49,2.98,72.47,1,5,9,2
Spironolactone,CC(=O)S[C@@H]1CC2=CC(=O)CC[C@]2(C)[C@H]2CC[C@@]3(C)[C@@H](CC[C@@]34CCC(=O)O4)[C@H]12,0,416.58,4.85,60.44,0,5,1,0
fluorometholone,CC(=O)[C@@]1(O)CC[C@H]2[C@@H]3C[C@H](C)C4=CC(=O)C=C[C@]4(C)[C@@]3(F)[C@@H](O)C[C@@]21C,1,376.47,2.92,74.6,2,4,1,0
doxibetasol,CC(=O)[C@@]1(O)[C@@H](C)C[C@H]2[C@@H]3CCC4=CC(=O)C=C[C@]4(C)[C@@]3(F)[C@@H](O)C[C@@]21C,1,376.47,2.92,74.6,2,4,1,0
descinolone(descinolone-acetonide),CC(=O)[C@@]1(O)[C@H](O)C[C@H]2[C@@H]3CCC4=CC(=O)C=C[C@]4(C)[C@@]3(F)[C@@H](O)C[C@@]21C,1,378.44,1.65,94.83,3,5,1,0
algestone,CC(=O)[C@@]1(O)[C@H](O)C[C@H]2[C@@H]3CCC4=CC(=O)CC[C@]4(C)[C@H]3CC[C@@]21C,1,346.47,2.81,74.6,2,4,1,0
progesterone,CC(=O)[C@H]1CC[C@H]2[C@@H]3CCC4=CC(=O)CC[C@]4(C)[C@H]3CC[C@]12C,0,314.47,4.72,34.14,0,2,1,0
pregnanolone,CC(=O)[C@H]1CC[C@H]2[C@@H]3CC[C@@H]4C[C@H](O)CC[C@]4(C)[C@H]3CC[C@]12C,1,318.5,4.6,37.3,1,2,1,0
alfaxalone/renanolone,CC(=O)[C@H]1CC[C@H]2[C@@H]3CC[C@H]4C[C@H](O)CC[C@]4(C)[C@H]3C(=O)C[C@]12C,1,332.48,3.77,54.37,1,3,1,0
ganaxolone,CC(=O)[C@H]1CC[C@H]2[C@@H]3CC[C@H]4C[C@](C)(O)CC[C@]4(C)[C@H]3CC[C@]12C,1,332.53,4.99,37.3,1,2,1,0
cyclopregnol,CC(=O)[C@H]1CC[C@H]2[C@@H]3C[C@@H](O)C45CC4CC[C@]5(C)[C@H]3CC[C@]12C,1,316.49,4.21,37.3,1,2,1,0
medrysone,CC(=O)[C@H]1CC[C@H]2[C@@H]3C[C@H](C)C4=CC(=O)CC[C@]4(C)[C@H]3[C@@H](O)C[C@]12C,1,344.5,3.94,54.37,1,3,1,0
amrubicin,CC(=O)[C@]1(N)Cc2c(O)c3c(c(O)c2[C@@H](O[C@H]2C[C@H](O)[C@H](O)CO2)C1)C(=O)c1ccccc1C3=O.[Cl-].[H+],0,519.93,-2.25,176.61,5,10,3,2
carubicin,CC(=O)[C@]1(O)Cc2c(O)c3c(c(O)c2C(OC2CC(N)C(O)C(C)O2)C1)C(=O)c1c(O)cccc1C3=O,0,513.5,0.73,196.84,6,11,3,2
idarubicin,CC(=O)[C@]1(O)Cc2c(O)c3c(c(O)c2[C@@H](O[C@H]2C[C@H](N)[C@H](O)[C@H](C)O2)C1)C(=O)c1ccccc1C3=O,0,497.5,1.02,176.61,5,10,3,2
cetophenicol/cetofenicol,CC(=O)c1ccc(C(O)C(CO)NC(=O)C(Cl)Cl)cc1,1,320.17,1.2,86.63,3,4,6,1
aceprometazine,CC(=O)c1ccc2c(c1)N(CC(C)N(C)C)c1ccccc1S2,1,326.46,4.44,23.55,0,4,4,2
acepromazine,CC(=O)c1ccc2c(c1)N(CCCN(C)C)c1ccccc1S2,1,326.46,4.44,23.55,0,4,5,2
piperacetazine,CC(=O)c1ccc2c(c1)N(CCCN1CCC(CCO)CC1)c1ccccc1S2,1,410.58,4.98,43.78,1,5,7,2
acetophenazine,CC(=O)c1ccc2c(c1)N(CCCN1CCN(CCO)CC1)c1ccccc1S2,1,411.57,3.49,47.02,1,6,7,2
Ketoprofen,CC(C(=O)O)c1cccc(C(=O)c2ccccc2)c1,1,254.28,3.11,54.37,1,2,4,2
metamfepramone,CC(C(=O)c1ccccc1)N(C)C,1,177.25,1.82,20.31,0,2,3,1
carebastine,CC(C)(C(=O)O)c1ccc(C(=O)CCCN2CCC(OC(c3ccccc3)c3ccccc3)CC2)cc1,0,499.65,6.28,66.84,1,4,11,3
fexofenadine,CC(C)(C(=O)O)c1ccc(C(O)CCCN2CCC(C(O)(c3ccccc3)c3ccccc3)CC2)cc1,0,501.67,5.51,81.0,3,4,10,3
pivagabine,CC(C)(C)C(=O)NCCCC(=O)O,1,187.24,1.01,66.4,2,2,4,0
pivoxazepam,CC(C)(C)C(=O)OC1N=C(c2ccccc2)c2cc(Cl)ccc2NC1=O,1,370.84,4.04,67.76,1,4,2,2
amdinocillinpivoxil,CC(C)(C)C(=O)OCOC(=O)C1N2C(=O)[C@@H](N=CN3CCCCCC3)[C@H]2SC1(C)C,0,439.58,2.41,88.51,0,7,5,0
pivampicillin,CC(C)(C)C(=O)OCOC(=O)[C@@H]1N2C(=O)[C@@H](NC(=O)[C@H](N)c3ccccc3)[C@H]2SC1(C)C,0,463.56,1.32,128.03,2,8,6,1
tixocortol-pivalate,CC(C)(C)C(=O)SCC(=O)[C@@]1(O)CC[C@H]2[C@@H]3CCC4=CC(=O)CC[C@]4(C)[C@H]3[C@@H](O)C[C@@]21C,1,462.65,4.1,91.67,2,6,3,0
stiripentol,CC(C)(C)C(O)/C=C/c1ccc2c(c1)OCO2,1,234.29,2.84,38.69,1,3,2,1
prednisolone-tebutate,CC(C)(C)CC(=O)OCC(=O)[C@@]1(O)CC[C@H]2[C@@H]3CCC4=CC(=O)C=C[C@]4(C)[C@H]3[C@@H](O)C[C@@]21C,1,458.6,3.54,100.9,2,6,4,0
triamcinolone-hexacetonide,CC(C)(C)CC(=O)OCC(=O)[C@@]12OC(C)(C)O[C@@H]1C[C@H]1[C@@H]3CCC4=CC(=O)C=C[C@]4(C)[C@@]3(F)[C@@H](O)C[C@@]12C,1,532.65,4.41,99.13,1,7,4,0
budipine,CC(C)(C)N1CCC(c2ccccc2)(c2ccccc2)CC1,1,293.45,4.87,3.24,0,1,2,2
24959,CC(C)(C)NC(=O)C1CC2CCCCC2CN1CC(O)C(Cc1ccccc1)NC(=O)C(CC(N)=O)NC(=O)c1ccc2ccccc2n1,1,670.86,3.09,166.75,5,7,12,3
Indinavir,CC(C)(C)NC(=O)[C@@H]1CN(Cc2cccnc2)CCN1C[C@@H](O)C[C@@H](Cc1ccccc1)C(=O)N[C@H]1c2ccccc2C[C@H]1O,1,613.8,2.87,118.03,4,7,11,3
Saquinavir,CC(C)(C)NC(=O)[C@@H]1C[C@@H]2CCCC[C@@H]2CN1C[C@@H](O)[C@H](Cc1ccccc1)NC(=O)[C@H](CC(N)=O)NC(=O)c1ccc2ccccc2n1,0,670.86,3.09,166.75,5,7,12,3
carteolol,CC(C)(C)NCC(O)COc1cccc2c1CCC(=O)N2,0,292.38,1.7,70.59,3,4,5,1
nadolol,CC(C)(C)NCC(O)COc1cccc2c1C[C@H](O)[C@H](O)C2,1,309.41,0.63,81.95,4,5,5,1
salbutamol,CC(C)(C)NCC(O)c1ccc(O)c(CO)c1,0,239.31,1.31,72.72,4,4,4,1
pirbuterol,CC(C)(C)NCC(O)c1ccc(O)c(CO)n1,0,240.3,0.7,85.61,4,5,4,1
carbuterol,CC(C)(C)NCC(O)c1ccc(O)c(NC(N)=O)c1,0,267.33,1.3,107.61,5,4,4,1
flerobuterol,CC(C)(C)NCC(O)c1ccccc1F,1,211.28,2.25,32.26,2,2,3,1
Terbutylchlorambucil,CC(C)(C)OC(=O)CCCc1ccc(N(CCCl)CCCl)cc1,1,360.33,4.64,29.54,0,3,9,1
Bretazenil,CC(C)(C)OC(=O)c1ncn2c1[C@@H]1CCCN1C(=O)c1c(Br)cccc1-2,1,418.29,3.88,64.43,0,4,1,2
butaclamol,CC(C)(C)[C@]1(O)CCN2C[C@H]3c4ccccc4CCc4cccc(c43)[C@@H]2C1.[Cl-].[H+],1,397.99,1.96,23.47,1,2,0,2
Ebastine,CC(C)(C)c1ccc(C(=O)CCCN2CCC(OC(c3ccccc3)c3ccccc3)CC2)cc1,0,469.67,7.22,29.54,0,3,9,3
terfenadine,CC(C)(C)c1ccc(C(O)CCCN2CCC(C(O)(c3ccccc3)c3ccccc3)CC2)cc1,0,471.69,6.45,43.7,2,3,8,3
buclizine,CC(C)(C)c1ccc(CN2CCN(C(c3ccccc3)c3ccc(Cl)cc3)CC2)cc1,1,433.04,6.54,6.48,0,2,5,3
hopantenic-acid,CC(C)(CO)[C@@H](O)C(=O)NCCCC(=O)O,1,233.26,-0.65,106.86,4,4,7,0
phenaglycodol,CC(C)(O)C(C)(O)c1ccc(Cl)cc1,1,214.69,2.32,40.46,2,2,2,1
metaglycodol,CC(C)(O)C(C)(O)c1cccc(Cl)c1,1,214.69,2.32,40.46,2,2,2,1
fenpentadiol,CC(C)(O)CC(C)(O)c1ccc(Cl)cc1,1,228.72,2.71,40.46,2,2,3,1
Ceftazidime,CC(C)(O/N=C(\C(=O)N[C@@H]1C(=O)N2C(C(=O)[O-])=C(C[n+]3ccccc3)CS[C@H]12)c1csc(N)n1)C(=O)O,1,546.59,-1.3,191.22,3,11,9,2
fibracillin,CC(C)(Oc1ccc(Cl)cc1)C(=O)N[C@@H](C(=O)N[C@@H]1C(=O)N2[C@@H]1SC(C)(C)[C@@H]2C(=O)O)c1ccccc1,0,546.05,2.99,125.04,3,6,8,2
clofibric acid,CC(C)(Oc1ccc(Cl)cc1)C(=O)O,0,214.65,2.58,46.53,1,2,3,1
isopropicillin,CC(C)(Oc1ccccc1)C(=O)N[C@@H]1C(=O)N2[C@@H]1SC(C)(C)[C@@H]2C(=O)O,0,378.45,1.48,95.94,2,5,5,1
pentazocine,CC(C)=CCN1CC[C@@]2(C)c3cc(O)ccc3C[C@@H]1[C@H]2C,1,285.43,3.88,23.47,1,2,2,1
nalmexone,CC(C)=CCN1CC[C@]23c4c5ccc(O)c4O[C@H]2C(=O)CC[C@@]3(O)[C@H]1C5,1,355.43,2.08,70.0,2,5,2,1
Propanone,CC(C)=O,1,58.08,0.6,17.07,0,1,0,0
ciclesonide,CC(C)C(=O)OCC(=O)[C@@]12O[C@H](C3CCCCC3)O[C@@H]1C[C@H]1[C@@H]3CCC4=CC(=O)C=C[C@]4(C)[C@H]3[C@@H](O)C[C@@]12C,1,540.7,4.7,99.13,1,7,5,0
tobicillin,CC(C)C(=O)OCc1cccc(OC(=O)[C@@H]2N3C(=O)[C@@H](NC(=O)Cc4ccccc4)[C@H]3SC2(C)C)c1,0,510.61,3.08,102.01,1,7,8,2
bromisoval,CC(C)C(Br)C(=O)NC(N)=O,1,223.07,0.6,72.19,2,2,2,0
zafuleptine,CC(C)C(CCCCCC(=O)O)NCc1ccc(F)cc1,1,295.4,3.98,49.33,2,2,10,1
cimepanol,CC(C)C(O)C1CCCCC1,1,156.27,2.58,20.23,1,1,2,0
promoxolane,CC(C)C1(C(C)C)OCC(CO)O1,1,188.27,1.4,38.69,1,3,3,0
valinomycin,CC(C)C1NC(=O)[C@@H](C(C)C)OC(=O)[C@H](C(C)C)NC(=O)[C@H](C)OC(=O)[C@@H](C(C)C)NC(=O)[C@@H](C(C)C)OC(=O)[C@H](C(C)C)NC(=O)[C@H](C)OC(=O)[C@@H](C(C)C)NC(=O)[C@@H](C(C)C)OC(=O)[C@H](C(C)C)NC(=O)[C@H](C)OC1=O,0,1111.34,2.34,332.4,6,18,9,0
sibutramine,CC(C)CC(N(C)C)C1(c2ccc(Cl)cc2)CCC1,1,279.86,4.74,3.24,0,1,5,1
furbucillin,CC(C)CC(OC(=O)c1ccco1)C(=O)N[C@@H]1C(=O)N2[C@@H]1SC(C)(C)[C@@H]2C(=O)O,0,424.48,1.48,126.15,2,7,7,1
gramicidin-s-2,CC(C)CC1NC(=O)C(CCCN)NC(=O)C(C(C)C)NC(=O)C2CCCN2C(=O)C(Cc2ccccc2)NC(=O)C(CC(C)C)NC(=O)C(CCCN)NC(=O)C(C(C)C)NC(=O)C2CCCN2C(=O)C(Cc2ccccc2)NC1=O,0,1141.47,1.23,325.46,10,12,16,2
pagoclone,CC(C)CCC(=O)CC1c2ccccc2C(=O)N1c1ccc2ccc(Cl)nc2n1,1,407.9,5.38,63.16,0,4,6,3
pentamoxane,CC(C)CCNCC1COc2ccccc2O1,1,235.33,2.46,30.49,1,3,5,1
amixetrine,CC(C)CCOC(CN1CCCC1)c1ccccc1,1,261.41,3.89,12.47,0,2,7,1
2-methylpropanol,CC(C)CO,1,74.12,0.63,20.23,1,1,1,0
bepridil,CC(C)COCC(CN(Cc1ccccc1)c1ccccc1)N1CCCC1,0,366.55,4.83,15.71,0,3,10,2
pregabalin,CC(C)C[C@H](CN)CC(=O)O,1,159.23,1.08,63.32,2,2,5,0
Bromocriptine,CC(C)C[C@H]1C(=O)N2CCC[C@H]2[C@]2(O)O[C@](NC(=O)[C@@H]3C=C4c5cccc6[nH]c(Br)c(c56)C[C@H]4N(C)C3)(C(C)C)C(=O)N12,0,654.61,3.19,118.21,3,6,5,2
ibuprofen,CC(C)Cc1ccc(C(C)C(=O)O)cc1,0,206.28,3.07,37.3,1,1,4,1
pramiracetam,CC(C)N(CCNC(=O)CN1CCCC1=O)C(C)C,1,269.39,0.84,52.65,1,3,7,0
lorcainide,CC(C)N1CCC(N(C(=O)Cc2ccccc2)c2ccc(Cl)cc2)CC1,1,370.92,4.79,23.55,0,2,5,2
Terconazole,CC(C)N1CCN(c2ccc(OC[C@H]3CO[C@](Cn4cncn4)(c4ccc(Cl)cc4Cl)O3)cc2)CC1,0,532.47,4.46,64.88,0,7,8,3
oxaflozane,CC(C)N1CCOC(c2ccc(C(F)(F)F)cc2)C1,1,273.3,3.49,12.47,0,2,2,1
Clofazimine,CC(C)N=c1cc2n(-c3ccc(Cl)cc3)c3ccccc3nc-2cc1Nc1ccc(Cl)cc1,0,473.41,7.49,42.21,1,3,4,3
carperone,CC(C)NC(=O)OC1CCN(CCCC(=O)c2ccc(F)cc2)CC1,1,350.43,3.39,58.64,1,4,7,1
Atenolol,CC(C)NCC(O)COc1ccc(CC(N)=O)cc1,0,266.34,0.45,84.58,3,4,8,1
Pindolol,CC(C)NCC(O)COc1cccc2[nH]ccc12,1,248.33,1.91,57.28,3,3,6,2
propranolol,CC(C)NCC(O)COc1cccc2ccccc12,0,259.35,2.58,41.49,2,3,6,2
Propanolol,CC(C)NCC(O)COc1cccc2ccccc12.[Cl],1,294.8,3.27,41.49,2,3,6,2
Sotalol,CC(C)NCC(O)c1ccc(NS(C)(=O)=O)cc1,1,272.37,1.09,78.43,3,4,6,1
Isoproterenol,CC(C)NCC(O)c1ccc(O)c(O)c1,0,211.26,1.13,72.72,4,4,4,1
iproclozide,CC(C)NNC(=O)COc1ccc(Cl)cc1,1,242.71,1.75,50.36,2,3,5,1
iproniazid,CC(C)NNC(=O)c1ccncc1,1,179.22,0.72,54.02,2,3,3,1
taltrimide,CC(C)NS(=O)(=O)CCN1C(=O)c2ccccc2C1=O,1,296.35,0.61,83.55,1,4,5,1
cilobamine,CC(C)N[C@H]1C2CCC(CC2)[C@]1(O)c1ccc(Cl)c(Cl)c1,1,328.28,4.37,32.26,2,2,3,1
Delavirdine,CC(C)Nc1cccnc1N1CCN(C(=O)c2cc3cc(NS(C)(=O)=O)ccc3[nH]2)CC1,0,456.57,2.72,110.43,3,6,6,3
2-propanol,CC(C)O,1,60.1,0.39,20.23,1,1,0,0
rociclovir,CC(C)OCC(COC(C)C)OCn1cnc2cnc(N)nc21,1,323.4,1.6,97.31,1,7,9,2
mazapertine,CC(C)Oc1ccccc1N1CCN(Cc2cccc(C(=O)N3CCCCC3)c2)CC1.O=C(O)CCC(=O)O,1,539.67,4.36,110.62,2,6,9,2
ICI197067,CC(C)[C@@H](CN1CCCC1)N(C)C(=O)Cc1ccc(Cl)c(Cl)c1,1,357.33,4.11,23.55,0,2,6,1
dexclamol,CC(C)[C@@]1(O)CCN2C[C@@H]3c4ccccc4CCc4cccc(c43)[C@H]2C1,1,347.5,4.45,23.47,1,2,1,2
valganciclovir(RS790702),CC(C)[C@H](N)C(=O)OCC(CO)OCn1cnc2c(=O)nc(N)[nH]c21,1,354.37,-1.44,171.37,4,9,8,2
valaciclovir,CC(C)[C@H](N)C(=O)OCCOCn1cnc2c(=O)nc(N)[nH]c21,1,324.34,-0.8,151.14,3,8,7,2
enkephalin,CC(C)[C@H](NC(=O)[C@H](Cc1ccccc1)NC(=O)CNC(=O)[C@@H](C)NC(=O)[C@@H](N)Cc1ccc(O)cc1)C(N)=O,0,554.65,-0.76,205.74,7,7,14,2
Propanthelinebromide,CC(C)[N+](C)(CCOC(=O)C1c2ccccc2Oc2ccccc21)C(C)C.[Br-],0,448.4,1.73,35.53,0,3,6,2
Ipratropiumbromide,CC(C)[N+]1(C)C2CCC1CC(OC(=O)C(CO)c1ccccc1)C2.[Br-],0,412.37,-0.14,46.53,1,3,5,1
propofol,CC(C)c1cccc(C(C)C)c1O,1,178.27,3.64,20.23,1,1,2,1
fenoxazoline,CC(C)c1ccccc1OCC1=NCCN1,0,218.3,2.19,33.62,1,3,4,1
33,CC(C)c1nc(-c2ncn3c2CN(C)C(=O)c2c(Cl)cccc2-3)no1,1,357.8,3.28,77.05,0,5,2,3
Ritonavir,CC(C)c1nc(CN(C)C(=O)N[C@H](C(=O)N[C@@H](Cc2ccccc2)C[C@H](O)[C@H](Cc2ccccc2)NC(=O)OCc2cncs2)C(C)C)cs1,0,720.96,5.91,145.78,4,9,17,4
fluvastatin,CC(C)n1c(/C=C/[C@@H](O)C[C@H](O)CC(=O)O)c(-c2ccc(F)cc2)c2ccccc21,1,411.47,4.63,82.69,3,3,8,3
panadiplon,CC(C)n1c(=O)c2c(-c3noc(C4CC4)n3)ncn2c2ccccc21,1,335.37,3.16,78.22,0,5,3,4
amesergide,CC(C)n1cc2c3c(cccc31)C1C[C@@H](C(=O)NC3CCCCC3)CN(C)C1C2,1,393.58,4.63,37.27,1,2,3,2
alozafone,CC(CC#N)N(C)CC(=O)N(C)c1ccc(Cl)cc1C(=O)c1ccccc1F,1,401.87,3.91,64.41,0,4,7,2
chlorhexadol/chloralodol,CC(CC(C)(C)O)OC(O)C(Cl)(Cl)Cl,1,265.56,2.24,49.69,2,3,4,0
butriptyline,CC(CC1c2ccccc2CCc2ccccc21)CN(C)C,1,293.45,4.5,3.24,0,1,4,2
niaprazine,CC(CCN1CCN(c2ccc(F)cc2)CC1)NC(=O)c1cccnc1,1,356.45,2.55,48.47,1,4,6,2
nylidrin,CC(CCc1ccccc1)NC(C)C(O)c1ccc(O)cc1,0,299.41,3.43,52.49,3,3,7,2
labetalol,CC(CCc1ccccc1)NCC(O)c1ccc(O)c(C(N)=O)c1,0,328.41,2.14,95.58,4,4,8,2
trimipramine,CC(CN(C)C)CN1c2ccccc2CCc2ccccc21,1,294.44,4.12,6.48,0,2,4,2
oxomemazine,CC(CN(C)C)CN1c2ccccc2S(=O)(=O)c2ccccc21,1,330.45,3.17,40.62,0,4,4,2
cyamemazine,CC(CN(C)C)CN1c2ccccc2Sc2ccc(C#N)cc21,1,323.47,4.36,30.27,0,4,4,2
trifluomeprazine,CC(CN(C)C)CN1c2ccccc2Sc2ccc(C(F)(F)F)cc21,1,366.45,5.51,6.48,0,3,4,2
alimemazine,CC(CN(C)C)CN1c2ccccc2Sc2ccccc21,1,298.46,4.49,6.48,0,3,4,2
mecloxamine,CC(CN(C)C)OC(C)(c1ccccc1)c1ccc(Cl)cc1,0,317.86,4.57,12.47,0,2,6,2
propizepine,CC(CN1C(=O)c2cccnc2Nc2ccccc21)N(C)C,1,296.37,2.74,48.47,1,4,3,2
dixyrazine,CC(CN1CCN(CCOCCO)CC1)CN1c2ccccc2Sc2ccccc21,1,427.61,3.55,39.18,1,6,9,2
dextromoramide(levomoramideandracemoramide),CC(CN1CCOCC1)C(C(=O)N1CCCC1)(c1ccccc1)c1ccccc1,1,392.54,3.56,32.78,0,3,6,2
promethazine-HCl,CC(CN1c2ccccc2Sc2ccccc21)N(C)C,1,284.43,4.24,6.48,0,3,3,2
triamcinolone-benetonide,CC(CNC(=O)c1ccccc1)C(=O)OCC(=O)[C@@]12OC(C)(C)O[C@@H]1C[C@H]1[C@@H]3CCC4=CC(=O)C=C[C@]4(C)[C@@]3(F)[C@@H](O)C[C@@]12C,1,623.72,4.04,128.23,2,8,7,1
phenoxybenzamine,CC(COc1ccccc1)N(CCCl)Cc1ccccc1,0,303.83,4.19,12.47,0,2,8,2
phenoxypropazine(fenoxypropazine),CC(COc1ccccc1)NN,1,166.22,0.92,47.28,2,3,4,1
Bethanechol,CC(C[N+](C)(C)C)OC(N)=O.[Cl-],0,196.68,-2.82,52.32,1,2,3,0
fenoterol,CC(Cc1ccc(O)cc1)NCC(O)c1cc(O)cc(O)c1,0,303.36,2.06,92.95,5,5,6,2
remacemide,CC(Cc1ccccc1)(NC(=O)CN)c1ccccc1,1,268.36,2.22,55.12,2,2,5,2
dimethylamphetamine(dimethamphetamine),CC(Cc1ccccc1)N(C)C,1,163.26,2.18,3.24,0,1,3,1
benzphetamine(benzfetamine),CC(Cc1ccccc1)N(C)Cc1ccccc1,1,239.36,3.75,3.24,0,1,5,2
furfenorex,CC(Cc1ccccc1)N(C)Cc1ccco1,1,229.32,3.34,16.38,0,2,5,2
amfetaminil,CC(Cc1ccccc1)NC(C#N)c1ccccc1,1,250.34,3.47,35.82,1,2,5,2
tixadil,CC(Cc1ccccc1)NCCC1c2ccccc2Sc2ccccc21,1,359.54,5.89,12.03,1,2,6,3
fenetylline,CC(Cc1ccccc1)NCCn1cnc2c1c(=O)n(C)c(=O)n2C.[Cl-].[H+],1,377.88,-2.23,73.85,1,4,6,3
pheniprazine,CC(Cc1ccccc1)NN,1,150.22,1.08,38.05,2,2,3,1
hydroxyamphetamine,CC(Cc1ccccc1)NO,0,151.21,1.6,32.26,2,2,3,1
oxifentorex,CC(Cc1ccccc1)[N+](C)([O-])Cc1ccccc1,1,255.36,3.76,23.06,0,1,5,2
mesocarb,CC(Cc1ccccc1)n1cc([N-]C(=O)Nc2ccccc2)[o+]n1,1,322.37,4.8,72.32,1,2,5,3
111-trichloroethane,CC(Cl)(Cl)Cl,1,133.41,2.38,0.0,0,0,0,0
alaproclate,CC(N)C(=O)OC(C)(C)Cc1ccc(Cl)cc1,1,255.74,2.55,52.32,1,3,4,1
amphetamine,CC(N)Cc1ccccc1,1,135.21,1.58,26.02,1,1,2,1
bupropion,CC(NC(C)(C)C)C(=O)c1cccc(Cl)c1,1,239.75,3.3,29.1,1,2,3,1
cafedrine,CC(NCCn1cnc2c1c(=O)n(C)c(=O)n2C)C(O)c1ccccc1,1,357.41,0.15,94.08,2,5,6,3
mebanazine,CC(NN)c1ccccc1,1,136.2,1.21,38.05,2,2,2,1
benmoxin,CC(NNC(=O)c1ccccc1)c1ccccc1,1,240.31,2.68,41.13,2,2,4,2
proxyphylline,CC(O)Cn1cnc2c1c(=O)n(C)c(=O)n2C,1,238.25,-1.19,82.05,1,4,2,2
pentabamate,CC(OC(N)=O)C(C)C(C)OC(N)=O,1,204.23,0.59,104.64,2,4,4,0
naprodoxime,CC(Oc1cccc2ccccc12)/C(N)=N/O,1,230.27,2.35,67.84,2,3,3,2
phenethicillin,CC(Oc1ccccc1)C(=O)NC1C(=O)N2C1SC(C)(C)C2C(=O)O,0,364.42,1.09,95.94,2,5,5,1
zoniclezole,CC(c1noc2ccc(Cl)cc12)n1ccnc1,1,247.69,3.29,43.85,0,3,2,3
Diethylstilbestrol,CC/C(=C(/CC)c1ccc(O)cc1)c1ccc(O)cc1,0,268.36,4.83,40.46,2,2,4,2
Tamoxifen,CC/C(=C(\c1ccccc1)c1ccc(OCCN(C)C)cc1)c1ccccc1,1,371.52,6.0,12.47,0,2,8,3
cefcapene,CC/C=C(\C(=O)N[C@@H]1C(=O)N2C(C(=O)O)=C(COC(N)=O)CS[C@H]12)c1csc(N)n1,0,453.5,0.35,177.94,4,9,7,1
vinbarbital,CC/C=C(\C)C1(CC)C(=O)NC(=O)NC1=O,1,224.26,1.11,75.27,2,3,3,0
gepirone,CC1(C)CC(=O)N(CCCCN2CCN(c3ncccn3)CC2)C(=O)C1.[Cl-].[H+],1,395.94,-1.33,69.64,0,6,6,1
BRL53087,CC1(C)CCN(C(=O)Cc2ccc(Cl)c(Cl)c2)[C@@H](CN2CCCC2)C1,1,383.36,4.65,23.55,0,2,4,1
zetidoline,CC1(C)CN(CCN2CCN(c3cccc(Cl)c3)C2=O)C1,1,307.83,2.92,26.79,0,2,4,1
methastyridone,CC1(C)NC(=O)C(/C=C/c2ccccc2)O1,1,217.27,1.95,38.33,1,2,2,1
dimethadione,CC1(C)OC(=O)NC1=O,1,129.12,0.03,55.4,1,3,0,0
brofoxine,CC1(C)OC(=O)Nc2ccc(Br)cc21,1,256.1,3.25,38.33,1,2,0,1
flucloronide(fluclorolone-acetonide),CC1(C)O[C@@H]2CC3C4C[C@H](F)C5=CC(=O)C=CC5(C)[C@@]4(Cl)C(Cl)CC3(C)[C@]2(C(=O)CO)O1,1,487.4,3.88,72.83,1,5,2,0
tralonide,CC1(C)O[C@@H]2CC3C4C[C@H](F)C5=CC(=O)C=CC5(C)[C@@]4(Cl)[C@@H](Cl)CC3(C)[C@]2(C(=O)CF)O1,1,489.39,4.86,52.6,0,4,2,0
flunisolide,CC1(C)O[C@@H]2CC3[C@@H]4C[C@H](F)C5=CC(=O)C=CC5(C)[C@H]4[C@@H](O)C[C@]3(C)[C@]2(C(=O)CO)O1.CC1(C)O[C@@H]2CC3[C@@H]4C[C@H](F)C5=CC(=O)C=CC5(C)[C@H]4[C@@H](O)C[C@]3(C)[C@]2(C(=O)CO)O1.O,1,887.02,3.72,217.62,4,12,4,0
desonide,CC1(C)O[C@@H]2C[C@H]3C4CCC5=CC(=O)C=CC5(C)[C@H]4C(O)CC3(C)[C@]2(C(=O)CO)O1,1,416.51,2.33,93.06,2,6,2,0
drocinonide,CC1(C)O[C@@H]2C[C@H]3C4CCC5CC(=O)CCC5(C)[C@@]4(F)[C@@H](O)CC3(C)[C@]2(C(=O)CO)O1,1,438.54,2.72,93.06,2,6,2,0
triclonide,CC1(C)O[C@@H]2C[C@H]3C4C[C@H](F)C5=CC(=O)C=CC5(C)[C@@]4(Cl)[C@@H](Cl)CC3(C)[C@]2(C(=O)CCl)O1,1,505.84,5.13,52.6,0,4,2,0
ciprocinonide,CC1(C)O[C@@H]2C[C@H]3C4C[C@H](F)C5=CC(=O)C=C[C@]5(C)[C@@]4(F)[C@@H](O)C[C@]3(C)[C@]2(C(=O)COC(=O)C2CC2)O1,1,520.57,3.33,99.13,1,7,4,0
triamcinolone-acetonide,CC1(C)O[C@@H]2C[C@H]3[C@@H]4CCC5=CC(=O)C=C[C@]5(C)[C@@]4(F)[C@@H](O)C[C@]3(C)[C@]2(C(=O)CO)O1,1,434.5,2.42,93.06,2,6,2,0
triamcinolone-furetonide,CC1(C)O[C@@H]2C[C@H]3[C@@H]4CCC5=CC(=O)C=C[C@]5(C)[C@@]4(F)[C@@H](O)C[C@]3(C)[C@]2(C(=O)COC(=O)c2cc3ccccc3o2)O1,1,578.63,5.03,112.27,1,8,4,2
halcinonide,CC1(C)O[C@@H]2C[C@H]3[C@@H]4CCC5=CC(=O)CC[C@]5(C)[C@@]4(F)[C@@H](O)C[C@]3(C)[C@]2(C(=O)CCl)O1,1,454.97,3.89,72.83,1,5,2,0
fluocinolone-acetonide,CC1(C)O[C@@H]2C[C@H]3[C@@H]4C[C@H](F)C5=CC(=O)C=C[C@]5(C)[C@@]4(F)[C@@H](O)C[C@]3(C)[C@]2(C(=O)CO)O1,1,452.49,2.37,93.06,2,6,2,0
flurandrenolide(fludroxycortide),CC1(C)O[C@@H]2C[C@H]3[C@@H]4C[C@H](F)C5=CC(=O)CC[C@]5(C)[C@H]4[C@@H](O)C[C@]3(C)[C@]2(C(=O)CO)O1,1,436.52,2.5,93.06,2,6,2,0
topiramate,CC1(C)O[C@@H]2[C@@H](CO[C@@]3(COS(N)(=O)=O)OC(C)(C)O[C@@H]23)O1,1,339.37,-0.4,115.54,1,8,3,0
pirbenicillin,CC1(C)SC2C(N(C(=N)c3ccncc3)[C@H](C(=O)NC(=O)CN)c3ccccc3)C(=O)N2C1C(=O)O,0,510.58,0.57,169.78,4,8,7,2
thiphencillin,CC1(C)SC2C(NC(=O)CSc3ccccc3)C(=O)N2C1C(=O)O,0,366.46,1.41,86.71,2,5,5,1
penicillin,CC1(C)SC2C(NC(=O)Cc3ccccc3)C(=O)N2C1C(=O)O.[Na],0,357.39,0.48,86.71,2,4,4,1
apalcillin,CC1(C)S[C@@H]2C(NC(=O)[C@H](NC(=O)c3c[nH]c4cccnc4c3=O)c3ccccc3)C(=O)N2[C@H]1C(=O)O,0,521.56,1.03,161.56,4,7,6,3
hetacillin,CC1(C)S[C@@H]2[C@H](N3C(=O)[C@@H](c4ccccc4)NC3(C)C)C(=O)N2[C@H]1C(=O)O,0,389.48,1.41,89.95,2,5,3,1
mecillinam,CC1(C)S[C@@H]2[C@H](N=CN3CCCCCC3)C(=O)N2[C@H]1C(=O)O,0,325.43,1.41,73.21,1,4,3,0
carbenicillin,CC1(C)S[C@@H]2[C@H](NC(=O)C(C(=O)O)c3ccccc3)C(=O)N2[C@H]1C(=O)O,0,378.41,0.49,124.01,3,5,5,1
carindacillin,CC1(C)S[C@@H]2[C@H](NC(=O)C(C(=O)Oc3ccc4c(c3)CCC4)c3ccccc3)C(=O)N2[C@H]1C(=O)O,0,494.57,2.5,113.01,2,6,6,2
carfecillin,CC1(C)S[C@@H]2[C@H](NC(=O)C(C(=O)Oc3ccccc3)c3ccccc3)C(=O)N2[C@H]1C(=O)O,0,454.5,2.01,113.01,2,6,6,2
fenbenicillin,CC1(C)S[C@@H]2[C@H](NC(=O)C(Oc3ccccc3)c3ccccc3)C(=O)N2[C@H]1C(=O)O,0,426.49,2.44,95.94,2,5,6,2
sulbenicillin,CC1(C)S[C@@H]2[C@H](NC(=O)C(c3ccccc3)S(=O)(=O)O)C(=O)N2[C@H]1C(=O)O,0,414.46,0.25,141.08,3,6,5,1
cyclacillin,CC1(C)S[C@@H]2[C@H](NC(=O)C3(N)CCCCC3)C(=O)N2[C@H]1C(=O)O,0,341.43,0.28,112.73,3,5,3,0
amantocillin,CC1(C)S[C@@H]2[C@H](NC(=O)C34C[C@@H]5C[C@@H](CC(N)(C5)C3)C4)C(=O)N2[C@H]1C(=O)O,0,393.51,0.92,112.73,3,5,3,0
adicillin,CC1(C)S[C@@H]2[C@H](NC(=O)CCC[C@@H](N)C(=O)O)C(=O)N2[C@H]1C(=O)O,0,359.4,-0.8,150.03,4,6,7,0
Phenoxymethylpenicillin,CC1(C)S[C@@H]2[C@H](NC(=O)COc3ccccc3)C(=O)N2[C@H]1C(=O)[O-],0,349.39,-0.64,98.77,1,6,5,1
penicillin G,CC1(C)S[C@@H]2[C@H](NC(=O)Cc3ccccc3)C(=O)N2[C@H]1C(=O)O,0,334.4,0.86,86.71,2,4,4,1
fumoxicillin,CC1(C)S[C@@H]2[C@H](NC(=O)[C@@H](N=Cc3ccco3)c3ccc(O)cc3)C(=O)N2[C@H]1C(=O)O,0,443.48,1.78,132.44,3,7,6,2
Ticarcillin,CC1(C)S[C@@H]2[C@H](NC(=O)[C@H](C(=O)[O-])c3ccsc3)C(=O)N2[C@H]1C(=O)[O-].[Na+].[Na+],1,428.4,-8.11,129.67,1,8,5,1
epicillin,CC1(C)S[C@@H]2[C@H](NC(=O)[C@H](N)C3=CCC=CC3)C(=O)N2[C@H]1C(=O)O,0,351.43,0.22,112.73,3,5,4,0
amoxicillin,CC1(C)S[C@@H]2[C@H](NC(=O)[C@H](N)c3ccc(O)cc3)C(=O)N2[C@H]1C(=O)O.O.O.O,0,419.46,-2.45,227.46,4,6,4,1
ampicillin,CC1(C)S[C@@H]2[C@H](NC(=O)[C@H](N)c3ccccc3)C(=O)N2[C@H]1C(=O)O,0,349.41,0.32,112.73,3,5,4,1
sultamicillin,CC1(C)S[C@@H]2[C@H](NC(=O)[C@H](N)c3ccccc3)C(=O)N2[C@H]1C(=O)O.CC1(C)[C@H](C(=O)O)N2C(=O)C[C@H]2S1(=O)=O,0,582.66,-0.48,204.48,4,9,5,1
talampicillin,CC1(C)S[C@@H]2[C@H](NC(=O)[C@H](N)c3ccccc3)C(=O)N2[C@H]1C(=O)OC1OC(=O)c2ccccc21,0,481.53,1.65,128.03,2,8,5,2
rotamicillin,CC1(C)S[C@@H]2[C@H](NC(=O)[C@H](NC(=O)Cc3ccc(C4=NCCCN4)cc3)c3ccccc3)C(=O)N2[C@H]1C(=O)O,0,549.65,1.46,140.2,4,7,8,2
mezlocillin,CC1(C)S[C@@H]2[C@H](NC(=O)[C@H](NC(=O)N3CCN(S(C)(=O)=O)C3=O)c3ccccc3)C(=O)N2[C@H]1C(=O)O,0,539.59,-0.23,173.5,3,8,6,1
piroxicillin,CC1(C)S[C@@H]2[C@H](NC(=O)[C@H](NC(=O)Nc3cnc(Nc4ccc(S(N)(=O)=O)cc4)[nH]c3=O)c3ccc(O)cc3)C(=O)N2[C@H]1C(=O)O,0,672.7,0.36,266.01,8,11,9,3
piridicillin,CC1(C)S[C@@H]2[C@H](NC(=O)[C@H](NC(=O)c3ccc(-c4ccc(S(=O)(=O)N(CCO)CCO)cc4)[nH]c3=O)c3ccc(O)cc3)C(=O)N2[C@H]1C(=O)[O-].[Na+],0,751.77,-4.51,249.57,6,12,13,3
suncillin,CC1(C)S[C@@H]2[C@H](NC(=O)[C@H](NS(=O)(=O)[O-])c3ccccc3)C(=O)N2[C@H]1C(=O)[O-].[Na+].[Na+],0,473.44,-7.92,158.77,2,8,6,1
quinacillin,CC1(C)S[C@@H]2[C@H](NC(=O)c3nc4ccccc4nc3C(=O)O)C(=O)N2[C@H]1C(=O)O,0,416.42,0.57,149.79,3,7,4,2
oxetacillin,CC1(C)S[C@@H]2[C@H]([NH+]3C(=O)C(c4ccc(O)cc4)NC3(C)C)C(=O)N2[C@H]1C(=O)O,0,406.48,-0.3,111.38,4,6,3,1
tigemonam,CC1(C)[C@H](NC(=O)/C(=N\OCC(=O)O)c2csc(N)n2)C(=O)N1OS(=O)(=O)O,0,437.41,-1.63,210.81,4,11,8,1
morsuximide,CC1(c2ccccc2)CC(=O)N(CN2CCOCC2)C1=O,1,288.35,0.99,49.85,0,4,3,1
isoflupredone,CC12C=CC(=O)C=C1CCC1C3CCC(O)(C(=O)CO)C3(C)CC(O)C12F,1,378.44,1.65,94.83,3,5,2,0
dichlorisone,CC12C=CC(=O)C=C1CCC1C3CC[C@](O)(C(=O)CO)C3(C)CC(Cl)[C@@]12Cl,1,413.34,3.17,74.6,2,4,2,0
alfadolone,CC12CC(=O)[C@H]3C(CC[C@H]4C[C@H](O)CCC43C)[C@@H]1CCC2C(=O)CO,1,348.48,2.75,74.6,2,4,2,0
memantine,CC12CC3CC(C)(C1)CC(N)(C3)C2,1,179.31,2.69,26.02,1,1,0,0
hydrocortisone-valerate,CC12CCC(=O)C=C1CCC1C2C(O)CC2(C)C1CCC2(O)C(=O)COC(=O)CCC1CCCC1,1,486.65,4.3,100.9,2,6,6,0
cortexolone(cortodoxonecortifen),CC12CCC(=O)C=C1CCC1C2CCC2(C)C1CCC2(O)C(=O)CO,1,346.47,2.81,74.6,2,4,2,0
camphor,CC12CCC(CC1=O)C2(C)C,1,152.24,2.4,17.07,0,1,0,0
dezocine,CC12CCCCCC(Cc3ccc(O)cc31)C2N,1,245.37,3.11,46.25,2,2,0,1
amcinafide,CC12C[C@H](O)[C@@]3(F)C(CCC4=CC(=O)C=CC43C)[C@@H]1C[C@H]1O[C@@](C)(c3ccccc3)O[C@]12C(=O)CO,1,496.58,3.56,93.06,2,6,3,1
dizocilpine(MK-801),CC12NC(Cc3ccccc31)c1ccccc12,1,221.3,3.15,12.03,1,1,0,2
cefrotil,CC1=C(C(=O)O)N2C(=O)[C@@H](NC(=O)Cc3ccc(C4=NCCCN4)cc3)[C@H]2SC1,0,414.49,0.73,111.1,3,6,5,1
Cefradine,CC1=C(C(=O)O)N2C(=O)[C@@H](NC(=O)[C@H](N)C3=CCC=CC3)[C@H]2SC1,0,349.41,0.35,112.73,3,5,4,0
cefedrolor,CC1=C(C(=O)O)N2C(=O)[C@@H](NC(=O)[C@H](N)c3ccc(O)c(Cl)c3)[C@H]2SC1,0,397.84,0.8,132.96,4,6,4,1
cefadroxil,CC1=C(C(=O)O)N2C(=O)[C@@H](NC(=O)[C@H](N)c3ccc(O)cc3)[C@H]2SC1,0,363.4,0.15,132.96,4,6,4,1
cefsumide,CC1=C(C(=O)O)N2C(=O)[C@@H](NC(=O)[C@H](N)c3cccc(NS(C)(=O)=O)c3)[C@H]2SC1,0,440.5,-0.18,158.9,4,7,6,1
cefalexin,CC1=C(C(=O)O)N2C(=O)[C@@H](NC(=O)[C@H](N)c3ccccc3)[C@H]2SC1,0,347.4,0.44,112.73,3,5,4,1
virginiamycin-factor-m1,CC1=C/C(O)CC(=O)Cc2nc(co2)C(=O)N2CCC=C2C(=O)OC(C(C)C)C(C)/C=C\C(=O)NC/C=C\1,0,525.6,2.66,139.04,2,8,1,1
zometapine,CC1=C2C(c3cccc(Cl)c3)=NCCN=C2N(C)N1,1,274.75,2.27,39.99,1,4,1,1
moxiraprine,CC1=CC(=C2C=CC(=O)C=C2)NN=C1NCCN1CCOCC1,1,314.39,0.72,65.96,2,6,3,0
ketazolam,CC1=CC(=O)N2CC(=O)N(C)c3ccc(Cl)cc3C2(c2ccccc2)O1,1,368.82,3.28,49.85,0,3,1,2
methyldesorphine,CC1=CCC2C3Cc4ccc(O)c5c4C2(CCN3C)C1O5,1,283.37,2.62,32.7,1,3,0,1
cortisuzol,CC1=C[C@@H]2[C@H]([C@@H](O)C[C@@]3(C)[C@H]2C[C@@H](C)[C@]3(O)C(=O)COC(=O)c2cccc(S(=O)(=O)O)c2)[C@@]2(C)Cc3cnn(-c4ccccc4)c3C=C12,1,672.8,4.84,156.02,3,8,6,3
edaravone,CC1=NN(c2ccccc2)C(=O)C1,1,174.2,1.8,32.67,0,2,1,1
dazepinil,CC1=Nc2ccccc2CC(c2ccccc2)N1C,1,250.34,3.97,15.6,0,2,1,2
metazocine,CC1C2Cc3ccc(O)cc3C1(C)CCN2C,1,231.34,2.55,23.47,1,2,0,1
cyclazocine,CC1C2Cc3ccc(O)cc3C1(C)CCN2CC1CC1,1,271.4,3.33,23.47,1,2,2,1
phenazocine,CC1C2Cc3ccc(O)cc3C1(C)CCN2CCc1ccccc1,1,321.46,4.16,23.47,1,2,3,2
crilvastatin,CC1CC(OC(=O)C2CCC(=O)N2)CC(C)(C)C1,1,253.34,2.02,55.4,1,3,2,0
cormetasone,CC1CC2C3CC(F)(F)C4=CC(=O)C=C[C@]4(C)C3(F)C(O)CC2(C)C1(O)C(=O)CO,1,428.45,2.14,94.83,3,5,2,0
ulobetasol,CC1CC2C3CC(F)C4=CC(=O)C=CC4(C)C3(F)C(O)CC2(C)C1(O)C(=O)CCl,1,428.9,3.09,74.6,2,4,2,0
fluticasone,CC1CC2C3CC(F)C4=CC(=O)C=CC4(C)C3(F)C(O)CC2(C)C1(O)C(=O)SCF,1,444.52,3.47,74.6,2,5,2,0
clobetasol,CC1CC2C3CCC4=CC(=O)C=CC4(C)[C@@]3(F)C(O)CC2(C)[C@@]1(O)C(=O)CCl,1,410.91,3.14,74.6,2,4,2,0
Methylcyclopentane,CC1CCCC1,1,84.16,2.2,0.0,0,0,0,0
melperone,CC1CCN(CCCC(=O)c2ccc(F)cc2)CC1,1,263.36,3.52,20.31,0,2,5,1
naranol,CC1CN(C)CC2Cc3c(ccc4ccccc34)OC12O,1,283.37,2.66,32.7,1,3,0,2
rimcazole,CC1CN(CCCn2c3ccccc3c3ccccc32)CC(C)N1,1,321.47,3.87,20.2,1,2,4,3
mexazolam,CC1COC2(c3ccccc3Cl)c3cc(Cl)ccc3NC(=O)CN12,1,363.24,3.87,41.57,1,3,1,2
40730,CC1COc2c(N3CCN(C)CC3)c(F)cc3c(=O)c(C(=O)O)cn1c23,1,361.37,1.54,75.01,1,5,2,2
pristinamycin-ic,CC1NC(=O)C(NC(=O)c2ncccc2O)C(C)OC(=O)C(c2ccccc2)NC(=O)C2CC(=O)CCN2C(=O)C(Cc2ccc(N(C)C)cc2)N(C)C(=O)C2CCCN2C1=O,0,852.95,0.88,227.96,4,12,6,3
fenmetramide,CC1NC(=O)COC1c1ccccc1,1,191.23,1.26,38.33,1,2,1,1
phenmetrazine,CC1NCCOC1c1ccccc1,1,177.25,1.74,21.26,1,2,1,1
paraldehyde,CC1OC(C)OC(C)O1,1,132.16,1.09,27.69,0,3,0,0
medorubicin,CC1OC(OC2CC(O)(C(=O)CO)Cc3c(O)c4c(c(O)c32)C(=O)c2ccccc2C4=O)CC(N)C1O,0,513.5,-0.01,196.84,6,11,4,2
proscillaridin,CC1OC(O[C@@H]2C=C3CC[C@@H]4[C@H](CC[C@]5(C)[C@@H](c6ccc(=O)oc6)CC[C@]45O)[C@@]3(C)CC2)C(O)C(O)C1O,0,530.66,3.01,129.59,4,8,3,1
enilospirone,CC1OC2(CCCCC2Oc2cccc(Cl)c2)NC1=O,1,295.77,2.89,47.56,1,3,2,1
trebenzomine,CC1Oc2ccccc2CC1N(C)C,1,191.27,1.94,12.47,0,2,1,1
ketazocine,CC1[C@H]2C(=O)c3ccc(O)cc3[C@]1(C)CCN2CC1CC1,1,285.39,2.97,40.54,1,3,2,1
cyclosporina,CC=CCC(C)C(O)C1C(=O)NC(CC)C(=O)N(C)CC(=O)N(C)C(CC(C)C)C(=O)NC(C(C)C)C(=O)N(C)C(CC(C)C)C(=O)NC(C)C(=O)NC(C)C(=O)N(C)C(CC(C)C)C(=O)N(C)C(CC(C)C)C(=O)N(C)C(C(C)C)C(=O)N1C,0,1202.63,3.27,278.8,5,12,15,0
methadone,CCC(=O)C(CC(C)N(C)C)(c1ccccc1)c1ccccc1,1,309.45,4.29,20.31,0,2,7,2
normethadone,CCC(=O)C(CCN(C)C)(c1ccccc1)c1ccccc1,1,295.43,3.9,20.31,0,2,7,2
isomethadone,CCC(=O)C(c1ccccc1)(c1ccccc1)C(C)CN(C)C,1,309.45,4.15,20.31,0,2,7,2
propyperone,CCC(=O)C1(N2CCCCC2)CCN(CCCC(=O)c2ccc(F)cc2)CC1,1,388.53,4.09,40.62,0,4,8,1
resocortol,CCC(=O)C1(O)CCC2C3CCC4=CC(=O)CCC4(C)C3C(O)CC21C,1,360.49,3.2,74.6,2,4,2,0
ketobemidone,CCC(=O)C1(c2cccc(O)c2)CCN(C)CC1,1,247.34,2.33,40.54,1,3,3,1
eclanamine,CCC(=O)N(c1ccc(Cl)c(Cl)c1)[C@@H]1CCC[C@H]1N(C)C,1,329.27,4.22,23.55,0,2,4,1
remifentanil,CCC(=O)N(c1ccccc1)C1(C(=O)OC)CCN(CCC(=O)OC)CC1,1,376.45,2.0,76.15,0,6,7,1
carfentanil,CCC(=O)N(c1ccccc1)C1(C(=O)OC)CCN(CCc2ccccc2)CC1,1,394.52,3.68,49.85,0,4,7,2
sufentanil,CCC(=O)N(c1ccccc1)C1(COC)CCN(CCc2cccs2)CC1,1,386.56,4.21,32.78,0,4,8,2
alfentanil,CCC(=O)N(c1ccccc1)C1(COC)CCN(CCn2nnn(CC)c2=O)CC1,1,416.53,1.38,85.49,0,6,9,2
fentanyl,CCC(=O)N(c1ccccc1)C1CCN(CCc2ccccc2)CC1,1,336.48,4.14,23.55,0,2,6,2
lofentanil,CCC(=O)N(c1ccccc1)[C@]1(C(=O)OC)CCN(CCc2ccccc2)C[C@@H]1C,1,408.54,3.93,49.85,0,4,7,2
trefentanil,CCC(=O)N(c1ccccc1F)C1(c2ccccc2)CCN(CCn2nnn(CC)c2=O)CC1.[Cl-].[H+],1,503.02,0.15,76.26,0,5,8,3
suproclone,CCC(=O)N1CCN(C(=O)OC2C3=C(SCCS3)C(=O)N2c2ccc3ccc(Cl)nc3n2)CC1,1,520.04,3.34,95.94,0,8,3,2
parapropamol,CCC(=O)Nc1ccc(O)cc1,1,165.19,1.74,49.33,2,2,2,1
alphaprodine(betaprodine),CCC(=O)OC1(c2ccccc2)CCN(C)CC1C,1,261.36,2.81,29.54,0,3,3,1
midecamycin,CCC(=O)OC1CC(=O)OC(C)C/C=C/C=C\C(O)C(C)CC(CC=O)C(O[C@@H]2O[C@H](C)[C@@H](O[C@H]3C[C@@](C)(O)[C@H](OC(=O)CC)[C@@H](C)O3)[C@H](N(C)C)[C@H]2O)C1OC,0,813.98,2.77,206.05,3,16,12,0
beclomethasonedipropionate(beclometasone-dipropionate),CCC(=O)OCC(=O)[C@@]1(OC(=O)CC)[C@@H](C)C[C@H]2[C@@H]3CCC4=CC(=O)C=C[C@]4(C)[C@@]3(Cl)[C@@H](O)C[C@@]21C,1,521.05,4.09,106.97,1,7,6,0
betamethasone-valerate,CCC(=O)OCC(=O)[C@@]1(OC(=O)CC)[C@@H](C)C[C@H]2[C@@H]3CCC4=CC(=O)C=C[C@]4(C)[C@@]3(F)[C@@H](O)C[C@@]21C,1,504.6,3.82,106.97,1,7,6,0
alclometasone-dipropionate,CCC(=O)OCC(=O)[C@@]1(OC(=O)CC)[C@H](C)C[C@H]2[C@H]3[C@H]([C@@H](O)C[C@@]21C)[C@@]1(C)C=CC(=O)C=C1C[C@H]3Cl,1,521.05,3.94,106.97,1,7,6,0
procinonide,CCC(=O)OCC(=O)[C@@]12OC(C)(C)O[C@@H]1CC1C3C[C@H](F)C4=CC(=O)C=CC4(C)[C@@]3(F)C(O)CC12C,1,508.56,3.33,99.13,1,7,4,0
diproleandomycin,CCC(=O)O[C@H]1[C@H](C)O[C@@H](O[C@@H]2C(C)C(=O)O[C@H](C)[C@H](C)[C@H](OC(=O)CC)[C@@H](C)C(=O)[C@]3(CO3)CC(C)[C@H](O[C@@H]3O[C@H](C)C[C@H](N(C)C)[C@H]3O)[C@H]2C)C[C@@H]1OC,0,800.0,3.83,178.12,1,15,10,0
dextropropoxyphene,CCC(=O)O[C@](Cc1ccccc1)(c1ccccc1)[C@H](C)CN(C)C,1,339.48,4.28,29.54,0,3,8,2
darvon(dextropropoxypheneandlevopropoxyphene),CCC(=O)O[C@](Cc1ccccc1)(c1ccccc1)[C@H](C)CN(C)C.[Cl-].[H+],1,375.94,1.39,29.54,0,3,8,2
clobetasol-propionate,CCC(=O)O[C@]1(C(=O)CCl)[C@@H](C)C[C@H]2[C@@H]3CCC4=CC(=O)C=C[C@]4(C)[C@@]3(F)[C@@H](O)C[C@@]21C,1,466.98,4.1,80.67,1,5,4,0
hydrocortisone-aceponate,CCC(=O)O[C@]1(C(=O)COC(C)=O)CC[C@H]2[C@@H]3CCC4=CC(=O)CC[C@]4(C)[C@H]3[C@@H](O)C[C@@]21C,1,460.57,3.31,106.97,1,7,5,0
methylprednisolone21hemisuccinate(methylprednisolone-hemisuccinate),CCC(=O)O[C@]1(C(=O)COC(C)=O)CC[C@H]2[C@@H]3C[C@H](C)C4=CC(=O)C=C[C@]4(C)[C@H]3[C@@H](O)C[C@@]21C,1,472.58,3.34,106.97,1,7,5,0
amelometasone,CCC(=O)O[C@]1(C(=O)COC)[C@@H](C)C[C@H]2[C@@H]3CCC4=CC(=O)C=C[C@]4(C)[C@@]3(F)[C@@H](O)C[C@@]21C,1,462.56,3.51,89.9,1,6,5,0
ticabesone(ticabesone-propionate),CCC(=O)O[C@]1(C(=O)SC)[C@H](C)CC2C3C[C@H](F)C4=CC(=O)C=CC4(C)[C@@]3(F)[C@@H](O)C[C@@]21C,1,482.59,4.13,80.67,1,6,3,0
cloticasone(cloticasone-propionate),CCC(=O)O[C@]1(C(=O)SCCl)[C@H](C)C[C@H]2C3C[C@H](F)C4=CC(=O)C=C[C@]4(C)[C@@]3(F)[C@@H](O)C[C@@]21C,1,517.03,4.7,80.67,1,6,4,0
fluticasone-propionate,CCC(=O)O[C@]1(C(=O)SCF)[C@H](C)C[C@H]2[C@@H]3C[C@H](F)C4=CC(=O)C=C[C@]4(C)[C@@]3(F)[C@@H](O)C[C@@]21C,1,500.58,4.43,80.67,1,6,4,0
alphameprodine/betameprodine,CCC(=O)O[C@]1(c2ccccc2)CCN(C)C[C@@H]1CC,1,275.39,3.2,29.54,0,3,4,1
rimexolone,CCC(=O)[C@@]1(C)[C@H](C)C[C@H]2[C@@H]3CCC4=CC(=O)C=C[C@]4(C)[C@H]3[C@@H](O)C[C@@]21C,1,370.53,4.5,54.37,1,3,2,0
propiomazine,CCC(=O)c1ccc2c(c1)N(CC(C)N(C)C)c1ccccc1S2,1,340.49,4.83,23.55,0,4,5,2
carphenazine,CCC(=O)c1ccc2c(c1)N(CCCN1CCN(CCO)CC1)c1ccccc1S2,1,425.6,3.88,47.02,1,6,8,2
ibrotamide,CCC(Br)(C(N)=O)C(C)C,1,208.1,1.67,43.09,1,1,3,0
acecarbromal,CCC(Br)(CC)C(=O)NC(=O)NC(C)=O,1,279.13,1.31,75.27,2,3,3,0
carbromal,CCC(Br)(CC)C(=O)NC(N)=O,1,237.1,1.13,72.19,2,2,3,0
pheneturide,CCC(C(=O)NC(N)=O)c1ccccc1,1,206.25,1.38,72.19,2,2,3,1
fenbutrazate,CCC(C(=O)OCCN1CCOC(c2ccccc2)C1C)c1ccccc1,1,367.49,4.19,38.77,0,4,7,2
etiracetam(levetiracetam),CCC(C(N)=O)N1CCCC1=O,1,170.21,-0.13,63.4,1,2,3,0
"""2,2-dimethylbutane""",CCC(C)(C)C,1,86.18,2.44,0.0,0,0,0,0
simvastatin,CCC(C)(C)C(=O)O[C@H]1C[C@@H](C)C=C2C=C[C@H](C)[C@H](CC[C@@H]3C[C@@H](O)CC(=O)O3)[C@H]21,1,418.57,4.59,72.83,1,5,6,0
amylene-hydrate,CCC(C)(C)O,1,88.15,1.17,20.23,1,1,1,0
emylcamate,CCC(C)(CC)OC(N)=O,1,145.2,1.66,52.32,1,2,3,0
homprenorphine,CCC(C)(O)C1CC23C=CC1(OC)C1Oc4c(OC)ccc5c4C12CCN(CC1CC1)C3C5,1,451.61,3.86,51.16,1,5,6,1
sulfonethylmethane,CCC(C)(S(=O)(=O)CC)S(=O)(=O)CC,1,242.36,0.98,68.28,0,4,5,0
Butanone,CCC(C)=O,1,72.11,0.99,17.07,0,1,1,0
nisobamate,CCC(C)C(C)(COC(N)=O)COC(=O)NC(C)C,1,274.36,2.27,90.65,2,4,7,0
mebutamate,CCC(C)C(C)(COC(N)=O)COC(N)=O,1,232.28,1.23,104.64,2,4,6,0
capuride,CCC(C)C(CC)C(=O)NC(N)=O,1,186.25,1.25,72.19,2,2,4,0
valnoctamide,CCC(C)C(CC)C(N)=O,1,143.23,1.54,43.09,1,1,4,0
Bacitracin,CCC(C)C(N)C1=NC(C(=O)N[C@@H](CC(C)C)C(=O)N[C@H](CCC(=O)O)C(=O)N[C@H](C(=O)NCCCC[C@@H]2NC(=O)[C@H](CC(N)=O)NC(=O)[C@@H](CC(=O)O)NC(=O)[C@H](Cc3cnc[nH]3)NC(=O)[C@@H](Cc3ccccc3)NC(=O)[C@H]([C@@H](C)CC)NC(=O)[C@@H](CCCN)NC2=O)[C@@H](C)CC)CS1,0,1422.72,-1.68,530.87,17,19,35,2
butabarbital,CCC(C)C1(CC)C(=O)NC(=O)NC1=O,1,212.25,0.79,75.27,2,3,3,0
3-methylpentane,CCC(C)CC,1,86.18,2.44,0.0,0,0,2,0
eqvalan,CCC(C)[C@H]1O[C@]2(CC[C@@H]1C)CC1C[C@@H](C/C=C(\C)[C@@H](O[C@H]3C[C@H](OC)[C@@H](OC4C[C@H](OC)[C@@H](O)[C@H](C)O4)[C@H](C)O3)[C@@H](C)/C=C/C=C3\CO[C@@H]4[C@H](O)C(C)=C[C@@H](C(=O)O1)[C@]34O)O2.CO[C@H]1CC(O[C@H]2[C@H](C)O[C@@H](O[C@@H]3/C(C)=C/C[C@@H]4CC(C[C@]5(CC[C@H](C)[C@@H](C(C)C)O5)O4)OC(=O)[C@@H]4C=C(C)[C@@H](O)[C@H]5OC/C(=C\C=C\[C@@H]3C)[C@]54O)C[C@@H]2OC)O[C@@H](C)[C@@H]1O,0,1736.18,10.81,340.12,6,28,15,0
Itraconazole,CCC(C)n1ncn(-c2ccc(N3CCN(c4ccc(OC[C@H]5CO[C@](Cn6cncn6)(c6ccc(Cl)cc6Cl)O5)cc4)CC3)cc2)c1=O,0,705.65,5.58,104.7,0,9,11,5
embutramide,CCC(CC)(CNC(=O)CCCO)c1cccc(OC)c1,1,293.41,2.64,58.56,2,3,9,1
etryptamine,CCC(N)Cc1c[nH]c2ccccc12,1,188.27,2.45,41.81,2,1,3,2
SB-222200,CCC(NC(=O)c1c(C)c(-c2ccccc2)nc2ccccc12)c1ccccc1,1,380.49,6.09,41.99,1,2,5,4
hydroxyphenamate,CCC(O)(COC(N)=O)c1ccccc1,1,209.25,1.38,72.55,2,3,4,1
betamethadol,CCC(O)C(CC(C)N(C)C)(c1ccccc1)c1ccccc1,1,311.47,4.08,23.47,1,2,7,2
acetylmethadol/levacetylmethadol/alphacetylmethadol/betacetylmethadol,CCC(OC(C)=O)C(CC(C)N(C)C)(c1ccccc1)c1ccccc1,1,353.51,4.65,29.54,0,3,8,2
procymate,CCC(OC(N)=O)C1CCCCC1,1,185.27,2.44,52.32,1,2,3,0
propicillin,CCC(Oc1ccccc1)C(=O)NC1C(=O)N2C1SC(C)(C)C2C(=O)O,0,378.45,1.48,95.94,2,5,6,1
bemegride,CCC1(C)CC(=O)NC(=O)C1,1,155.2,0.84,46.17,1,2,1,0
ethosuximide,CCC1(C)CC(=O)NC1=O,1,141.17,0.45,46.17,1,2,1,0
paramethadione,CCC1(C)OC(=O)N(C)C1=O,1,157.17,0.76,46.61,0,3,1,0
cyclobarbital,CCC1(C2=CCCCC2)C(=O)NC(=O)NC1=O,1,236.27,1.25,75.27,2,3,2,0
heptabarb,CCC1(C2=CCCCCC2)C(=O)NC(=O)NC1=O,1,250.3,1.64,75.27,2,3,2,0
pyrithyldione,CCC1(CC)C(=O)C=CNC1=O,1,167.21,1.01,46.17,1,2,2,0
metharbital,CCC1(CC)C(=O)NC(=O)N(C)C1=O,1,198.22,0.5,66.48,1,3,2,0
phetharbital,CCC1(CC)C(=O)NC(=O)N(c2ccccc2)C1=O,1,260.29,2.08,66.48,1,3,3,1
barbital,CCC1(CC)C(=O)NC(=O)NC1=O,1,184.19,0.16,75.27,2,3,2,0
ethypicone,CCC1(CC)C(=O)NC=C(C)C1=O,1,181.23,1.4,46.17,1,2,2,0
methyprylon,CCC1(CC)C(=O)NCC(C)C1=O,1,183.25,1.13,46.17,1,2,2,0
amcinafal,CCC1(CC)O[C@@H]2C[C@H]3C4CCC5=CC(=O)C=CC5(C)[C@@]4(F)[C@@H](O)CC3(C)[C@]2(C(=O)CO)O1,1,462.56,3.2,93.06,2,6,4,0
amobarbital,CCC1(CCC(C)C)C(=O)NC(=O)NC1=O,1,226.28,1.18,75.27,2,3,4,0
tolquinzole,CCC1(O)CCN2CCc3ccc(C)cc3C2C1,1,245.37,2.83,23.47,1,2,1,1
aminoglutethimide,CCC1(c2ccc(N)cc2)CCC(=O)NC1=O,1,232.28,1.35,72.19,2,3,2,1
eterobarb,CCC1(c2ccccc2)C(=O)N(COC)C(=O)N(COC)C1=O,1,320.35,1.33,76.15,0,5,6,1
benzobarbital,CCC1(c2ccccc2)C(=O)NC(=O)N(C(=O)c2ccccc2)C1=O,1,336.35,2.25,83.55,1,4,3,2
mephobarbital(methylphenobarbital),CCC1(c2ccccc2)C(=O)NC(=O)N(C)C1=O,1,246.27,1.04,66.48,1,3,2,1
metetoin,CCC1(c2ccccc2)C(=O)NC(=O)N1C,1,218.26,1.47,49.41,1,2,2,1
phenobarbital,CCC1(c2ccccc2)C(=O)NC(=O)NC1=O,1,232.24,0.7,75.27,2,3,2,1
primidone,CCC1(c2ccccc2)C(=O)NCNC1=O,1,218.26,0.54,58.2,2,2,2,1
glutethimide,CCC1(c2ccccc2)CCC(=O)NC1=O,1,217.27,1.77,46.17,1,2,2,1
mephenytoin,CCC1(c2ccccc2)NC(=O)N(C)C1=O,1,218.26,1.47,49.41,1,2,2,1
iminophenimide,CCC1(c2ccccc2)NCC(=O)NC1=O,1,218.26,0.54,58.2,2,3,2,1
etoxadrol,CCC1(c2ccccc2)OCC(C2CCCCN2)O1,1,261.36,2.81,30.49,1,3,3,1
gemazocine,CCC12CCN(CC3CC3)C(Cc3ccc(O)cc31)C2(C)C,1,299.46,4.11,23.47,1,2,3,1
cogazocine,CCC12CCN(CC3CCC3)C(Cc3ccc(O)cc31)C2(C)C,1,313.49,4.5,23.47,1,2,3,1
fenimide,CCC1C(=O)NC(=O)C1(C)c1ccccc1,1,217.27,1.63,46.17,1,2,2,1
tofisopam,CCC1C(C)=NN=C(c2ccc(OC)c(OC)c2)c2cc(OC)c(OC)cc21,1,382.46,4.44,61.64,0,6,6,2
mikamycin,CCC1NC(=O)C(NC(=O)c2ncccc2O)C(C)OC(=O)C(c2ccccc2)NC(=O)C2CC(=O)CCN2C(=O)C(Cc2ccc(N(C)C)cc2)N(C)C(=O)C2CCCN2C1=O,0,866.97,1.27,227.96,4,12,7,3
saripidem,CCCC(=O)N(C)Cc1c(-c2ccc(Cl)cc2)nc2ccccn12,1,341.84,4.41,37.61,0,2,5,3
Bacitracin,CCCC(=O)Nc1ccc(OCC(O)CNC(C)C)c(C(C)=O)c1,1,336.43,2.37,87.66,3,5,10,1
clobetasone-butyrate,CCCC(=O)O[C@]1(C(=O)CCl)[C@@H](C)C[C@H]2[C@@H]3CCC4=CC(=O)C=C[C@]4(C)[C@@]3(F)C(=O)C[C@@]21C,1,478.99,4.7,77.51,0,5,5,0
hydrocortisone-butyrate,CCCC(=O)O[C@]1(C(=O)CO)CC[C@H]2[C@@H]3CCC4=CC(=O)CC[C@]4(C)[C@H]3[C@@H](O)C[C@@]21C,1,432.56,3.13,100.9,2,6,5,0
hydrocortisone-buteprate,CCCC(=O)O[C@]1(C(=O)COC(=O)CC)CC[C@H]2[C@@H]3CCC4=CC(=O)CC[C@]4(C)[C@H]3[C@@H](O)C[C@@]21C,1,488.62,4.09,106.97,1,7,7,0
amebucort,CCCC(=O)O[C@]1(C(=O)COC(C)=O)CC[C@H]2[C@@H]3C[C@H](C)C4=CC(=O)CC[C@]4(C)[C@H]3[C@@H](O)C[C@@]21C,1,488.62,3.95,106.97,1,7,6,0
difluprednate,CCCC(=O)O[C@]1(C(=O)COC(C)=O)CC[C@H]2[C@@H]3C[C@H](F)C4=CC(=O)C=C[C@]4(C)[C@@]3(F)[C@@H](O)C[C@@]21C,1,508.56,3.52,106.97,1,7,6,0
icometasone-enbutate,CCCC(=O)O[C@]1(C(=O)COC(C)=O)[C@H](C)C[C@H]2[C@@H]3CCC4=CC(=O)C=C[C@]4(C)[C@@]3(Cl)[C@@H](O)C[C@@]21C,1,521.05,4.09,106.97,1,7,6,0
domoprednate,CCCC(=O)O[C@]1(C(C)=O)CCC[C@H]2[C@@H]3CCC4=CC(=O)C=C[C@]4(C)[C@H]3[C@@H](O)C[C@@]21C,1,428.57,4.33,80.67,1,5,4,0
butaperazine,CCCC(=O)c1ccc2c(c1)N(CCCN1CCN(C)CC1)c1ccccc1S2,1,409.6,4.91,26.79,0,5,7,2
pyrovalerone,CCCC(C(=O)c1ccc(C)cc1)N1CCCC1,1,245.37,3.44,20.31,0,2,5,1
meprobamate,CCCC(C)(COC(N)=O)COC(N)=O,1,218.25,0.98,104.64,2,4,6,0
etorphine,CCCC(C)(O)C1CC23C=CC1(OC)C1Oc4c(O)ccc5c4C12CCN(C)C3C5,1,411.54,3.16,62.16,2,5,4,1
2-Methylpentane,CCCC(C)C,1,86.18,2.44,0.0,0,0,2,0
Pentobarbital,CCCC(C)C1(CC)C(=O)NC(=O)NC1=O,1,226.28,1.18,75.27,2,3,4,0
Thiopental,CCCC(C)C1(CC)C(=O)NC(=S)NC1=O,0,242.34,1.35,58.2,2,3,4,0
methitural,CCCC(C)C1(CCSC)C(=O)NC(=S)NC1=O,1,288.44,1.69,58.2,2,4,6,0
3-methylhexane,CCCC(C)CC,1,100.2,2.83,0.0,0,0,3,0
tetrabarbital,CCCC(CC)C1(CC)C(=O)NC(=O)NC1=O,1,240.3,1.58,75.27,2,3,5,0
thiotetrabarbital,CCCC(CC)C1(CC)C(=O)NC(=S)NC1=O,1,256.37,1.74,58.2,2,3,5,0
valdipromide,CCCC(CCC)(CCC)C(N)=O,1,185.31,2.86,43.09,1,1,7,0
valproicacid,CCCC(CCC)C(=O)O,1,144.21,2.29,37.3,1,1,5,0
valproatepivoxil,CCCC(CCC)C(=O)OCOC(=O)C(C)(C)C,1,258.36,3.29,52.6,0,4,7,0
valpromide,CCCC(CCC)C(N)=O,1,143.23,1.69,43.09,1,1,5,0
prolintane,CCCC(Cc1ccccc1)N1CCCC1,1,217.36,3.49,3.24,0,1,5,1
chlorobutanol,CCCC(O)Cl,1,108.57,1.34,20.23,1,1,2,0
tolboxane,CCCC1(C)COB(c2ccc(C)cc2)OC1,1,232.13,2.54,18.46,0,2,3,1
lincomycin,CCCC1CC(C(=O)NC(C(C)O)C2OC(SC)C(O)C(O)C2O)N(C)C1,0,406.55,-0.86,122.49,5,8,7,0
budesonide,CCCC1O[C@@H]2C[C@H]3[C@@H]4CCC5=CC(=O)C=C[C@]5(C)[C@H]4[C@@H](O)C[C@]3(C)[C@]2(C(=O)CO)O1,1,430.54,2.72,93.06,2,6,4,0
Pentane,CCCCC,1,72.15,2.2,0.0,0,0,2,0
prednival,CCCCC(=O)OC1(C(=O)CO)CCC2C3CCC4=CC(=O)C=CC4(C)C3C(O)CC21C,1,444.57,3.3,100.9,2,6,6,0
fluprednisolone-valerate,CCCCC(=O)O[C@]1(C(=O)CO)CCC2C3CC(F)C4=CC(=O)C=CC4(C)C3C(O)CC21C,1,462.56,3.25,100.9,2,6,6,0
hydrocortisone-hemisuccinate,CCCCC(=O)O[C@]1(C(=O)CO)CCC2C3CCC4=CC(=O)CCC4(C)C3C(O)CC21C,1,446.58,3.52,100.9,2,6,6,0
betamethasone-benzoate,CCCCC(=O)O[C@]1(C(=O)CO)[C@@H](C)C[C@H]2[C@@H]3CCC4=CC(=O)C=C[C@]4(C)[C@@]3(F)[C@@H](O)C[C@@]21C,1,476.59,3.64,100.9,2,6,6,0
butoctamide,CCCCC(CC)CNC(=O)CC(C)O,1,215.34,2.09,49.33,2,2,8,0
caproxamine,CCCCC/C(=N/OCCN)c1ccc(C)c(N)c1,1,263.38,2.84,73.63,2,4,8,1
carbubarb,CCCCC1(CCOC(N)=O)C(=O)NC(=O)NC1=O,1,271.27,0.01,127.59,3,5,6,0
Phenylbutazone,CCCCC1C(=O)N(c2ccccc2)N(c2ccccc2)C1=O,0,308.38,3.79,40.62,0,2,5,2
Hexane,CCCCCC,1,86.18,2.59,0.0,0,0,3,0
tonazocine,CCCCCC(=O)CC[C@]1(C)[C@@H]2Cc3ccc(O)cc3[C@@]1(C)CCN2C,1,357.54,4.85,40.54,1,3,7,1
fluocortolone-caproate,CCCCCC(=O)OCC(=O)C1C(C)CC2C3CC(F)C4=CC(=O)C=CC4(C)C3C(O)CC21C,1,474.61,4.77,80.67,1,5,7,0
nabazenil,CCCCCC(C)C(C)c1cc(OC(=O)CCCN2CCCCCC2)c2c(c1)OC(C)(C)C1=C2CC(C)CC1,1,537.83,9.31,38.77,0,4,11,1
hexapradol,CCCCCC(N)C(O)(c1ccccc1)c1ccccc1,1,283.42,3.83,46.25,2,2,7,2
mirincamycin,CCCCCC1CNC(C(=O)NC(C(C)Cl)C2OC(SC)C(O)C(O)C2O)C1,0,439.02,0.83,111.05,5,7,9,0
Heptane,CCCCCCC,1,100.2,2.98,0.0,0,0,4,0
fluphenazine-enanthate,CCCCCCC(=O)OCCN1CCN(CCCN2c3ccccc3Sc3ccc(C(F)(F)F)cc32)CC1,1,549.7,6.83,36.02,0,6,12,2
nabilone,CCCCCCC(C)(C)c1cc(O)c2c(c1)OC(C)(C)[C@@H]1CCC(=O)C[C@@H]21,1,372.55,6.26,46.53,1,3,6,1
octamoxin,CCCCCCC(C)NN,1,144.26,1.81,38.05,2,2,6,0
teicoplanin,CCCCCCCCCC(=O)N[C@H]1[C@H](Oc2c3cc4cc2Oc2ccc(cc2Cl)[C@@H](O[C@@H]2O[C@H](CO)[C@@H](O)[C@H](O)[C@H]2NC(C)=O)[C@@H]2NC(=O)[C@H](NC(=O)[C@@H]4NC(=O)[C@H]4NC(=O)[C@@H](Cc5ccc(c(Cl)c5)O3)NC(=O)[C@H](N)c3ccc(O)c(c3)Oc3cc(O)cc4c3)c3ccc(O)c(c3)-c3c(O[C@H]4O[C@H](CO)[C@@H](O)[C@H](O)[C@@H]4O)cc(O)cc3[C@H](C(=O)O)NC2=O)O[C@H](CO)[C@@H](O)[C@@H]1O,0,1879.68,1.16,662.41,24,33,20,7
bromperidol-decanoate,CCCCCCCCCC(=O)OC1(c2ccc(Br)cc2)CCN(CCCC(=O)c2ccc(F)cc2)CC1,1,574.58,8.23,46.61,0,4,15,2
haloperidol-decanoate,CCCCCCCCCC(=O)OC1(c2ccc(Cl)cc2)CCN(CCCC(=O)c2ccc(F)cc2)CC1,1,530.12,8.12,46.61,0,4,15,2
dioxamate,CCCCCCCCCC1(C)OCC(COC(N)=O)O1,1,287.4,3.35,70.78,1,4,10,0
myrophine,CCCCCCCCCCCCCC(=O)O[C@H]1C=C[C@H]2[C@H]3Cc4ccc(OCc5ccccc5)c5c4[C@@]2(CCN3C)[C@H]1O5,1,585.83,8.32,48.0,0,5,16,2
pipotiazine-palmitate,CCCCCCCCCCCCCCCC(=O)OCCC1CCN(CCCN2c3ccccc3Sc3ccc(S(=O)(=O)N(C)C)cc32)CC1,1,714.1,10.06,70.16,0,7,23,2
prednisolone-steaglate,CCCCCCCCCCCCCCCCCC(=O)OCC(=O)OCC(=O)[C@@]1(O)CC[C@H]2[C@@H]3CCC4=CC(=O)C=C[C@]4(C)[C@H]3[C@@H](O)C[C@@]21C,1,684.96,7.91,127.2,2,8,21,0
decimemide,CCCCCCCCCCOc1c(OC)cc(C(N)=O)cc1OC,1,337.46,4.32,70.78,1,4,13,1
nonapyrimine,CCCCCCCCCNc1ncnc2[nH]ccc12,1,260.39,4.12,53.6,2,3,9,2
eptastigmine,CCCCCCCNC(=O)Oc1ccc2c(c1)[C@]1(C)CCN(C)[C@@H]1N2C,1,359.51,4.11,44.81,1,4,7,1
sameridine,CCCCCCN1CCC(C(=O)N(C)CC)(c2ccccc2)CC1,1,330.52,4.08,23.55,0,2,8,1
xanomeline,CCCCCCOc1nsnc1C1=CCCN(C)C1,1,281.43,3.22,38.25,0,5,7,1
tazomeline,CCCCCCSc1nsnc1C1=CCCN(C)C1,1,297.49,3.93,29.02,0,5,7,1
milacemide,CCCCCNCC(N)=O,1,144.22,0.25,55.12,2,2,6,0
pentamorphone,CCCCCN[C@@]12C=CC(=O)[C@@H]3Oc4c(O)ccc5c4[C@@]31CCN(C)[C@@H]2C5,1,368.48,2.31,61.8,2,5,5,1
Alprostadil,CCCCC[C@H](O)/C=C/[C@H]1[C@H](O)CC(=O)[C@@H]1CCCCCCC(=O)O,0,354.49,3.48,94.83,3,4,13,0
thc,CCCCCc1cc(O)c2c(c1)OC(C)(C)[C@@H]1CCC(C)=C[C@@H]21,1,314.47,5.74,29.46,1,2,4,1
cp25,CCCCCn1ccc(=O)c(O)c1C,1,195.26,2.05,42.23,1,2,4,1
fengabine,CCCCN/C(=C1/C=C(Cl)C=CC1=O)c1ccccc1Cl,1,322.24,4.7,29.1,1,2,5,1
umespirone,CCCCN1C(=O)C2C(=O)N(CCCCN3CCN(c4ccccc4OC)CC3)C(=O)C(C1=O)C2(C)C,1,512.65,2.39,90.47,0,7,10,1
tolbutamide,CCCCNC(=O)NS(=O)(=O)c1ccc(C)cc1,0,270.35,1.78,75.27,2,3,5,1
tybamate,CCCCNC(=O)OCC(C)(CCC)COC(N)=O,1,274.36,2.41,90.65,2,4,9,0
ethomoxane,CCCCNCC1COc2cccc(OCC)c2O1.[Cl-].[H+],1,301.81,-0.27,39.72,1,4,7,1
butamoxane,CCCCNCC1COc2ccccc2O1,1,221.3,2.22,30.49,1,3,5,1
tracazolate,CCCCNc1c(C(=O)OCC)c(C)nc2c1cnn2CC,1,304.39,3.15,69.04,1,5,7,2
cartazolate,CCCCNc1c(C(=O)OCC)cnc2c1cnn2CC,1,290.37,2.84,69.04,1,5,7,2
fluocortin,CCCCOC(=O)C(=O)C1C(C)CC2C3CC(F)C4=CC(=O)C=CC4(C)C3C(O)CC21C,1,446.56,3.99,80.67,1,5,5,0
fluocortin-butyl,CCCCOC(=O)C(=O)[C@H]1[C@H](C)C[C@H]2[C@@H]3C[C@H](F)C4=CC(=O)C=C[C@]4(C)[C@H]3[C@@H](O)C[C@@]21C,1,446.56,3.99,80.67,1,5,5,0
difebarbamate,CCCCOCC(CN1C(=O)N(CC(COCCCC)OC(N)=O)C(=O)C(CC)(c2ccccc2)C1=O)OC(N)=O,1,578.66,2.69,180.79,2,9,18,1
febarbamate,CCCCOCC(CN1C(=O)NC(=O)C(CC)(c2ccccc2)C1=O)OC(N)=O,1,405.45,1.69,128.03,2,6,10,1
Dyclonine,CCCCOc1ccc(C(=O)CCN2CCCCC2)cc1.[Cl],0,324.87,4.61,29.54,0,3,8,1
captodiame,CCCCSc1ccc(C(SCCN(C)C)c2ccccc2)cc1,1,359.6,5.96,3.24,0,3,10,2
trospectomycin,CCCC[C@@H]1CC(=O)[C@]2(O)O[C@@H]3[C@@H](NC)[C@@H](O)[C@@H](NC)[C@H](O)[C@H]3O[C@@H]2O1,0,374.43,-1.76,129.51,5,9,5,0
losartan,CCCCc1nc(Cl)c(CO)n1Cc1ccc(-c2ccccc2-c2nn[nH]n2)cc1,0,422.92,4.27,92.51,2,5,8,4
Amiodarone,CCCCc1oc2ccccc2c1C(=O)c1cc(I)c(OCCN(CC)CC)c(I)c1,0,645.32,6.94,42.68,0,4,11,3
denbufylline,CCCCn1c(=O)c2c(ncn2CC(C)=O)n(CCCC)c1=O,1,320.39,1.55,78.89,0,4,8,2
cp24,CCCCn1ccc(=O)c(O)c1C,1,181.23,1.66,42.23,1,2,3,1
alpidem,CCCN(CCC)C(=O)Cc1c(-c2ccc(Cl)cc2)nc2ccc(Cl)cn12,1,404.34,5.5,37.61,0,2,7,3
alentemol,CCCN(CCC)C1Cc2cccc3cc(O)cc(c23)C1,1,283.42,4.13,23.47,1,2,5,2
SKF89124,CCCN(CCC)CCc1ccc(O)c2c1CC(=O)N2,1,276.38,2.55,52.57,2,3,7,1
SKF101468,CCCN(CCC)CCc1cccc2c1CC(=O)N2,1,260.38,2.85,32.34,1,2,7,1
probenecid,CCCN(CCC)S(=O)(=O)c1ccc(C(=O)O)cc1,0,285.36,2.2,74.68,1,3,7,1
alnespirone,CCCN(CCCCN1C(=O)CC2(CCCC2)CC1=O)C1COc2cccc(OC)c2C1.[Cl-].[H+],1,479.06,1.32,59.08,0,5,9,1
besipirdine,CCCN(c1ccncc1)n1ccc2ccccc21.[Cl-].[H+],1,287.79,0.83,21.06,0,2,4,3
quinagolide,CCCN1CC(NS(=O)(=O)N(CC)CC)CC2Cc3c(O)cccc3CC21,1,395.57,2.14,72.88,2,4,7,1
tepirindole,CCCN1CC=C(c2c[nH]c3ccc(Cl)cc23)CC1,1,274.8,4.32,19.03,1,1,3,2
prosulpride,CCCN1CCCC1CNC(=O)c1cc(S(N)(=O)=O)ccc1OC,1,355.46,0.95,101.73,2,5,7,1
pergolide,CCCN1C[C@H](CSC)C[C@@H]2c3cccc4[nH]cc(c34)C[C@H]21,1,314.5,4.27,19.03,1,2,4,2
profexalone,CCCNC(=O)N1CC(c2ccccc2)OC1=O,1,248.28,2.3,58.64,1,3,3,1
chlorpropamide,CCCNC(=O)NS(=O)(=O)c1ccc(Cl)cc1,0,276.75,1.74,75.27,2,3,4,1
RP60180,CCCNC(=O)c1ccc2c(c1)N([C@@H](C)CN1CCCC1)c1ccccc1S2,1,395.57,4.91,35.58,1,4,6,2
apadoline,CCCNC(=O)c1ccc2c(c1)N([C@H](C)CN1CCCC1)c1ccccc1S2,1,395.57,4.91,35.58,1,4,6,2
propafenone,CCCNCC(O)COc1ccccc1C(=O)CCc1ccccc1,0,341.45,3.24,58.56,2,4,11,2
Propanol,CCCO,1,60.1,0.39,20.23,1,1,1,0
GR89696_pr,CCCOC(=O)N1CCN(C(=O)Cc2ccc(Cl)c(Cl)c2)[C@@H](CN2CCCC2)C1,1,442.39,3.69,53.09,0,4,6,1
propoxate,CCCOC(=O)c1cncn1C(C)c1ccccc1,1,258.32,3.06,44.12,0,3,5,2
Bretyliumtosilate,CCCSc1ccc2[nH]c(NC(=O)OC)nc2c1,1,265.34,3.24,67.01,2,4,4,2
Albendazole,CCCSc1ccc2nc(NC(=O)OC)[nH]c2c1,1,265.34,3.24,67.01,2,4,4,2
tioperidone,CCCSc1ccccc1N1CCN(CCCCn2c(=O)[nH]c3ccccc3c2=O)CC1,1,452.62,3.79,61.34,1,5,9,3
clindamycin,CCC[C@@H]1C[C@@H](C(=O)NC(C(C)Cl)[C@H]2O[C@H](SC)[C@H](O)[C@@H](O)[C@H]2O)N(C)C1,0,424.99,0.39,102.26,4,7,7,0
clindamycin-phosphate,CCC[C@@H]1C[C@@H](C(=O)NC(C(C)Cl)[C@H]2O[C@H](SC)[C@H](OP(=O)(O)O)[C@@H](O)[C@H]2O)N(C)C1,0,504.97,0.51,148.79,5,8,9,0
itrocinonide,CCC[C@@H]1O[C@@H]2C[C@H]3[C@@H]4C[C@H](F)C5=CC(=O)C=C[C@]5(C)C4(F)[C@@H](O)C[C@]3(C)[C@]2(C(=O)O[C@H](C)OC(=O)OCC)O1,1,568.61,4.26,117.59,1,9,6,0
rofleponide,CCC[C@@H]1O[C@@H]2C[C@H]3[C@@H]4C[C@H](F)C5=CC(=O)CC[C@]5(C)[C@@]4(F)[C@@H](O)C[C@]3(C)[C@]2(C(=O)CO)O1,1,468.54,2.98,93.06,2,6,4,0
acetorphine,CCC[C@@](C)(O)[C@H]1CC23C=CC1(OC)[C@H]1Oc4c(OC(C)=O)ccc5c4C12CCN(C)C3C5,1,453.58,3.38,68.23,1,6,5,1
picenadol,CCC[C@]1(c2cccc(O)c2)CCN(C)C[C@@H]1C,1,247.38,3.4,23.47,1,2,3,1
ethylene(ethene),CCCl,1,64.52,1.25,0.0,0,0,0,0
zaleplon,CCN(C(C)=O)c1cccc(-c2ccnc3c(C#N)cnn23)c1,1,305.34,2.64,74.29,0,4,3,3
rivastigmine,CCN(C)C(=O)Oc1cccc([C@H](C)N(C)C)c1,1,250.34,2.76,32.78,0,3,4,1
benzquinamide,CCN(CC)C(=O)C1CN2CCc3cc(OC)c(OC)cc3C2CC1OC(C)=O,1,404.51,2.42,68.31,0,6,6,1
tricetamide,CCN(CC)C(=O)CNC(=O)c1cc(OC)c(OC)c(OC)c1,1,324.38,1.31,77.1,1,5,8,1
rifamide,CCN(CC)C(=O)COc1cc2c(O)c3c(O)c(C)c4c(c13)C(=O)[C@@](C)(O/C=C/[C@H](OC)[C@@H](C)[C@@H](OC(C)=O)[C@H](C)[C@H](O)[C@H](C)[C@@H](O)[C@@H](C)/C=C/C=C(/C)C(=O)N2)O4,0,810.94,5.3,210.62,5,13,7,2
stacofylline,CCN(CC)C(=O)N1CCN(CCCc2nc3c(c(=O)n(C)c(=O)n3C)n2C)CC1,1,419.53,-0.02,88.61,0,5,6,2
lisuride,CCN(CC)C(=O)N[C@H]1C=C2c3cccc4[nH]cc(c34)C[C@H]2N(C)C1,1,338.46,2.84,51.37,2,2,3,2
terguride,CCN(CC)C(=O)N[C@H]1C[C@@H]2c3cccc4[nH]cc(c34)C[C@H]2N(C)C1,1,340.47,2.93,51.37,2,2,3,2
celiprolol,CCN(CC)C(=O)Nc1ccc(OCC(O)CNC(C)(C)C)c(C(C)=O)c1,1,379.5,2.89,90.9,3,5,9,1
endomide,CCN(CC)C(=O)[C@H]1[C@H](C(=O)N(CC)CC)[C@H]2C=C[C@@H]1C2,1,292.42,2.16,40.62,0,2,6,0
milnacipran,CCN(CC)C(=O)[C@]1(c2ccccc2)C[C@@H]1CN.[Cl-].[H+],1,282.81,-1.11,46.33,1,2,5,1
nikethamide,CCN(CC)C(=O)c1cccnc1,1,178.24,1.56,33.2,0,2,3,1
Disulfiram,CCN(CC)C(=S)SSC(=S)N(CC)CC,1,296.55,3.62,6.48,0,4,4,0
rifametane,CCN(CC)C(C)=NN=Cc1c2c(O)c3c(O)c(C)c4c(c3c1O)C(=O)C(C)(OC=CC(OC)C(C)C(OC(C)=O)C(C)C(O)C(C)C(O)C(C)C=CC=C(C)C(=O)N2)O4,0,836.98,5.85,229.27,6,14,6,2
isothamine(profenamine),CCN(CC)C(C)CN1c2ccccc2Sc2ccccc21,1,312.48,5.02,6.48,0,3,5,2
elanzepine,CCN(CC)C/C=C1/c2ccccc2Nc2cc(Cl)ccc21,1,312.84,5.17,15.27,1,2,4,2
lidocaine,CCN(CC)CC(=O)Nc1c(C)cccc1C,1,234.34,2.58,32.34,1,2,5,1
prednisolamate,CCN(CC)CC(=O)OCC(=O)C1(O)CCC2C3CCC4=CC(=O)C=CC4(C)C3C(O)CC21C,1,473.61,2.45,104.14,2,7,7,0
hydrocortamate,CCN(CC)CC(=O)OCC(=O)[C@@]1(O)CC[C@H]2[C@@H]3CCC4=CC(=O)CC[C@]4(C)[C@H]3[C@@H](O)C[C@@]21C,1,475.63,2.67,104.14,2,7,7,0
propacetamol,CCN(CC)CC(=O)Oc1ccc(NC(C)=O)cc1,1,264.32,1.89,58.64,1,4,6,1
fluacizine,CCN(CC)CCC(=O)N1c2ccccc2Sc2ccc(C(F)(F)F)cc21,1,394.46,5.57,23.55,0,3,5,2
Chloroquine,CCN(CC)CCCC(C)Nc1ccnc2cc(Cl)ccc12,1,319.88,4.81,28.16,1,3,8,2
flurazepam,CCN(CC)CCN1C(=O)CN=C(c2ccccc2F)c2cc(Cl)ccc21,1,387.89,4.0,35.91,0,3,6,2
diethazine,CCN(CC)CCN1c2ccccc2Sc2ccccc21,1,298.46,4.63,6.48,0,3,5,2
clofexamide,CCN(CC)CCNC(=O)COc1ccc(Cl)cc1,1,284.79,2.18,41.57,1,3,8,1
mefexamide,CCN(CC)CCNC(=O)COc1ccc(OC)cc1.[Cl-].[H+],1,316.83,-1.35,50.8,1,4,9,1
bromopride,CCN(CC)CCNC(=O)c1cc(Br)c(N)cc1OC,1,344.25,2.11,67.59,2,4,7,1
diclometide,CCN(CC)CCNC(=O)c1cc(Cl)cc(Cl)c1OC,1,319.23,3.07,41.57,1,3,7,1
tiapride,CCN(CC)CCNC(=O)c1cc(S(C)(=O)=O)ccc1OC,1,328.43,1.17,75.71,1,5,8,1
benactyzine,CCN(CC)CCOC(=O)C(O)(c1ccccc1)c1ccccc1.[Cl-].[H+],1,363.89,-0.08,49.77,1,4,8,2
dicyclomine,CCN(CC)CCOC(=O)C1(C2CCCCC2)CCCCC1,0,309.49,4.4,29.54,0,3,7,0
procaine,CCN(CC)CCOC(=O)c1ccc(N)cc1,1,236.31,1.77,55.56,1,4,6,1
clofenciclan,CCN(CC)CCOC1(c2ccc(Cl)cc2)CCCCC1,1,309.88,4.86,12.47,0,2,7,1
etamiphyllin,CCN(CC)CCn1cnc2c1c(=O)n(C)c(=O)n2C,1,279.34,-0.22,65.06,0,4,5,2
etisulergine,CCN(CC)S(=O)(=O)N[C@H]1C[C@@H]2c3cccc4[nH]cc(c34)C[C@H]2N(C)C1,1,376.53,2.06,68.44,2,3,5,2
atolide,CCN(CC)c1ccc(NC(=O)c2ccccc2N)c(C)c1,1,297.4,3.68,58.36,2,3,5,2
rifamexil,CCN(CC)c1nc2c(s1)c1c(O)c3c(O)c(C)c4c(c32)C(=O)[C@@](C)(O/C=C/[C@H](OC)[C@@H](C)[C@@H](OC(C)=O)[C@H](C)[C@H](O)[C@H](C)[C@@H](O)[C@@H](C)/C=C/C=C(/C)C(=O)N1)O4,0,809.98,6.5,197.21,5,14,5,3
bamifylline,CCN(CCO)CCn1c(Cc2ccccc2)nc2c1c(=O)n(C)c(=O)n2C,1,385.47,0.34,85.29,1,5,8,3
ethotoin,CCN1C(=O)NC(c2ccccc2)C1=O,1,204.23,1.3,49.41,1,2,2,1
doxapram,CCN1CC(CCN2CCOCC2)C(c2ccccc2)(c2ccccc2)C1=O,1,378.52,3.17,32.78,0,3,6,2
pridefine,CCN1CCC(=C(c2ccccc2)c2ccccc2)C1.[Cl-].[H+],1,299.85,1.33,3.24,0,1,3,2
etacepride,CCN1CCCC1CNC(=O)c1cc(C(C)=O)ccc1OC,1,304.39,2.11,58.64,1,4,6,1
amisulpride,CCN1CCCC1CNC(=O)c1cc(S(=O)(=O)CC)c(N)cc1OC,1,369.49,1.29,101.73,2,6,7,1
sultopride,CCN1CCCC1CNC(=O)c1cc(S(=O)(=O)CC)ccc1OC,1,354.47,1.7,75.71,1,5,7,1
sulpiride,CCN1CCCC1CNC(=O)c1cc(S(N)(=O)=O)ccc1OC,1,341.43,0.56,101.73,2,5,6,1
remoxipride,CCN1CCC[C@H]1CNC(=O)c1c(OC)ccc(Br)c1OC,1,371.28,2.68,50.8,1,4,6,1
cefoperazone,CCN1CCN(C(=O)N[C@@H](C(=O)N[C@@H]2C(=O)N3C(C(=O)O)=C(CSc4nnnn4C)CS[C@H]23)c2ccc(O)cc2)C(=O)C1=O,1,645.68,-1.11,220.26,4,12,9,2
piperacillin,CCN1CCN(C(=O)N[C@@H](C(=O)N[C@@H]2C(=O)N3[C@@H]2SC(C)(C)[C@@H]3C(=O)O)c2ccccc2)C(=O)C1=O.O,1,535.58,-1.06,187.93,3,7,6,1
blonanserin,CCN1CCN(c2cc(-c3ccc(F)cc3)c3c(n2)CCCCCC3)CC1,1,367.51,4.69,19.37,0,3,3,2
tiflucarbine,CCN1CCc2[nH]c3cc(F)c4scc(C)c4c3c2C1,1,288.39,4.21,19.03,1,2,1,3
12,CCNC(=NC#N)NCCSCc1ncccc1Br,0,342.27,2.11,73.1,2,4,6,1
cinromide,CCNC(=O)/C=C/c1cccc(Br)c1,1,254.13,2.6,29.1,1,1,3,1
amperozide,CCNC(=O)N1CCN(CCCC(c2ccc(F)cc2)c2ccc(F)cc2)CC1,1,401.5,4.22,35.58,1,2,7,2
eticyclidine,CCNC1(c2ccccc2)CCCCC1,1,203.33,3.46,12.03,1,1,3,1
tiletamine,CCNC1(c2cccs2)CCCCC1=O,1,223.34,2.7,29.1,1,3,3,1
fenozolone,CCNC1=NC(=O)C(c2ccccc2)O1,1,204.23,1.25,50.69,1,3,2,1
etifoxine,CCNC1=Nc2ccc(Cl)cc2C(C)(c2ccccc2)O1.[Cl-].[H+],1,337.25,1.35,33.62,1,3,2,2
etasuline,CCNC1=Nc2ccc(Cl)cc2C(c2ccccc2)S1,1,302.83,4.77,24.39,1,3,2,2
fencamfamin,CCNC1C2CCC(C2)C1c1ccccc1,1,215.34,3.18,12.03,1,1,3,1
etilefrine,CCNCC(O)c1cccc(O)c1,0,181.23,1.04,52.49,3,3,4,1
tamitinol,CCNCc1c(CSC)cnc(C)c1O,1,226.34,2.07,45.15,2,4,5,1
netilmicin,CCN[C@@H]1C[C@H](N)[C@@H](O[C@H]2OC(CN)=CC[C@H]2N)[C@H](O)[C@H]1O[C@H]1OC[C@](C)(O)[C@H](NC)[C@H]1O,0,475.59,-3.2,199.73,8,12,8,0
zylofuramine,CCN[C@H](Cc1ccccc1)[C@H]1CCCO1,1,219.33,2.39,21.26,1,2,5,1
Ethanol,CCO,1,46.07,-0.0,20.23,1,1,0,0
clofibrate,CCOC(=O)C(C)(C)Oc1ccc(Cl)cc1,0,242.7,3.06,35.53,0,3,4,1
neodicoumarol,CCOC(=O)C(c1c(O)oc2ccccc2c1=O)c1c(O)oc2ccccc2c1=O,0,408.36,3.01,127.18,2,8,4,4
hydroxypethidine,CCOC(=O)C1(c2cccc(O)c2)CCN(C)CC1,1,263.34,1.92,49.77,1,4,3,1
tilidine,CCOC(=O)C1(c2ccccc2)CCC=CC1N(C)C.[Cl-].[H+],1,309.84,-0.12,29.54,0,3,4,1
pethidine,CCOC(=O)C1(c2ccccc2)CCN(C)CC1,1,247.34,2.21,29.54,0,3,3,1
demerol,CCOC(=O)C1(c2ccccc2)CCN(C)CC1.[Cl-].[H+],1,283.8,-0.67,29.54,0,3,3,1
piminodine,CCOC(=O)C1(c2ccccc2)CCN(CCCNc2ccccc2)CC1,1,366.51,4.09,41.57,1,4,8,2
anileridine,CCOC(=O)C1(c2ccccc2)CCN(CCc2ccc(N)cc2)CC1,1,352.48,3.41,55.56,1,4,6,2
felodipine,CCOC(=O)C1=C(C)NC(C)=C(C(=O)OC)C1c1cccc(Cl)c1Cl,0,384.26,3.96,64.63,1,5,4,1
nitrendipine,CCOC(=O)C1=C(C)NC(C)=C(C(=O)OC)C1c1cccc([N+](=O)[O-])c1,0,360.37,2.57,107.77,1,7,5,1
ethyl-chloride,CCOC(=O)C1N=C(c2ccccc2F)c2cc(Cl)ccc2NC1=O,1,360.77,3.2,67.76,1,4,3,2
bervastatin,CCOC(=O)C[C@@H](O)C[C@@H](O)/C=C/C1=C(c2ccc(F)cc2)c2ccccc2OC12CCCC2,1,466.55,4.95,75.99,2,5,8,2
flubanilate,CCOC(=O)N(CCN(C)C)c1cccc(C(F)(F)F)c1,1,304.31,3.23,32.78,0,3,5,1
encyprate,CCOC(=O)N(Cc1ccccc1)C1CC1,1,219.28,2.81,29.54,0,2,4,1
loratadine,CCOC(=O)N1CCC(=C2c3ccc(Cl)cc3CCc3cccnc32)CC1,1,382.89,4.89,42.43,0,3,1,2
arfendazam,CCOC(=O)N1CCC(=O)N(c2ccccc2)c2cc(Cl)ccc21,1,344.8,4.37,49.85,0,3,2,2
GR89696_et,CCOC(=O)N1CCN(C(=O)Cc2ccc(Cl)c(Cl)c2)[C@@H](CN2CCCC2)C1,1,428.36,3.3,53.09,0,4,5,1
carbocloral,CCOC(=O)NC(O)C(Cl)(Cl)Cl,1,236.48,1.42,58.56,2,3,2,0
carbenzide,CCOC(=O)NNC(C)c1ccccc1,1,208.26,2.0,50.36,2,3,4,1
retigabine,CCOC(=O)Nc1ccc(NCc2ccc(F)cc2)cc1N,1,303.34,3.59,76.38,3,4,5,2
bacmecillinam,CCOC(=O)OC(C)OC(=O)[C@@H]1N2C(=O)[C@@H](N=CN3CCCCCC3)[C@H]2SC1(C)C,0,441.55,2.38,97.74,0,8,6,0
loteprednol(loteprednol-etabonate),CCOC(=O)OC1(C(=O)OCCl)CCC2C3CCC4=CC(=O)C=CC4(C)C3C(O)CC21C,1,466.96,3.92,99.13,1,7,4,0
cetotiamine,CCOC(=O)OCC/C(SC(=O)OCC)=C(\C)N(C=O)Cc1cnc(C)nc1N,1,426.5,3.01,133.94,1,10,10,1
prednicarbate,CCOC(=O)O[C@]1(C(=O)COC(=O)CC)CC[C@H]2[C@@H]3CCC4=CC(=O)C=C[C@]4(C)[C@H]3[C@@H](O)C[C@@]21C,1,488.58,3.7,116.2,1,8,6,0
Enalapril,CCOC(=O)[C@H](CCc1ccccc1)N[C@@H](C)C(=O)N1CCC[C@H]1C(=O)O,0,376.45,1.6,95.94,2,5,9,1
alpertine,CCOC(=O)c1[nH]c2cc(OC)c(OC)cc2c1CCN1CCN(c2ccccc2)CC1,1,437.54,3.73,67.03,1,6,8,3
benzocaine,CCOC(=O)c1ccc(N)cc1,1,165.19,1.45,52.32,1,3,2,1
etazolate,CCOC(=O)c1cnc2c(cnn2CC)c1NN=C(C)C,1,289.34,2.44,81.4,1,6,5,2
flutomidate,CCOC(=O)c1cncn1C(C)c1ccc(F)cc1,1,262.28,2.81,44.12,0,3,4,2
etomidate,CCOC(=O)c1cncn1C(C)c1ccccc1,1,244.29,2.67,44.12,0,3,4,2
Flumazenil,CCOC(=O)c1ncn2c1CN(C)C(=O)c1cc(F)ccc1-2,1,303.29,1.77,64.43,0,4,2,2
urethane,CCOC(N)=O,1,89.09,0.1,52.32,1,2,1,0
detorubicin,CCOC(OCC)C(=O)OCC(=O)C1(O)Cc2c(O)c3c(c(O)c2C(OC2CC(N)C(O)C(C)O2)C1)C(=O)c1c(OC)cccc1C3=O,0,673.67,0.95,230.6,5,15,11,2
etazepine,CCOC1c2ccccc2C(=O)N(C)c2ccccc21,1,267.33,3.4,29.54,0,2,2,2
Diethylether,CCOCC,1,74.12,1.04,9.23,0,1,2,0
lirequinil,CCO[C@H]1CCN(C(=O)c2cc(-c3ccccc3)c(=O)n3c2-c2cc(Cl)ccc2CC3)C1,1,448.95,4.64,51.54,0,3,4,3
minaxolone,CCO[C@H]1C[C@@]2(C)[C@@H](CC[C@@H]3[C@@H]2[C@H](N(C)C)C[C@]2(C)[C@@H](C(C)=O)CC[C@@H]32)C[C@@H]1O,1,405.62,4.15,49.77,1,4,4,0
cinitapride,CCOc1cc(N)c([N+](=O)[O-])cc1C(=O)NC1CCN(CC2CC=CCC2)CC1,1,402.5,3.13,110.73,2,6,7,1
phenacetin,CCOc1ccc(NC(C)=O)cc1,0,179.22,2.04,38.33,1,2,3,1
Nafcillin,CCOc1ccc2ccccc2c1C(=O)N[C@@H]1C(=O)N2[C@@H]1SC(C)(C)[C@@H]2C(=O)[O-].[Na+],0,436.47,-1.85,98.77,1,6,5,2
viloxazine,CCOc1ccccc1OCC1CNCCO1,1,237.3,1.45,39.72,1,4,5,1
reboxetine,CCOc1ccccc1O[C@@H](c1ccccc1)[C@@H]1CNCCO1,1,313.4,3.19,39.72,1,4,6,2
sulfonmethane,CCS(=O)(=O)C(C)(C)S(=O)(=O)CC,1,228.33,0.59,68.28,0,4,4,0
elfazepam,CCS(=O)(=O)CCN1C(=O)CN=C(c2ccccc2F)c2cc(Cl)ccc21,1,408.88,3.1,66.81,0,4,5,2
tinidazole,CCS(=O)(=O)CCn1c([N+](=O)[O-])cnc1C,1,247.28,0.53,95.1,0,5,5,1
fluoresone,CCS(=O)(=O)c1ccc(F)cc1,1,188.22,1.62,34.14,0,2,2,1
tipredane,CCS[C@]1(SC)CC[C@H]2[C@@H]3CCC4=CC(=O)C=C[C@]4(C)[C@@]3(F)[C@@H](O)C[C@@]21C,1,410.62,5.17,37.3,1,4,3,0
thiethylperazine,CCSc1ccc2c(c1)N(CCCN1CCN(C)CC1)c1ccccc1S2,1,399.63,5.04,9.72,0,5,6,2
Ethambutol,CC[C@@H](CO)NCCN[C@@H](CC)CO,0,204.31,-0.29,64.52,4,4,9,0
alphamethadol,CC[C@@H](O)C(C[C@@H](C)N(C)C)(c1ccccc1)c1ccccc1,1,311.47,4.08,23.47,1,2,7,2
Topotecan,CC[C@@]1(O)C(=O)OCc2c1cc1n(c2=O)Cc2cc3c(CN(C)C)c(O)ccc3nc2-1,1,421.45,1.85,104.89,2,7,3,3
aclarubicin,CC[C@@]1(O)C[C@H](OC2CC(N(C)C)C(OC3CC(O)C(OC4CCC(=O)C(C)O4)C(C)O3)C(C)O2)c2c(cc3c(c2O)C(=O)c2c(O)cccc2C3=O)[C@H]1C(=O)OC,0,811.88,3.16,217.05,4,16,9,2
rodorubicin,CC[C@@]1(O)C[C@H](O[C@H]2C[C@H](N(C)C)[C@H](O[C@H]3C[C@@H]4O[C@H]5CC(=O)[C@H](C)O[C@H]5O[C@@H]4[C@H](C)O3)[C@H](C)O2)c2c(O)c3c(c(O)c2[C@H]1O[C@H]1C[C@H](N(C)C)[C@H](O)[C@H](C)O1)C(=O)c1cccc(O)c1C3=O,0,941.04,3.11,241.91,5,19,9,2
mevastatin,CC[C@H](C)C(=O)O[C@H]1CCC=C2C=C[C@H](C)[C@H](CC[C@@H]3C[C@@H](O)CC(=O)O3)[C@H]21,1,390.52,3.95,72.83,1,5,6,0
Pravastatin,CC[C@H](C)C(=O)O[C@H]1C[C@H](O)C=C2C=C[C@H](C)[C@H](CC[C@@H](O)C[C@@H](O)CC(=O)O)[C@H]21,0,424.53,2.44,124.29,4,6,10,0
SB-222200,CC[C@H](NC(=O)c1c(C)c(-c2ccccc2)nc2ccccc12)c1ccccc1,1,380.49,6.09,41.99,1,2,5,4
skb-i,CC[C@H](NC(=O)c1c(Cn2ccnc2)c(-c2ccccc2)nc2ccccc12)c1ccccc1,0,446.55,6.03,59.81,1,3,7,5
skb_a,CC[C@H](NC(=O)c1c(O)c(-c2ccccc2)nc2ccccc12)c1ccccc1,1,382.46,5.49,62.22,2,3,5,4
skb-d,CC[C@H](NC(=O)c1c(OCC(=O)O)c(-c2ccccc2)nc2ccccc12)c1ccccc1,0,440.5,5.25,88.52,2,4,8,4
skb-e,CC[C@H](NC(=O)c1c(OCCCC(=O)O)c(-c2ccccc2)nc2ccccc12)c1ccccc1,0,468.55,6.03,88.52,2,4,10,4
skb_c,CC[C@H](NC(=O)c1c(OCCCN(C)C)c(-c2ccccc2)nc2ccccc12)c1ccccc1,1,467.61,6.11,54.46,1,4,10,4
skb-f,CC[C@H](NC(=O)c1c(OCCNC(=O)Cc2ccccc2C(=O)O)c(-c2ccccc2)nc2ccccc12)c1ccccc1,0,587.68,6.22,117.62,3,5,12,5
skb-g,CC[C@H](NC(=O)c1c(OCCNC(=O)Cc2ccccn2)c(-c2ccccc2)nc2ccccc12)c1ccccc1,0,544.66,5.92,93.21,2,5,11,5
skb-h,CC[C@H](NC(=O)c1c(OCCNC(=O)[C@@H]2CCCN2)c(-c2ccccc2)nc2ccccc12)c1ccccc1,0,522.65,5.03,92.35,3,5,10,4
conorphone(conorfone),CC[C@H]1CC(=O)[C@@H]2Oc3c(OC)ccc4c3[C@@]23CCN(CC2CC2)C(C4)[C@H]13,1,367.49,3.35,38.77,0,4,4,1
emetine,CC[C@H]1CN2CCc3cc(OC)c(OC)cc3[C@@H]2C[C@@H]1C[C@H]1NCCc2cc(OC)c(OC)cc21.[Cl],0,516.1,5.63,52.19,1,6,7,2
lexithromycin,CC[C@H]1OC(=O)[C@H](C)[C@@H](OC2CC(C)(OC)C(O)C(C)O2)C(C)[C@@H](OC2OC(C)CC(N(C)C)C2O)[C@](C)(O)C[C@@H](C)/C(=N\OC)[C@H](C)[C@@H](O)[C@]1(C)O,0,762.98,2.22,198.43,5,15,8,0
berythromycin,CC[C@H]1OC(=O)[C@H](C)[C@@H](OC2CC(C)(OC)C(O)C(C)O2)C(C)[C@@H](OC2OC(C)CC(N(C)C)C2O)[C@](C)(O)C[C@@H](C)C(=O)[C@H](C)[C@@H](O)[C@H]1C,0,717.94,2.67,173.68,4,13,7,0
Azithromycin,CC[C@H]1OC(=O)[C@H](C)[C@@H](O[C@H]2C[C@@](C)(OC)[C@@H](O)[C@H](C)O2)C(C)[C@@H](O[C@@H]2O[C@H](C)C[C@H](N(C)C)[C@H]2O)[C@](C)(O)C[C@@H](C)CN(C)[C@H](C)[C@@H](O)[C@]1(C)O,0,749.0,1.9,180.08,5,14,7,0
roxithromycin,CC[C@H]1OC(=O)[C@H](C)[C@@H](O[C@H]2C[C@@](C)(OC)[C@@H](O)[C@H](C)O2)[C@H](C)[C@@H](O[C@@H]2O[C@H](C)C[C@H](N(C)C)[C@H]2O)[C@](C)(O)C[C@@H](C)/C(=N/OCOCCOC)[C@H](C)[C@@H](O)[C@]1(C)O,0,837.06,2.21,216.89,5,17,13,0
erythromycin,CC[C@H]1OC(=O)[C@H](C)[C@@H](O[C@H]2C[C@@](C)(OC)[C@@H](O)[C@H](C)O2)[C@H](C)[C@@H](O[C@@H]2O[C@H](C)C[C@H](N(C)C)[C@H]2O)[C@](C)(O)C[C@@H](C)C(=O)[C@H](C)[C@@H](O)[C@]1(C)O,0,733.94,1.79,193.91,5,14,7,0
dirithromycin,CC[C@H]1OC(=O)[C@H](C)[C@@H](O[C@H]2C[C@@](C)(OC)[C@@H](O)[C@H](C)O2)[C@H](C)[C@@H](O[C@@H]2O[C@H](C)C[C@H](N(C)C)[C@H]2O)[C@](C)(O)C[C@@H](C)[C@@H]2N[C@@H](COCCOC)O[C@H]([C@H]2C)[C@]1(C)O,0,835.09,2.2,196.33,5,16,12,0
flurithromycin,CC[C@H]1OC(=O)[C@H](C)[C@@H](O[C@H]2C[C@@](C)(OC)[C@@H](O)[C@H](C)O2)[C@H](C)[C@@H](O[C@@H]2O[C@H](C)C[C@H](N(C)C)[C@H]2O)[C@](C)(O)C[C@](C)(F)C(=O)[C@H](C)[C@@H](O)[C@]1(C)O,0,751.93,1.88,193.91,5,14,7,0
clarithromycin,CC[C@H]1OC(=O)[C@H](C)[C@@H](O[C@H]2C[C@@](C)(OC)[C@@H](O)[C@H](C)O2)[C@H](C)[C@@H](O[C@@H]2O[C@H](C)C[C@H](N(C)C)[C@H]2O)[C@](C)(OC)C[C@@H](C)C(=O)[C@H](C)[C@@H](O)[C@]1(C)O,0,747.96,2.44,182.91,4,14,8,0
vinblastine,CC[C@]1(O)C[C@H]2CN(CCc3c([nH]c4ccccc34)[C@@](C(=O)OC)(c3cc4c(cc3OC)N(C)[C@H]3[C@@](O)(C(=O)OC)[C@H](OC(C)=O)[C@]5(CC)C=CCN6CC[C@]43[C@@H]65)C2)C1,1,810.99,3.99,154.1,3,12,7,3
vindesine,CC[C@]1(O)C[C@H]2CN(CCc3c([nH]c4ccccc34)[C@@](C(=O)OC)(c3cc4c(cc3OC)N(C)[C@H]3[C@@](O)(C(N)=O)[C@H](O)[C@]5(CC)C=CCN6CC[C@]43[C@@H]65)C2)C1,0,753.94,2.73,164.82,5,10,6,3
vincristine,CC[C@]1(O)C[C@H]2CN(CCc3c([nH]c4ccccc34)[C@@](C(=O)OC)(c3cc4c(cc3OC)N(C=O)[C@H]3[C@@](O)(C(=O)OC)[C@H](OC(C)=O)[C@]5(CC)C=CCN6CC[C@]43[C@@H]65)C2)C1,1,824.97,3.52,171.17,3,12,8,3
bremazocine,CC[C@]12CCN(CC3(O)CC3)[C@H](Cc3ccc(O)cc31)C2(C)C,1,315.46,3.22,43.7,2,3,3,1
Bretyliumtosilate,CC[N+](C)(C)Cc1ccccc1Br.Cc1ccc(S(=O)(=O)[O-])cc1,0,414.37,3.94,57.2,0,3,4,2
methantheline,CC[N+](C)(CC)CCOC(=O)C1c2ccccc2Oc2ccccc21,0,340.44,3.95,35.53,0,3,6,2
tofisoline,CCc1c(C)[n+]([NH-])c(-c2ccc(OC)c(OC)c2)c2cc(OC)c(OC)cc12,1,382.46,4.51,64.6,0,4,6,3
molindone,CCc1c(C)[nH]c2c1C(=O)C(CN1CCOCC1)CC2,1,276.38,1.96,45.33,1,3,3,1
piquindone,CCc1c(C)[nH]c2c1C(=O)[C@@H]1CN(C)CC[C@H]1C2,1,246.35,2.19,36.1,1,2,1,1
cp94,CCc1c(O)c(=O)ccn1CC,1,167.21,1.14,42.23,1,2,2,1
cp107,CCc1c(O)c(=O)ccn1CCCCO,0,211.26,0.89,62.46,2,3,5,1
cp102,CCc1c(O)c(=O)ccn1CCO,0,183.21,0.11,62.46,2,3,3,1
fasiplon,CCc1c(OC)nc2nc(-c3noc(C)n3)cn2c1C,1,273.3,1.97,78.34,0,6,3,3
divaplon,CCc1c(OC)nc2nc(C(=O)c3ccccc3)cn2c1C,1,295.34,2.84,56.49,0,4,4,3
Ethionamide,CCc1cc(C(N)=S)ccn1,1,166.25,1.28,38.91,1,2,2,1
etizolam,CCc1cc2c(s1)-n1c(C)nnc1CN=C2c1ccccc1Cl,1,342.86,4.2,43.07,0,4,2,3
clotiazepam,CCc1cc2c(s1)N(C)C(=O)CN=C2c1ccccc1Cl,1,318.83,3.78,32.67,0,3,2,2
etymemazine,CCc1ccc2c(c1)N(CC(C)CN(C)C)c1ccccc1S2,1,326.51,5.05,6.48,0,3,5,2
38480,CCc1ccccc1,1,106.17,2.25,0.0,0,0,1,1
etaqualone,CCc1ccccc1-n1c(C)nc2ccccc2c1=O,1,264.33,3.26,34.89,0,2,2,3
Pyrimethamine,CCc1nc(N)nc(N)c1-c1ccc(Cl)cc1,1,248.72,2.52,77.82,2,4,2,2
etoperidone,CCc1nn(CCCN2CCN(c3cccc(Cl)c3)CC2)c(=O)n1CC,1,377.92,2.49,46.3,0,4,7,2
nefazodone,CCc1nn(CCCN2CCN(c3cccc(Cl)c3)CC2)c(=O)n1CCOc1ccccc1.[Cl-].[H+],1,506.48,0.67,55.53,0,5,10,3
tandamine,CCn1c2c(c3ccccc31)CCSC2(C)CCN(C)C,1,302.49,4.12,8.17,0,2,4,2
pefloxacin,CCn1cc(C(=O)O)c(=O)c2cc(F)c(N3CCN(C)CC3)cc21,0,333.36,1.61,65.78,1,4,3,2
lomefloxacin,CCn1cc(C(=O)O)c(=O)c2cc(F)c(N3CCNC(C)C3)c(F)c21,0,351.35,1.8,74.57,2,4,3,2
norfloxacin,CCn1cc(C(=O)O)c(=O)c2cc(F)c(N3CCNCC3)cc21,0,319.34,1.27,74.57,2,4,3,2
enoxacin,CCn1cc(C(=O)O)c(=O)c2cc(F)c(N3CCNCC3)nc21,0,320.32,0.66,87.46,2,5,3,2
Nalidixicacid,CCn1cc(C(=O)O)c(=O)c2ccc(C)nc21,0,232.24,1.42,72.19,1,3,2,2
amfonelic-acid,CCn1cc(C(=O)O)c(=O)c2ccc(Cc3ccccc3)nc21,1,308.34,2.71,72.19,1,3,4,3
cp21,CCn1ccc(=O)c(O)c1C,1,153.18,0.88,42.23,1,2,1,1
ripazepam,CCn1nc(C)c2c1C(c1ccccc1)=NCC(=O)N2,1,268.32,2.0,59.28,1,3,2,2
brifentanil,CCn1nnn(CCN2CC[C@H](N(C(=O)COC)c3ccccc3F)[C@H](C)C2)c1=O,1,420.49,0.99,85.49,0,6,8,2
asimadoline,CN(C(=O)C(c1ccccc1)c1ccccc1)[C@H](CN1CC[C@H](O)C1)c1ccccc1,1,414.55,4.08,43.78,1,3,7,3
dulozafone,CN(C(=O)CN(CCO)CCO)c1ccc(Cl)cc1C(=O)c1ccccc1Cl,1,425.31,2.47,81.08,2,5,9,2
lorzafone,CN(C(=O)CNC(=O)CN)c1ccc(Cl)cc1C(=O)c1ccccc1Cl.O,1,412.27,1.44,124.0,2,4,6,2
avizafone,CN(C(=O)CNC(=O)[C@@H](N)CCCCN)c1ccc(Cl)cc1C(=O)c1ccccc1,1,430.94,2.11,118.52,3,5,10,2
ciprazafone,CN(C(=O)CNC1CC1)c1ccc(Cl)cc1C(=O)c1ccccc1Cl,1,377.27,3.94,49.41,1,3,6,2
U50488,CN(C(=O)Cc1ccc(Cl)c(Cl)c1)C1CCCC[C@H]1N1CCCC1,1,369.34,4.4,23.55,0,2,4,1
ICI199441,CN(C(=O)Cc1ccc(Cl)c(Cl)c1)[C@@H](CN1CCCC1)c1ccccc1,1,391.34,4.83,23.55,0,2,6,2
spiradoline,CN(C(=O)Cc1ccc(Cl)c(Cl)c1)[C@H]1CC[C@@]2(CCCO2)C[C@@H]1N1CCCC1,1,425.4,4.56,32.78,0,3,4,1
EMD60400,CN(C(=O)Cc1ccccc1N)[C@@H](CN1CC[C@@H](O)C1)c1ccccc1,0,353.47,2.08,69.8,2,4,6,2
BRL53080,CN(C)C(=O)C(CCN1CCC(O)(c2ccc(Cl)cc2)CC1)(c1ccccc1)c1ccccc1,1,477.05,5.09,43.78,1,3,7,3
amiperone,CN(C)C(=O)C1(c2ccc(Cl)cc2)CCN(CCCC(=O)c2ccc(F)cc2)CC1,1,430.95,4.56,40.62,0,3,7,2
bromamid,CN(C)C(=O)CCNc1ccc(Br)cc1,1,271.16,2.34,32.34,1,2,4,1
oxitriptyline,CN(C)C(=O)COC1c2ccccc2CCc2ccccc21,1,295.38,2.98,29.54,0,2,3,2
camazepam,CN(C)C(=O)OC1N=C(c2ccccc2)c2cc(Cl)ccc2N(C)C1=O,1,371.82,3.18,62.21,0,4,2,2
Pyridostigminebromide,CN(C)C(=O)Oc1ccc[n+](C)c1.[Br-],1,261.12,-2.42,33.42,0,2,1,1
rilmazafone,CN(C)C(=O)c1nc(CNC(=O)CN)n(-c2ccc(Cl)cc2C(=O)c2ccccc2Cl)n1,1,475.34,2.08,123.21,2,6,7,3
cericlamine,CN(C)C(C)(CO)Cc1ccc(Cl)c(Cl)c1.[Cl-].[H+],1,298.64,-0.04,23.47,1,2,4,1
zimelidine,CN(C)C/C=C(/c1ccc(Br)cc1)c1cccnc1,1,317.23,3.84,16.13,0,2,4,2
thozalinone(tozalinone),CN(C)C1=NC(=O)C(c2ccccc2)O1,1,204.23,1.2,41.9,0,3,1,1
guamecycline,CN(C)C1C(=O)/C(=C(/O)NCN2CCN(C(=N)N=C(N)N)CC2)C(=O)C2(O)C(=O)C3=C(O)c4c(O)cccc4C(C)(O)C3CC12,0,626.67,-1.96,262.36,9,12,4,1
pipacycline,CN(C)C1C(=O)/C(=C(/O)NCN2CCN(CCO)CC2)C(=O)C2(O)C(=O)C3=C(O)c4c(O)cccc4C(C)(O)C3CC12,0,586.64,-1.17,194.34,7,13,6,1
flucindol,CN(C)C1CCc2[nH]c3c(F)cc(F)cc3c2C1,1,250.29,2.87,19.03,1,1,1,2
cyclindole(ciclindole),CN(C)C1CCc2[nH]c3ccccc3c2C1,1,214.31,2.59,19.03,1,1,1,2
intriptyline,CN(C)CC#CC=C1c2ccccc2C=Cc2ccccc21,1,285.39,4.17,3.24,0,1,1,2
cotriptyline,CN(C)CC(=O)C=C1c2ccccc2CCc2ccccc21,1,291.39,3.35,20.31,0,2,3,2
dacemazine,CN(C)CC(=O)N1c2ccccc2Sc2ccccc21,1,284.38,3.38,23.55,0,3,2,2
aminopromazine,CN(C)CC(CN1c2ccccc2Sc2ccccc21)N(C)C,1,327.5,3.78,9.72,0,4,5,2
clemeprol,CN(C)CC(O)C(c1ccccc1)c1ccc(Cl)cc1,1,289.81,3.39,23.47,1,2,5,2
medifoxamine,CN(C)CC(Oc1ccccc1)Oc1ccccc1,1,257.33,3.03,21.7,0,3,6,2
doxepin,CN(C)CC/C=C1/c2ccccc2COc2ccccc21.[Cl-].[H+],1,315.84,1.08,12.47,0,2,3,2
dosulepin,CN(C)CC/C=C1/c2ccccc2CSc2ccccc21.[Cl-].[H+],1,331.91,1.79,3.24,0,2,3,2
chlorprothixene,CN(C)CC/C=C1/c2ccccc2Sc2ccc(Cl)cc21,1,315.87,5.19,3.24,0,2,3,2
damotepine,CN(C)CC1=Cc2ccccc2Sc2ccccc21,1,267.4,4.25,3.24,0,2,2,2
spiroxepin,CN(C)CC1COC2(O1)c1ccccc1COc1ccccc12,1,311.38,2.76,30.93,0,4,2,2
gamfexine,CN(C)CCC(c1ccccc1)C1CCCCC1,1,245.41,4.3,3.24,0,1,5,1
pheniramine,CN(C)CCC(c1ccccc1)c1ccccn1,0,240.35,3.17,16.13,0,2,5,2
pirandamine,CN(C)CCC1(C)OCCC2=C1c1ccccc1C2,1,257.38,3.13,12.47,0,2,3,1
indriline,CN(C)CCC1(c2ccccc2)C=Cc2ccccc21,1,263.38,3.95,3.24,0,1,4,2
melitracen,CN(C)CCC=C1c2ccccc2C(C)(C)c2ccccc21,1,291.44,4.71,3.24,0,1,3,2
cyclobenzaprine,CN(C)CCC=C1c2ccccc2C=Cc2ccccc21,1,275.4,4.55,3.24,0,1,3,2
36,CN(C)CCC=C1c2ccccc2CCc2ccccc21,1,277.41,4.17,3.24,0,1,3,2
cidoxepin,CN(C)CCC=C1c2ccccc2COc2ccccc21,1,279.38,3.96,12.47,0,2,3,2
prothixene,CN(C)CCC=C1c2ccccc2Sc2ccccc21,1,281.42,4.53,3.24,0,2,3,2
citalopram,CN(C)CCCC1(c2ccc(F)cc2)OCc2cc(C#N)ccc21,1,324.4,3.81,36.26,0,3,5,2
clomacran,CN(C)CCCC1c2ccccc2Nc2ccc(Cl)cc21,1,300.83,4.87,15.27,1,2,4,2
dimetacrine,CN(C)CCCN1c2ccccc2C(C)(C)c2ccccc21,1,294.44,4.42,6.48,0,2,4,2
tampramine,CN(C)CCCN1c2ccccc2C(c2ccccc2)=Nc2cccnc21,1,356.47,4.65,31.73,0,4,5,3
depramine,CN(C)CCCN1c2ccccc2C=Cc2ccccc21,1,278.4,4.26,6.48,0,2,4,2
tienopramine,CN(C)CCCN1c2ccccc2C=Cc2sccc21,1,284.43,4.32,6.48,0,3,4,2
ketipramine(ketimipramine),CN(C)CCCN1c2ccccc2CC(=O)c2ccccc21,1,294.4,3.52,23.55,0,3,4,2
cianopramine,CN(C)CCCN1c2ccccc2CCc2ccc(C#N)cc21,1,305.43,3.75,30.27,0,3,4,2
clomipramine,CN(C)CCCN1c2ccccc2CCc2ccc(Cl)cc21,1,314.86,4.53,6.48,0,2,4,2
imipramine,CN(C)CCCN1c2ccccc2CCc2ccccc21,1,280.42,3.88,6.48,0,2,4,2
triflupromazine,CN(C)CCCN1c2ccccc2Sc2ccc(C(F)(F)F)cc21,1,352.43,5.26,6.48,0,3,4,2
chlorpromazine,CN(C)CCCN1c2ccccc2Sc2ccc(Cl)cc21,1,318.87,4.89,6.48,0,3,4,2
promazine,CN(C)CCCN1c2ccccc2Sc2ccccc21,1,284.43,4.24,6.48,0,3,4,2
prothipendyl,CN(C)CCCN1c2ccccc2Sc2cccnc21,1,285.42,3.64,19.37,0,4,4,2
fantridone,CN(C)CCCn1c(=O)c2ccccc2c2ccccc21,1,280.37,3.11,25.24,0,2,4,3
clodazon,CN(C)CCCn1c(=O)n(-c2ccccc2)c2cc(Cl)ccc21,1,329.83,3.4,30.17,0,2,5,3
iprindole,CN(C)CCCn1c2c(c3ccccc31)CCCCCC2,1,284.45,4.25,8.17,0,1,4,2
fezolamine,CN(C)CCCn1cc(-c2ccccc2)c(-c2ccccc2)n1,1,305.43,4.17,21.06,0,2,6,3
binedaline,CN(C)CCN(C)n1cc(-c2ccccc2)c2ccccc21,1,293.41,3.44,11.41,0,2,5,3
methapyrilene,CN(C)CCN(Cc1cccs1)c1ccccn1,1,261.39,2.71,19.37,0,4,6,2
thiazesim(tiazesim),CN(C)CCN1C(=O)CC(c2ccccc2)Sc2ccccc21,1,326.47,3.82,23.55,0,3,4,2
dibenzepin,CN(C)CCN1C(=O)c2ccccc2N(C)c2ccccc21,1,295.39,2.98,26.79,0,3,3,2
imidoline,CN(C)CCN1CCN(c2cccc(Cl)c2)C1=O,1,267.76,2.14,26.79,0,2,4,1
deanol,CN(C)CCO,1,89.14,-0.46,23.47,1,2,2,0
cyprodenate,CN(C)CCOC(=O)CCC1CCCCC1,1,227.35,2.45,29.54,0,3,6,0
meclofenoxate,CN(C)CCOC(=O)COc1ccc(Cl)cc1,1,257.72,1.82,38.77,0,4,6,1
chlorphenoxamine,CN(C)CCOC(C)(c1ccccc1)c1ccc(Cl)cc1,1,303.83,4.18,12.47,0,2,6,2
doxylamine,CN(C)CCOC(C)(c1ccccc1)c1ccccn1,1,270.38,2.92,25.36,0,3,6,2
doxylamine succinate,CN(C)CCOC(C)(c1ccccc1)c1ccccn1.O=C(O)CCC(=O)O,1,388.46,2.86,99.96,2,5,9,2
bromodiphenhydramine(bromazine),CN(C)CCOC(c1ccccc1)c1ccc(Br)cc1,1,334.26,4.12,12.47,0,2,6,2
diphenhydramine,CN(C)CCOC(c1ccccc1)c1ccccc1,1,255.36,3.35,12.47,0,2,6,2
bufenadrine,CN(C)CCOC(c1ccccc1)c1ccccc1C(C)(C)C,1,311.47,4.65,12.47,0,2,6,2
ramciclane,CN(C)CCOC1(Cc2ccccc2)CC2CCC1(C)C2(C)C,1,315.5,4.39,12.47,0,2,6,1
zotepine,CN(C)CCOC1=Cc2ccccc2Sc2ccc(Cl)cc21,1,331.87,4.88,12.47,0,3,4,2
noxiptiline,CN(C)CCON=C1c2ccccc2CCc2ccccc21,1,294.4,3.12,24.83,0,3,4,2
nafenodone(dexnafenodone),CN(C)CC[C@]1(c2ccccc2)CCc2ccccc2C1=O,1,293.41,3.71,20.31,0,2,4,2
bufotenine,CN(C)CCc1c[nH]c2ccc(O)cc12,1,204.27,1.98,39.26,2,2,3,2
psilocybine,CN(C)CCc1c[nH]c2cccc(OP(=O)(O)O)c12,1,284.25,1.74,85.79,3,3,5,2
Y-G 15,CN(C)CCc1ccccn1,1,150.22,1.19,16.13,0,2,3,1
dimethazan,CN(C)CCn1cnc2c1c(=O)n(C)c(=O)n2C,1,251.29,-1.0,65.06,0,4,3,2
cefotiam,CN(C)CCn1nnnc1SCC1=C(C(=O)O)N2C(=O)[C@@H](NC(=O)Cc3csc(N)n3)[C@H]2SC1,0,525.64,-0.65,172.46,3,12,10,2
compound 37,CN(C)Cc1ccc(-c2cccc(NC3N=CC=C3[N+](=O)[O-])c2)o1,1,326.36,2.99,83.91,1,6,6,2
compound 35,CN(C)Cc1ccc(CSCCNC2N=CC=C2[N+](=O)[O-])o1,0,324.41,1.74,83.91,1,7,9,1
compound 36,CN(C)Cc1ccc(CSCCNc2[nH]cc(Cc3ccccc3)c2[N+](=O)[O-])o1,1,414.53,4.51,87.34,2,6,11,3
SKF-93619,CN(C)Cc1ccc(CSCCNc2nc(=O)c(Cc3ccc4ccccc4c3)c[nH]2)o1,0,448.59,4.51,74.16,2,6,10,4
compound 38,CN(C)Cc1ccnc(-c2cccc(NC3N=CC=C3[N+](=O)[O-])c2)c1,1,337.38,2.79,83.66,1,6,6,2
adinazolam,CN(C)Cc1nnc2n1-c1ccc(Cl)cc1C(c1ccccc1)=NC2,1,351.84,3.33,46.31,0,4,3,3
Dacarbazine,CN(C)N/N=C1/N=CN=C1C(N)=O,1,182.19,-1.67,95.44,2,5,3,0
pipotiazine,CN(C)S(=O)(=O)c1ccc2c(c1)N(CCCN1CCC(CCO)CC1)c1ccccc1S2,1,475.68,4.02,64.09,1,6,8,2
dapoxetine,CN(C)[C@@H](CCOc1cccc2ccccc12)c1ccccc1,1,305.42,4.91,12.47,0,2,6,3
lymecycline,CN(C)[C@@H]1C(=O)/C(=C(/N)O)C(=O)[C@@]2(O)C(=O)C3=C(O)c4c(O)ccc(Cl)c4[C@@](C)(O)[C@H]3C[C@@H]12.[Cl-].[H+],0,515.35,-2.6,181.62,6,10,1,1
apicycline,CN(C)[C@@H]1C(=O)/C(=C(/O)NC(C(=O)O)N2CCN(CCO)CC2)C(=O)[C@@]2(O)C(=O)C3=C(O)c4c(O)cccc4[C@@](C)(O)[C@H]3C[C@@H]12,0,630.65,-1.72,231.64,8,14,7,1
pecocycline,CN(C)[C@@H]1C(=O)/C(=C(/O)NCN2CCCC(C(=O)O)C2)C(=O)[C@@]2(O)C(=O)C3=C(O)c4c(O)cccc4[C@@](C)(O)[C@H]3C[C@@H]12,0,585.61,0.01,208.17,7,12,5,1
rolitetracycline,CN(C)[C@@H]1C(=O)/C(=C(/O)NCN2CCCC2)C(=O)[C@@]2(O)C(=O)C3=C(O)c4c(O)cccc4[C@@](C)(O)[C@H]3C[C@@H]12,1,527.57,0.31,170.87,6,11,4,1
penimocycline,CN(C)[C@@H]1C(=O)/C(=C(/O)NCNC(C(=O)NC2C(=O)N3C2SC(C)(C)C3C(=O)O)c2ccccc2)C(=O)[C@@]2(O)C(=O)C3=C(O)c4c(O)cccc4[C@@](C)(O)[C@H]3C[C@@H]12,0,805.86,0.18,266.37,9,15,9,2
clomocycline,CN(C)[C@@H]1C(=O)/C(=C(/O)NCO)C(=O)[C@@]2(O)C(=O)C3=C(O)c4c(O)ccc(Cl)c4[C@@](C)(O)[C@H]3C[C@@H]12,0,508.91,-0.14,187.86,7,11,3,1
Demeclocycline,CN(C)[C@@H]1C(=O)/C(=C(\N)O)C(=O)[C@@]2(O)C(=O)C3=C(O)c4c(O)ccc(Cl)c4[C@@H](O)[C@H]3C[C@@H]12,0,464.86,0.11,181.62,6,10,1,1
Chlortetracycline,CN(C)[C@@H]1C(=O)/C(=C(\N)O)C(=O)[C@@]2(O)C(=O)C3=C(O)c4c(O)ccc(Cl)c4[C@@](C)(O)[C@H]3C[C@@H]12,0,478.89,0.28,181.62,6,10,1,1
Auxeomycin,CN(C)[C@@H]1C(=O)/C(=C(\N)O)C(=O)[C@@]2(O)C(=O)C3=C(O)c4c(O)ccc(Cl)c4[C@@](C)(O)[C@H]3C[C@@H]12.[Cl-].[H+],0,515.35,-2.6,181.62,6,10,1,1
nitrocycline,CN(C)[C@@H]1C(=O)/C(=C(\N)O)C(=O)[C@@]2(O)C(=O)C3=C(O)c4c(O)ccc([N+](=O)[O-])c4C[C@H]3C[C@@H]12,0,459.41,-0.13,204.53,5,11,2,1
demecycline,CN(C)[C@@H]1C(=O)/C(=C(\N)O)C(=O)[C@@]2(O)C(=O)C3=C(O)c4c(O)cccc4[C@@H](O)[C@H]3C[C@@H]12,0,430.41,-0.55,181.62,6,10,1,1
TetraCycline,CN(C)[C@@H]1C(=O)/C(=C(\N)O)C(=O)[C@@]2(O)C(=O)C3=C(O)c4c(O)cccc4[C@@](C)(O)[C@H]3C[C@@H]12,0,444.44,-0.37,181.62,6,10,1,1
oxytetracycline,CN(C)[C@@H]1C(=O)/C(=C(\N)O)C(=O)[C@@]2(O)C(=O)C3=C(O)c4c(O)cccc4[C@@](C)(O)[C@H]3[C@H](O)[C@@H]12.O.O,0,496.47,-3.05,264.85,7,11,1,1
amicycline,CN(C)[C@@H]1C(=O)/C(=C(\N)O)C(=O)[C@@]2(O)C(=O)C3=C(O)c4c(ccc(N)c4O)C[C@H]3C[C@@H]12,0,429.43,-0.45,187.41,6,10,1,1
BBcpd10,CN(C)c1cc(-c2n[nH]c(N)n2)ccn1,0,204.24,0.51,83.72,2,5,2,2
11a,CN(C)c1cc(-c2nc(N)n[nH]2)ccn1,0,204.24,0.51,83.72,2,5,2,2
Minocycline,CN(C)c1ccc(O)c2c1C[C@H]1C[C@H]3[C@H](N(C)C)C(O)=C(C(N)=O)C(=O)[C@@]3(O)C(O)=C1C2=O,1,457.48,0.19,164.63,5,9,3,1
ampyzine,CN(C)c1cnccn1,1,123.16,0.54,29.02,0,3,1,1
cinfenine,CN(C/C=C/c1ccccc1)CCOC(c1ccccc1)c1ccccc1,1,357.5,5.44,12.47,0,2,9,3
lofepramine,CN(CCCN1c2ccccc2CCc2ccccc21)CC(=O)c1ccc(Cl)cc1.[Cl-].[H+],1,455.43,2.9,23.55,0,3,7,3
etamocycline,CN(CCN(C)CN/C(O)=C1\C(=O)[C@@H](N(C)C)[C@@H]2C[C@H]3C(=C(O)c4c(O)cccc4[C@@]3(C)O)C(=O)[C@]2(O)C1=O)CN/C(O)=C1\C(=O)[C@@H](N(C)C)[C@@H]2C[C@H]3C(=C(O)c4c(O)cccc4[C@@]3(C)O)C(=O)[C@]2(O)C1=O,0,1001.06,-0.69,341.74,12,22,11,2
azipramine,CN(CCc1cc2cccc3c2n1-c1ccccc1CC3)Cc1ccccc1,1,366.51,5.4,8.17,0,1,5,4
methotrexate,CN(Cc1cnc2nc(N)nc(N)c2n1)c1ccc(C(=O)N[C@@H](CCC(=O)O)C(=O)O)cc1,0,454.45,0.27,210.54,5,10,9,3
Streptozotocin,CN(N=O)C(=O)N[C@@H]1[C@@H](O)[C@H](O)[C@@H](CO)O[C@@H]1O,0,265.22,-2.89,151.92,5,8,3,0
sabeluzole,CN(c1nc2ccccc2s1)C1CCN(CC(O)COc2ccc(F)cc2)CC1,1,415.53,3.78,48.83,1,6,7,3
Ranitidine,CN/C(=C\[N+](=O)[O-])NCCSCc1ccc(CN(C)C)o1,0,314.41,1.46,83.58,2,7,10,1
piroxicam,CN1/C(=C(/O)Nc2ccccn2)C(=O)c2ccccc2S1(=O)=O,0,331.35,1.74,99.6,2,6,2,2
tenoxicam,CN1/C(=C(\O)Nc2ccccn2)C(=O)c2sccc2S1(=O)=O,0,337.38,1.8,99.6,2,7,2,2
temazepam,CN1C(=O)C(O)N=C(c2ccccc2)c2cc(Cl)ccc21,1,300.75,2.47,52.9,1,3,1,2
lormetazepam,CN1C(=O)C(O)N=C(c2ccccc2Cl)c2cc(Cl)ccc21,1,335.19,3.13,52.9,1,3,1,2
flutemazepam,CN1C(=O)C(O)N=C(c2ccccc2F)c2cc(Cl)ccc21,1,318.74,2.61,52.9,1,3,1,2
triflubazam,CN1C(=O)CC(=O)N(c2ccccc2)c2cc(C(F)(F)F)ccc21,1,334.3,3.74,40.62,0,2,1,2
clobazam,CN1C(=O)CC(=O)N(c2ccccc2)c2cc(Cl)ccc21,1,300.75,3.37,40.62,0,2,1,2
methsuximide(mesuximide),CN1C(=O)CC(C)(c2ccccc2)C1=O,1,203.24,1.33,37.38,0,2,1,1
phensuximide,CN1C(=O)CC(c2ccccc2)C1=O,1,189.21,1.16,37.38,0,2,1,1
roxoperone,CN1C(=O)CC2(CCN(CCCC(=O)c3ccc(F)cc3)CC2)C1=O,1,346.4,2.26,57.69,0,4,5,1
cotinine,CN1C(=O)CCC1c1cccnc1,1,176.22,1.37,33.2,0,2,1,1
dichlormezanone,CN1C(=O)CCS(=O)(=O)C1c1ccc(Cl)c(Cl)c1,1,308.19,2.27,54.45,0,3,1,1
chlormezanone,CN1C(=O)CCS(=O)(=O)C1c1ccc(Cl)cc1,1,273.74,1.62,54.45,0,3,1,1
carburazepam,CN1C(=O)CN(C(N)=O)C(c2ccccc2)c2cc(Cl)ccc21,1,329.79,2.79,66.64,1,2,1,2
clazolam,CN1C(=O)CN2CCc3ccccc3C2c2cc(Cl)ccc21,1,312.8,3.26,23.55,0,2,0,2
tetrazepam,CN1C(=O)CN=C(C2=CCCCC2)c2cc(Cl)ccc21,1,288.78,3.61,32.67,0,2,1,1
menitrazepam,CN1C(=O)CN=C(C2=CCCCC2)c2cc([N+](=O)[O-])ccc21,1,299.33,2.86,75.81,0,4,2,1
diazepam,CN1C(=O)CN=C(c2ccccc2)c2cc(Cl)ccc21,1,284.75,3.15,32.67,0,2,1,2
nimetazepam,CN1C(=O)CN=C(c2ccccc2)c2cc([N+](=O)[O-])ccc21,1,295.3,2.41,75.81,0,4,2,2
fludiazepam,CN1C(=O)CN=C(c2ccccc2F)c2cc(Cl)ccc21,1,302.74,3.29,32.67,0,2,1,2
Flunitrazepam,CN1C(=O)CN=C(c2ccccc2F)c2cc([N+](=O)[O-])ccc21,1,313.29,2.55,75.81,0,4,2,2
Hexobarbital,CN1C(=O)NC(=O)C(C)(C2=CCCCC2)C1=O,1,236.27,1.2,66.48,1,3,1,0
trimethadione,CN1C(=O)OC(C)(C)C1=O,1,143.14,0.37,46.61,0,3,0,0
sulazepam,CN1C(=S)CN=C(c2ccccc2)c2cc(Cl)ccc21,1,300.81,3.95,15.6,0,2,1,2
lobeline,CN1C(CC(=O)c2ccccc2)CCCC1CC(O)c1ccccc1,1,337.46,4.24,40.54,1,3,6,2
Methyclothiazide,CN1C(CCl)Nc2cc(Cl)c(S(N)(=O)=O)cc2S1(=O)=O,0,360.24,0.6,109.57,2,5,2,1
Polythiazide,CN1C(CSCC(F)(F)F)Nc2cc(Cl)c(S(N)(=O)=O)cc2S1(=O)=O,0,439.89,1.66,109.57,2,6,4,1
atromepine,CN1C2CCC1CC(OC(=O)C(C)(CO)c1ccccc1)C2,1,303.4,2.1,49.77,1,4,4,1
atropine,CN1C2CCC1CC(OC(=O)C(CO)c1ccccc1)C2,1,289.38,1.93,49.77,1,4,4,1
homatropine,CN1C2CCC1CC(OC(=O)C(O)c1ccccc1)C2,0,275.35,1.89,49.77,1,4,3,1
hyoscyamine,CN1C2CCC1CC(OC(=O)[C@H](CO)c1ccccc1)C2,1,289.38,1.93,49.77,1,4,4,1
benztropine,CN1C2CCC1CC(OC(c1ccccc1)c1ccccc1)C2.O=S(=O)(O)O,1,405.52,3.77,87.07,2,4,4,2
fenobam,CN1CC(=O)N=C1NC(=O)Nc1cccc(Cl)c1,1,266.69,1.29,73.8,2,3,1,1
tiomergine,CN1CC(CSc2ccccn2)C=C2c3cccc4[nH]cc(c34)CC21,1,347.49,4.22,31.92,1,3,3,3
Org5222,CN1CC2c3ccccc3Oc3ccc(Cl)cc3C2C1,1,285.77,4.26,12.47,0,2,0,2
MPTP,CN1CC=C(c2ccccc2)CC1,1,173.26,2.41,3.24,0,1,1,1
danitracen,CN1CCC(=C2c3ccccc3C(O)c3ccccc32)CC1,1,291.39,3.61,23.47,1,2,0,2
pizotifen,CN1CCC(=C2c3ccccc3CCc3sccc32)CC1,1,295.45,4.37,3.24,0,2,0,2
clopipazan,CN1CCC(=C2c3ccccc3Oc3ccc(Cl)cc32)CC1,1,311.81,4.97,12.47,0,2,0,2
pimethixene,CN1CCC(=C2c3ccccc3Sc3ccccc32)CC1,1,293.44,4.68,3.24,0,2,0,2
dimelazine,CN1CCC(C)(CN2c3ccccc3Sc3ccccc32)C1,1,310.47,4.63,6.48,0,3,2,2
hepzidine,CN1CCC(OC2c3ccccc3CCc3ccccc32)CC1,1,307.44,3.99,12.47,0,2,2,2
eptazocine,CN1CCC2(C)CC(Cc3ccc(O)cc32)C1,1,231.34,2.55,23.47,1,2,0,1
dihydromorphine,CN1CCC23c4c5ccc(O)c4OC2C(O)CCC3C1C5,1,287.36,1.42,52.93,2,4,0,1
desomorphine,CN1CCC23c4c5ccc(O)c4OC2CCCC3C1C5,1,271.36,2.45,32.7,1,3,0,1
setiptiline,CN1CCC2=C(C1)c1ccccc1Cc1ccccc12,1,261.37,3.84,3.24,0,1,0,2
citatepine,CN1CCC2=C(CC1)c1cc(C#N)ccc1Sc1ccccc12,1,318.45,4.66,27.03,0,3,0,2
erizepine,CN1CCC2=C(CC1)c1ccccc1N(C)c1ccccc12,1,290.41,4.4,6.48,0,2,0,2
maroxepin,CN1CCC2=C(CC1)c1ccccc1Oc1ccccc12,1,277.37,4.43,12.47,0,2,0,2
pecazine,CN1CCCC(CN2c3ccccc3Sc3ccccc32)C1,1,310.47,4.63,6.48,0,3,2,2
Sulforidazine,CN1CCCCC1CCN1c2ccccc2Sc2ccc(S(C)(=O)=O)cc21,1,402.59,4.57,40.62,0,5,4,2
mesoridazine,CN1CCCCC1CCN1c2ccccc2Sc2ccc(S(C)=O)cc21,1,386.59,4.9,23.55,0,4,4,2
homochlorcyclizine,CN1CCCN(C(c2ccccc2)c2ccc(Cl)cc2)CC1,1,314.86,4.07,6.48,0,2,3,2
nicotine,CN1CCC[C@H]1c1cccnc1,1,162.24,1.85,16.13,0,2,1,1
dabelotine,CN1CCCc2cccc(OCC3CNCCO3)c21,1,262.35,1.44,33.73,1,4,3,1
loprazolam,CN1CCN(/C=C2\N=C3CN=C(c4ccccc4Cl)c4cc([N+](=O)[O-])ccc4N3C2=O)CC1,1,464.91,2.93,94.65,0,7,3,2
Sankyo,CN1CCN(C(=O)Cc2ccc(Cl)c(Cl)c2)[C@@H](CN2CCCC2)C1,1,370.32,2.77,26.79,0,3,4,1
suriclone,CN1CCN(C(=O)OC2C3=C(SCCS3)C(=O)N2c2ccc3ccc(Cl)nc3n2)CC1,1,478.0,3.03,78.87,0,8,2,2
zopiclone,CN1CCN(C(=O)OC2c3nccnc3C(=O)N2c2ccc(Cl)cn2)CC1,1,388.82,1.57,91.76,0,7,2,2
chlorcyclizine,CN1CCN(C(c2ccccc2)c2ccc(Cl)cc2)CC1,1,300.83,3.68,6.48,0,2,3,2
rilapine,CN1CCN(C2=Cc3cc(Cl)ccc3/C(=C\C#N)c3ccccc32)CC1,1,361.88,4.35,30.27,0,3,1,2
fluperlapine,CN1CCN(C2=Nc3cc(F)ccc3Cc3ccccc32)CC1,1,309.39,3.06,18.84,0,3,0,2
perlapine,CN1CCN(C2=Nc3ccccc3Cc3ccccc32)CC1,1,291.4,2.92,18.84,0,3,0,2
loxapine,CN1CCN(C2=Nc3ccccc3Oc3ccc(Cl)cc32)CC1,1,327.82,3.77,28.07,0,4,0,2
clothiapine(clotiapine),CN1CCN(C2=Nc3ccccc3Sc3ccc(Cl)cc32)CC1,1,343.88,4.13,18.84,0,4,0,2
pentiapine,CN1CCN(C2=Nc3ccccc3Sc3nccn32)CC1,1,299.4,2.13,36.66,0,5,0,2
tenilapine,CN1CCN(C2=Nc3cscc3/C(=C/C#N)c3cscc32)CC1,1,340.48,3.4,42.63,0,6,0,2
clozapine,CN1CCN(C2=c3ccccc3=Nc3ccc(Cl)cc3N2)CC1,1,326.83,2.03,30.87,1,4,1,2
clorotepine,CN1CCN(C2Cc3ccccc3Sc3ccc(Cl)cc32)CC1,1,344.91,4.34,6.48,0,3,1,2
Pirenzepine,CN1CCN(CC(=O)N2c3ccccc3C(=O)Nc3cccnc32)CC1,1,351.41,1.56,68.78,1,5,2,2
mazipredone,CN1CCN(CC(=O)[C@@]2(O)CC[C@H]3[C@@H]4CCC5=CC(=O)C=C[C@]5(C)[C@H]4[C@@H](O)C[C@@]32C)CC1,1,442.6,1.81,81.08,2,6,3,0
thiothixene,CN1CCN(CC/C=C2\c3ccccc3Sc3ccc(S(=O)(=O)N(C)C)cc32)CC1,1,443.64,3.47,43.86,0,5,5,2
ftormetazine,CN1CCN(CCC(=O)N2c3ccccc3Sc3ccc(C(F)(F)F)cc32)CC1,1,421.49,4.47,26.79,0,4,3,2
trifluroperazine,CN1CCN(CCCN2c3ccccc3Sc3ccc(C(F)(F)F)cc32)CC1,1,407.51,4.95,9.72,0,4,4,2
prochlorperazine,CN1CCN(CCCN2c3ccccc3Sc3ccc(Cl)cc32)CC1,1,373.95,4.58,9.72,0,4,4,2
thioproperazine,CN1CCN(CCCN2c3ccccc3Sc3ccc(S(=O)(=O)N(C)C)cc32)CC1,1,446.64,3.18,47.1,0,6,6,2
imiclopazine,CN1CCN(CCN2CCN(CCCN3c4ccccc4Sc4ccc(Cl)cc43)CC2)C1=O,1,486.09,4.32,33.27,0,5,7,2
fleroxacin,CN1CCN(c2c(F)cc3c(=O)c(C(=O)O)cn(CCF)c3c2F)CC1,0,369.34,1.7,65.78,1,4,4,2
rufloxacin,CN1CCN(c2c(F)cc3c(=O)c(C(=O)O)cn4c3c2SCC4)CC1,0,363.41,1.7,65.78,1,5,2,2
difloxacin,CN1CCN(c2cc3c(cc2F)c(=O)c(C(=O)O)cn3-c2ccc(F)cc2)CC1,0,399.4,2.72,65.78,1,4,3,3
pipofezine,CN1CCN(c2cc3c(nn2)Oc2ccccc2N3C)CC1,1,297.36,2.1,44.73,0,6,1,2
sifaprazine,CN1CCN(c2ccccc2Cc2ccccc2)CC1,1,266.39,3.03,6.48,0,2,3,2
sipatrigine,CN1CCN(c2ncc(-c3cc(Cl)cc(Cl)c3Cl)c(N)n2)CC1,1,372.69,3.44,58.28,1,5,2,2
timelotem,CN1CCN2c3cc(F)ccc3C(c3cccs3)=NCC2C1,1,315.42,2.86,18.84,0,4,1,2
Mianserin,CN1CCN2c3ccccc3Cc3ccccc3C2C1,1,264.37,3.08,6.48,0,2,0,2
aptazapine,CN1CCN2c3ccccc3Cn3cccc3C2C1.O=C(O)/C=C\C(=O)O,1,369.42,2.05,86.01,2,4,2,2
Mirtazapine,CN1CCN2c3ncccc3Cc3ccccc3C2C1,1,265.36,2.48,19.37,0,3,0,2
medazepam,CN1CCN=C(c2ccccc2)c2cc(Cl)ccc21,1,270.76,3.63,15.6,0,2,1,2
nefopam,CN1CCOC(c2ccccc2)c2ccccc2C1,1,253.34,3.24,12.47,0,2,1,2
7-K06,CN1CC[C@@H]2c3cc(Cl)ccc3Oc3ccccc3[C@H]2C1,1,299.8,4.65,12.47,0,2,0,2
quilostigmine,CN1CC[C@@]2(C)c3cc(OC(=O)N4CCc5ccccc5C4)ccc3N(C)[C@@H]12,1,377.49,3.61,36.02,0,4,1,2
Phenserine,CN1CC[C@@]2(C)c3cc(OC(=O)Nc4ccccc4)ccc3N(C)[C@@H]12,1,337.42,3.67,44.81,1,4,2,2
dextrorphan,CN1CC[C@@]23CCCC[C@@H]2[C@@H]1Cc1ccc(O)cc13,1,257.38,3.08,23.47,1,2,0,1
levorphanol,CN1CC[C@]23CCCC[C@H]2[C@H]1Cc1ccc(O)cc13,1,257.38,3.08,23.47,1,2,0,1
lortalamine,CN1CC[C@]23NC(=O)CC(c4cc(Cl)ccc4O2)C3C1,1,292.77,1.98,41.57,1,3,0,1
metopon,CN1CC[C@]23c4c5ccc(O)c4O[C@@]2(C)C(=O)CC[C@H]3[C@H]1C5,1,299.37,2.02,49.77,1,4,0,1
oxymorphone,CN1CC[C@]23c4c5ccc(O)c4O[C@H]2C(=O)CC[C@@]3(O)[C@H]1C5,1,301.34,0.75,70.0,2,5,0,1
hydromorphone,CN1CC[C@]23c4c5ccc(O)c4O[C@H]2C(=O)CC[C@H]3[C@H]1C5,1,285.34,1.63,49.77,1,4,0,1
morphine,CN1CC[C@]23c4c5ccc(O)c4O[C@H]2C(O)C=C[C@H]3[C@H]1C5,1,285.34,1.2,52.93,2,4,0,1
hydromorphinol,CN1CC[C@]23c4c5ccc(O)c4O[C@H]2[C@@H](O)CC[C@@]3(O)[C@H]1C5,1,303.36,0.54,73.16,3,5,0,1
nicomorphine,CN1CC[C@]23c4c5ccc(OC(=O)c6cccnc6)c4O[C@H]2[C@@H](OC(=O)c2cccnc2)C=C[C@H]3[C@H]1C5,1,495.54,3.37,90.85,0,8,4,3
berupipam,CN1CCc2cc(Cl)c(O)cc2[C@@H](c2cc(Br)cc3c2OCC3)C1,1,408.72,4.36,32.7,1,3,1,2
apomorphine,CN1CCc2cccc3c2[C@H]1Cc1ccc(O)c(O)c1-3,1,267.33,2.85,43.7,2,3,0,2
delergotrile,CN1C[C@@H](CC#N)CC2c3cccc4[nH]cc(c34)C[C@H]21,1,265.36,3.04,42.82,1,2,1,2
mesulergine,CN1C[C@@H](NS(=O)(=O)N(C)C)C[C@@H]2c3cccc4c3c(cn4C)C[C@H]21,1,362.5,1.29,57.58,1,3,3,2
losindole,CN1C[C@@H]2Cc3ccc(Cl)cc3[C@@H](c3ccccc3)[C@@H]2C1,1,297.83,4.21,3.24,0,1,1,2
Org5222,CN1C[C@@H]2c3cc(Cl)ccc3Oc3ccccc3[C@@H]2C1,1,285.77,4.26,12.47,0,2,0,2
Dihydroergotamine,CN1C[C@H](C(=O)N[C@]2(C)O[C@@]3(O)[C@@H]4CCCN4C(=O)[C@H](Cc4ccccc4)N3C2=O)C[C@@H]2c3cccc4[nH]cc(c34)C[C@H]21,0,583.69,2.08,118.21,3,6,4,3
romergoline,CN1C[C@H](CN2CC(=O)NC(=O)C2)C=C2c3cccc4[nH]cc(c34)C[C@H]21,1,350.42,1.0,68.44,2,4,2,2
MIL-663581,CN1Cc2c(-c3noc(C(C)(C)O)n3)ncn2-c2cccc(Cl)c2C1=O,0,373.8,2.39,97.28,1,6,2,3
Bis-hydroxylated-L-663581,CN1Cc2c(-c3noc(C(C)(CO)CO)n3)ncn2-c2cccc(Cl)c2C1=O,0,403.83,1.4,117.51,2,7,4,3
M2L-663581,CN1Cc2c(-c3noc(C(C)(O)CO)n3)ncn2-c2cccc(Cl)c2C1=O,0,389.8,1.36,117.51,2,7,3,3
35,CN1Cc2c(-c3noc([C@](C)(O)CO)n3)ncn2-c2cccc(Cl)c2C1=O,0,389.8,1.36,117.51,2,7,3,3
RO19-4603,CN1Cc2c(C(=O)OC(C)(C)C)ncn2-c2ccsc2C1=O,1,319.39,2.47,64.43,0,5,1,2
nomifensine,CN1Cc2c(N)cccc2C(c2ccccc2)C1,1,238.33,2.85,29.26,1,2,1,2
scopolamine,CN1[C@@H]2CC(OC(=O)[C@H](CO)c3ccccc3)C[C@H]1[C@@H]1O[C@@H]12,0,303.36,0.92,62.3,1,5,4,1
granisetron,CN1[C@@H]2CCC[C@H]1CC(NC(=O)c1nn(C)c3ccccc13)C2,1,312.42,2.32,50.16,1,3,2,2
ricasetron,CN1[C@@H]2CC[C@H]1CC(NC(=O)N1CC(C)(C)c3ccccc31)C2,1,313.45,3.12,35.58,1,2,1,1
mirisetron,CN1[C@@H]2CC[C@H]1CC(NC(=O)c1cn(C3CCCCC3)c3ccccc3c1=O)C2,1,393.53,3.86,54.34,1,3,3,2
lufuradom,CN1c2cc(F)ccc2C(c2ccccc2)=NCC1CNC(=O)c1ccoc1,1,377.42,3.5,57.84,1,4,4,3
tianeptine,CN1c2ccccc2C(NCCCCCCC(=O)O)c2ccc(Cl)cc2S1(=O)=O,1,436.96,4.19,86.71,2,4,8,2
tuclazepam,CN1c2ccccc2C(c2ccccc2Cl)=NCC1(Cl)CO,1,335.23,3.55,35.83,1,3,2,2
Tifluadom,CN1c2ccccc2C(c2ccccc2F)=NCC1CNC(=O)c1ccsc1,1,393.49,3.97,44.7,1,4,4,3
napactadine,CN=C(Cc1ccc2ccccc2c1)[NH2+]C.[Cl-],1,248.76,-1.39,28.97,1,1,2,2
Tiotidine,CN=C(NC#N)NCCSCc1csc(N=C(N)N)n1,1,312.43,-0.07,137.5,4,6,6,1
Cimetidine,CN=C(NC#N)NCCSCc1nc[nH]c1C,0,252.35,0.6,88.89,3,4,5,1
chlordiazepoxide,CN=C1CN(O)C(c2ccccc2)=c2cc(Cl)ccc2=N1,1,299.76,1.85,48.19,1,3,1,2
19,CNC(=NC#N)Nc1cccc(-c2csc(N=C(N)N)n2)c1,0,314.38,1.18,137.5,4,5,3,2
clotixamide(clotixamide),CNC(=O)CCN1CCN(CCC=C2c3ccccc3Sc3ccc(Cl)cc32)CC1,1,442.03,4.38,35.58,1,4,6,2
aspoxicillin,CNC(=O)C[C@@H](N)C(=O)N[C@@H](C(=O)N[C@@H]1C(=O)N2[C@@H]1SC(C)(C)[C@@H]2C(=O)O)c1ccc(O)cc1,0,493.54,-1.36,191.16,6,8,8,1
fluzinamide,CNC(=O)N1CC(Oc2cccc(C(F)(F)F)c2)C1,1,274.24,2.11,41.57,1,2,2,1
mecloralurea,CNC(=O)NC(O)C(Cl)(Cl)Cl,1,221.47,0.6,61.36,3,2,1,0
moxadolen,CNC(=O)O[C@H]1OC(=O)[C@@]2(C)[C@@H]1[C@H]1C=C[C@@H]2C1,1,237.25,1.05,64.63,1,4,1,0
physostigmine,CNC(=O)Oc1ccc2c(c1)[C@]1(C)CCN(C)[C@@H]1N2C,1,275.35,1.77,44.81,1,4,1,1
methoxyphedrine,CNC(C)C(=O)c1ccc(OC)cc1,0,193.25,1.49,38.33,1,3,4,1
hydroxyephedrine,CNC(C)C(O)c1ccc(O)cc1,0,181.23,1.03,52.49,3,3,3,1
gentamicin,CNC(C)C1CCC(N)C(OC2C(N)CC(N)C(OC3OCC(C)(O)C(NC)C3O)C2O)O1,0,477.6,-3.33,199.73,8,12,7,0
nomelidine,CNC/C=C(/c1ccc(Br)cc1)c1cccnc1,1,303.2,3.5,24.92,1,2,4,2
ketamine,CNC1(c2ccccc2Cl)CCCCC1=O,1,237.73,2.9,29.1,1,2,2,1
isepamicin,CNC1C(O)C(OC2C(NC(=O)C(O)CN)CC(N)C(OC3OC(CN)C(O)C(O)C3O)C2O)OCC1(C)O,0,569.61,-7.52,297.72,12,16,9,0
tametraline,CNC1CCC(c2ccccc2)c2ccccc21,1,237.35,3.87,12.03,1,1,2,2
ciclopramine,CNC1CCN2c3ccccc3CCc3cccc1c32,1,264.37,3.59,15.27,1,2,1,2
etrabamine,CNC1CCc2ncsc2C1,1,168.26,1.22,24.92,1,3,1,1
metapramine,CNC1Cc2ccccc2N(C)c2ccccc21,1,238.33,3.27,15.27,1,2,1,2
adrenaline,CNCC(O)c1ccc(O)c(O)c1,0,183.21,0.35,72.72,4,4,3,1
dipivefrin,CNCC(O)c1ccc(OC(=O)C(C)(C)C)c(OC(=O)C(C)(C)C)c1,0,351.44,2.84,84.86,2,6,5,1
pivenfrine,CNCC(O)c1cccc(OC(=O)C(C)(C)C)c1,0,251.33,1.89,58.56,2,4,4,1
benzoctamine,CNCC12CCC(c3ccccc31)c1ccccc12,1,249.36,3.43,12.03,1,1,2,2
fluoxetine,CNCCC(Oc1ccc(C(F)(F)F)cc1)c1ccccc1,1,309.33,4.44,21.26,1,2,6,2
duloxetine,CNCCC(Oc1cccc2ccccc12)c1cccs1,1,297.42,4.63,21.26,1,3,6,3
nisoxetine,CNCCC(Oc1ccccc1OC)c1ccccc1,1,271.36,3.42,30.49,1,3,7,2
litracen,CNCCC=C1c2ccccc2C(C)(C)c2ccccc21,1,277.41,4.37,12.03,1,1,3,2
octriptyline,CNCCC=C1c2ccccc2C2CC2c2ccccc21,1,275.39,4.31,12.03,1,1,3,2
nortriptyline,CNCCC=C1c2ccccc2CCc2ccccc21,1,263.38,3.83,12.03,1,1,3,2
amedalin,CNCCCC1(C)C(=O)N(c2ccccc2)c2ccccc21,1,294.4,3.62,32.34,1,2,5,2
daledalin,CNCCCC1(C)CN(c2ccccc2)c2ccccc21,1,280.42,4.1,15.27,1,2,5,2
talopram,CNCCCC1(c2ccccc2)OC(C)(C)c2ccccc21,1,295.43,4.2,21.26,1,2,5,2
talsupram,CNCCCC1(c2ccccc2)SC(C)(C)c2ccccc21,1,311.49,4.91,12.03,1,2,5,2
maprotiline,CNCCCC12CCC(c3ccccc31)c1ccccc12,1,277.41,4.21,12.03,1,1,4,2
protriptyline,CNCCCC1c2ccccc2C=Cc2ccccc21,1,263.38,4.3,12.03,1,1,4,2
bifemelane,CNCCCCOc1ccccc1Cc1ccccc1.[Cl-].[H+],1,305.85,0.77,21.26,1,2,8,2
mezepine,CNCCCN1Cc2ccccc2Cc2ccccc21,1,266.39,3.21,15.27,1,2,4,2
monometacrine,CNCCCN1c2ccccc2C(C)(C)c2ccccc21,1,280.42,4.07,15.27,1,2,4,2
desipramine,CNCCCN1c2ccccc2CCc2ccccc21,1,266.39,3.53,15.27,1,2,4,2
Nor-1-chlorpromazine,CNCCCN1c2ccccc2Sc2ccc(Cl)cc21,1,304.85,4.55,15.27,1,3,4,2
Desmonomethylpromazine,CNCCCN1c2ccccc2Sc2ccccc21,1,270.4,3.9,15.27,1,3,4,2
tofenacin,CNCCOC(c1ccccc1)c1ccccc1C,1,255.36,3.32,21.26,1,2,6,2
demexiptiline,CNCCON=c1c2ccccc2ccc2ccccc12,1,278.36,3.04,33.62,1,3,4,3
fluradoline,CNCCSC1=Cc2cc(F)ccc2Oc2ccccc21,1,301.39,4.38,21.26,1,3,4,2
lenapenem,CNCC[C@@H](O)[C@@H]1C[C@H](SC2=C(C(=O)O)N3C(=O)[C@H]([C@@H](C)O)[C@H]3[C@H]2C)CN1,0,399.51,-0.43,122.13,5,7,8,0
tomoxetine,CNCC[C@@H](Oc1ccccc1C)c1ccccc1,1,255.36,3.72,21.26,1,2,6,2
Y-G 14,CNCCc1ccccn1,1,136.2,0.84,24.92,1,2,3,1
almoxatone,CNC[C@@H]1CN(c2ccc(OCc3cccc(Cl)c3)cc2)C(=O)O1,1,346.81,3.46,50.8,1,4,6,2
levoprotiline(oxaprotiline),CNC[C@H](O)CC12CCC(c3ccccc31)c1ccccc12,1,293.41,3.18,32.26,2,2,4,2
epinephrine,CNC[C@H](O)c1ccc(O)c(O)c1,0,183.21,0.35,72.72,4,4,3,1
procarbazine,CNNCc1ccc(C(=O)NC(C)C)cc1,1,221.3,1.05,53.16,3,3,5,1
methamphetamine,CN[C@@H](C)Cc1ccccc1,1,149.24,1.84,12.03,1,1,3,1
Ephedrine,CN[C@@H](C)[C@H](O)c1ccccc1,0,165.24,1.33,32.26,2,2,3,1
indatraline,CN[C@@H]1C[C@@H](c2ccc(Cl)c(Cl)c2)c2ccccc21.[Cl-].[H+],1,328.67,1.91,12.03,1,1,2,2
sisomicin,CN[C@@H]1[C@@H](O)[C@@H](O[C@@H]2[C@@H](O)[C@H](O[C@H]3OC(CN)=CC[C@H]3N)[C@@H](N)C[C@H]2N)OC[C@]1(C)O,0,447.53,-3.85,213.72,8,12,6,0
apramycin,CN[C@@H]1[C@@H](O[C@H]2O[C@H](CO)[C@@H](N)[C@H](O)[C@H]2O)O[C@H]2C[C@@H](N)[C@H](O[C@H]3[C@H](O)[C@@H](O)[C@H](N)C[C@@H]3N)O[C@@H]2[C@@H]1O,0,539.58,-6.95,283.64,11,16,6,0
dihydrostreptomycin,CN[C@@H]1[C@H](O[C@H]2[C@H](O[C@@H]3[C@@H](O)[C@H](O)[C@@H](N=C(N)N)[C@H](O)[C@H]3N=C(N)N)O[C@@H](C)[C@]2(O)CO)O[C@@H](CO)[C@H](O)[C@H]1O,0,583.6,-8.37,339.59,13,15,9,0
Streptomycin,CN[C@@H]1[C@H](O[C@H]2[C@H](O[C@H]3[C@H](O)[C@@H](O)[C@H](N=C(N)N)[C@@H](O)[C@@H]3N=C(N)N)O[C@@H](C)[C@]2(O)C=O)O[C@@H](CO)[C@H](O)[C@H]1O,0,581.58,-8.16,336.43,12,15,9,0
Vancomycin,CN[C@H](CC(C)C)C(=O)NC1C(=O)N[C@@H](CC(N)=O)C(=O)N[C@H]2C(=O)N[C@H]3C(=O)N[C@H](C(=O)N[C@@H](C(=O)O)c4cc(O)cc(O)c4-c4cc3ccc4O)[C@H](O)c3ccc(c(Cl)c3)Oc3cc2cc(c3O[C@@H]2O[C@H](CO)[C@@H](O)[C@H](O)[C@H]2O[C@H]2C[C@](C)(N)[C@H](O)[C@H](C)O2)Oc2ccc(cc2Cl)[C@H]1O,0,1449.27,0.11,530.49,19,25,13,5
sertraline,CN[C@H]1CC[C@@H](c2ccc(Cl)c(Cl)c2)c2ccccc21.[Cl-].[H+],1,342.7,2.3,12.03,1,1,2,2
nemonapride,CNc1cc(OC)c(C(=O)N[C@@H]2CCN(Cc3ccccc3)[C@@H]2C)cc1Cl,1,387.91,3.78,53.6,2,4,6,2
mezilamine,CNc1nc(Cl)c(SC)c(N2CCN(C)CC2)n1,1,287.82,1.65,44.29,1,6,3,1
cefodizime,CO/N=C(/C(=O)N[C@@H]1C(=O)N2C(C(=O)O)=C(CSc3nc(C)c(CC(=O)O)s3)CS[C@H]12)c1csc(N)n1,0,584.68,1.0,197.4,4,13,10,2
oximonam,CO/N=C(\C(=O)NC1C(=O)N(OCC(=O)O)[C@H]1C)c1csc(N)n1,0,357.35,-1.19,156.44,3,9,7,1
cefditoren,CO/N=C(\C(=O)NC1C(=O)N2C(C(=O)O)=C(/C=C\c3scnc3C)CS[C@H]12)c1csc(N)n1,0,506.59,1.29,160.1,3,11,7,2
gloximonam,CO/N=C(\C(=O)N[C@@H]1C(=O)N(OCC(=O)OCC(=O)OC(C)(C)C)[C@H]1C)c1csc(N)n1,0,471.49,-0.39,171.74,2,12,9,1
ceftiolene,CO/N=C(\C(=O)N[C@@H]1C(=O)N2C(C(=O)O)=C(/C=C/Sc3n[nH]c(=O)c(=O)n3CC=O)CS[C@H]12)c1csc(N)n1,0,594.61,-1.44,232.03,4,14,10,2
cefetamet,CO/N=C(\C(=O)N[C@@H]1C(=O)N2C(C(=O)O)=C(C)CS[C@H]12)c1csc(N)n1,0,397.44,-0.17,147.21,3,9,5,1
ceftioxide,CO/N=C(\C(=O)N[C@@H]1C(=O)N2C(C(=O)O)=C(COC(C)=O)CS(=O)[C@H]12)c1csc(N)n1,0,471.47,-1.61,190.58,3,11,7,1
cefuracetime,CO/N=C(\C(=O)N[C@@H]1C(=O)N2C(C(=O)O)=C(COC(C)=O)CS[C@H]12)c1ccco1,0,423.4,-0.07,147.74,2,9,7,1
cefuroxime,CO/N=C(\C(=O)N[C@@H]1C(=O)N2C(C(=O)O)=C(COC(N)=O)CS[C@H]12)c1ccco1,1,424.39,-0.54,173.76,3,9,7,1
ceftiofur,CO/N=C(\C(=O)N[C@@H]1C(=O)N2C(C(=O)O)=C(CSC(=O)c3ccco3)CS[C@H]12)c1csc(N)n1,0,523.57,0.98,177.42,3,12,8,2
cefuzonam,CO/N=C(\C(=O)N[C@@H]1C(=O)N2C(C(=O)O)=C(CSc3cnns3)CS[C@H]12)c1csc(N)n1,0,513.61,0.46,172.99,3,13,8,2
ceftriaxone,CO/N=C(\C(=O)N[C@@H]1C(=O)N2C(C(=O)O)=C(CSc3nc(=O)c(=O)[nH]n3C)CS[C@H]12)c1csc(N)n1,1,554.59,-1.61,214.96,4,13,8,2
cefmenoxime,CO/N=C(\C(=O)N[C@@H]1C(=O)N2C(C(=O)O)=C(CSc3nnnn3C)CS[C@H]12)c1csc(N)n1,0,511.57,-0.87,190.81,3,13,8,2
cefteram,CO/N=C(\C(=O)N[C@@H]1C(=O)N2C(C(=O)O)=C(Cn3nnc(C)n3)CS[C@H]12)c1csc(N)n1,0,479.5,-1.19,190.81,3,12,7,2
ceftizoxime,CO/N=C(\C(=O)N[C@@H]1C(=O)N2C(C(=O)O)=CCS[C@H]12)c1csc(N)n1,0,383.41,-0.56,147.21,3,9,5,1
cefuroxime-axetil,CO/N=C(\C(=O)N[C@@H]1C(=O)N2C(C(=O)OC(C)OC(C)=O)=C(COC(N)=O)CS[C@H]12)c1ccco1,0,510.48,-0.17,189.06,2,12,9,1
cefotaxime,CO/N=C(\C(=O)N[C@H]1C(=O)N2C(C(=O)[O-])=C(COC(C)=O)CS[C@@H]12)c1csc(N)n1.[Na+],1,477.46,-4.95,176.34,2,12,7,1
milameline,CO/N=C/C1=CCCN(C)C1,1,154.21,0.88,24.83,0,3,2,0
methylphenidate,COC(=O)C(c1ccccc1)C1CCCCN1,1,233.31,2.09,38.33,1,3,3,1
nifedipine,COC(=O)C1=C(C)NC(C)=C(C(=O)OC)C1c1ccccc1[N+](=O)[O-],0,346.34,2.18,107.77,1,7,4,1
nicardipine,COC(=O)C1=C(C)NC(C)=C(C(=O)OCCN(C)Cc2ccccc2)C1c1cccc([N+](=O)[O-])c1,0,479.53,3.68,111.01,1,8,9,2
arecoline,COC(=O)C1=CCCN(C)C1,1,155.2,0.42,29.54,0,3,1,0
metoserpate,COC(=O)C1C2CC3c4[nH]c5cc(OC)ccc5c4CCN3CC2CC(OC)C1OC,1,428.53,2.93,73.02,1,6,4,2
GR89696,COC(=O)N1CCN(C(=O)Cc2ccc(Cl)c(Cl)c2)[C@@H](CN2CCCC2)C1,1,414.33,2.91,53.09,0,4,4,1
cocaine,COC(=O)[C@@H]1C2CCC(C[C@@H]1OC(=O)c1ccccc1)N2C,1,303.36,1.87,55.84,0,5,3,1
yohimbine,COC(=O)[C@@H]1[C@H]2C[C@H]3c4[nH]c5ccccc5c4CCN3C[C@@H]2CC[C@@H]1O,0,354.45,2.65,65.56,2,4,1,2
oxisopred,COC(=O)[C@@]1(O)CC[C@H]2C3CCC(=O)C4C(=O)C=CC4(C)[C@H]3C(O)CC21C,1,376.45,1.43,100.9,2,6,1,0
rescinnamine,COC(=O)[C@H]1[C@H]2C[C@@H]3c4[nH]c5cc(OC)ccc5c4CCN3C[C@H]2C[C@@H](OC(=O)/C=C/c2cc(OC)c(OC)c(OC)c2)[C@@H]1OC,1,634.73,4.57,117.78,1,10,9,3
reserpine,COC(=O)[C@H]1[C@H]2C[C@@H]3c4[nH]c5cc(OC)ccc5c4CCN3C[C@H]2C[C@@H](OC(=O)c2cc(OC)c(OC)c(OC)c2)[C@@H]1OC,1,608.69,4.17,117.78,1,10,8,3
chloroserpidine,COC(=O)[C@H]1[C@H]2C[C@@H]3c4[nH]c5ccc(Cl)cc5c4CCN3C[C@H]2C[C@@H](OC(=O)c2cc(OC)c(OC)c(OC)c2)[C@@H]1OC,1,613.11,4.82,108.55,1,9,7,3
deserpidine,COC(=O)[C@H]1[C@H]2C[C@@H]3c4[nH]c5ccccc5c4CCN3C[C@H]2C[C@@H](OC(=O)c2cc(OC)c(OC)c(OC)c2)[C@@H]1OC,1,578.66,4.16,108.55,1,9,7,3
DMT,COC(=O)c1ccc(C(=O)OC)cc1,1,194.19,1.26,52.6,0,4,2,1
metomidate,COC(=O)c1cncn1C(C)c1ccccc1,1,230.27,2.28,44.12,0,3,3,2
clometocillin,COC(C(=O)N[C@@H]1C(=O)N2[C@@H]1SC(C)(C)[C@@H]2C(=O)O)c1ccc(Cl)c(Cl)c1,0,433.31,2.31,95.94,2,5,5,1
Methoxyflurane,COC(F)(F)C(Cl)Cl,1,164.97,2.03,9.23,0,1,2,0
roflurane,COC(F)(F)C(F)Br,1,192.96,1.92,9.23,0,1,2,0
flumoxonide,COC(OC)C(=O)[C@@]12OC(C)(C)O[C@@H]1CC1C3C[C@H](F)C4=CC(=O)C=CC4(C)[C@@]3(F)C(O)CC12C,1,496.55,2.99,91.29,1,7,4,0
aliflurane,COC1(F)C(F)(F)C1(F)Cl,1,178.51,1.85,9.23,0,1,1,0
cyprenorphine,COC12C=CC3(CC1C(C)(C)O)[C@@H]1Cc4ccc(O)c5c4[C@]3(CCN1CC1CC1)[C@@H]2O5,1,423.55,3.16,62.16,2,5,4,1
cefroxadine,COC1=C(C(=O)O)N2C(=O)C(NC(=O)C(N)C3C=CCC=C3)C2SC1,0,365.41,-0.21,121.96,3,6,5,0
losigamone,COC1=CC(=O)OC1C(O)c1ccccc1Cl,1,254.67,1.83,55.76,1,4,3,1
thebaine,COC1=CC=C2[C@H]3Cc4ccc(OC)c5c4[C@@]2(CCN3C)[C@H]1O5,1,311.38,2.42,30.93,0,4,2,1
spiramycin,COC1C(O)CC(=O)OC(C)C/C=C/C=C/C(OC2CCC(N(C)C)C(C)O2)C(C)CC(CC=O)C1OC1OC(C)C(OC2CC(C)(O)C(O)C(C)O2)C(N(C)C)C1O,0,843.07,2.33,195.38,4,16,11,0
rifampin,COC1C=COC2(C)Oc3c(C)c(O)c4c(O)c(c(C=NN5CCN(C)CC5)c(O)c4c3C2=O)NC(=O)C(C)=CC=CC(C)C(O)C(C)C(O)C(C)C(OC(C)=O)C1C,0,822.95,4.34,220.15,6,15,4,2
rifampin,COC1C=COC2(C)Oc3c(C)c(O)c4c(c3C2=O)C(=O)C(=CNN2CCN(C)CC2)C(=C4O)NC(=O)C(C)=CC=CC(C)C(O)C(C)C(O)C(C)C(OC(C)=O)C1C,0,822.95,3.43,216.66,6,15,4,1
oleandomycin,COC1CC(O[C@H]2[C@H](C)[C@@H](OC3OC(C)CC(N(C)C)C3O)[C@@H](C)C[C@]3(CO3)C(=O)[C@H](C)[C@@H](O)[C@@H](C)[C@@H](C)OC(=O)[C@@H]2C)OC(C)C1O,0,687.87,1.91,165.98,3,13,6,0
sanfetrinem,COC1CCCC2C1=C(C(=O)[O-])N1C(=O)C(C(C)O)C21,0,280.3,-0.97,89.9,1,5,3,0
ocfentanil,COCC(=O)N(c1ccccc1F)C1CCN(CCc2ccccc2)CC1,1,370.47,3.51,32.78,0,3,7,2
mibefradil,COCC(=O)O[C@]1(CCN(C)CCCc2nc3ccccc3[nH]2)CCc2cc(F)ccc2[C@@H]1C(C)C,0,495.64,5.27,67.45,1,5,11,3
cefdaloxime,COCC1=C(C(=O)O)N2C(=O)[C@@H](NC(=O)/C(=N\O)c3csc(N)n3)[C@H]2SC1,0,413.44,-0.71,167.44,4,10,6,1
cefpodoxime,COCC1=C(C(=O)[O-])N2C(=O)[C@@H](NC(=O)/C(=N\OC)c3csc(N)n3)[C@H]2SC1.[Na+],0,449.45,-4.87,159.27,2,11,7,1
cimoxatone,COCC1CN(c2ccc(OCc3cccc(C#N)c3)cc2)C(=O)O1,1,338.36,3.11,71.79,0,5,6,2
metaclazepam,COCC1CN=C(c2ccccc2Cl)c2cc(Br)ccc2N1C,1,393.71,4.4,24.83,0,3,3,2
cefuroxime-pivoxetil,COCCCC(=O)OC(C)OC(=O)C1=C(COC(N)=O)CS[C@@H]2[C@H](NC(=O)/C(=N\OC)c3ccco3)C(=O)N12,0,568.56,0.24,198.29,2,13,13,1
fluvoxamine,COCCCC/C(=N\OCCN)c1ccc(C(F)(F)F)cc1.O=C(O)/C=C\C(=O)O,1,434.41,2.91,131.44,3,6,11,1
clovoxamine,COCCCC/C(=N\OCCN)c1ccc(Cl)cc1,1,284.79,2.84,56.84,1,4,9,1
semorphone,COCCN1CC[C@]23c4c5ccc(O)c4O[C@H]2C(=O)CC[C@@]3(O)[C@H]1C5,1,345.4,0.76,79.23,2,6,3,1
Metoprolol,COCCc1ccc(OCC(O)CNC(C)C)cc1,1,267.37,1.61,50.72,2,4,9,1
motrazepam,COCN1C(=O)CN=C(c2ccccc2)c2cc([N+](=O)[O-])ccc21,1,325.32,2.38,85.04,0,5,4,2
sarmoxicillin,COCOC(=O)C1N2C(=O)C(N3C(=O)C(c4ccc(O)cc4)NC3(C)C)C2SC1(C)C,0,449.53,1.18,108.41,2,8,5,1
sarpicillin,COCOC(=O)[C@@H]1N2C(=O)[C@@H](N3C(=O)C(c4ccccc4)NC3(C)C)[C@H]2SC1(C)C,0,433.53,1.47,88.18,1,7,5,1
befloxatone,COC[C@H]1CN(c2ccc(OCC[C@@H](O)C(F)(F)F)cc2)C(=O)O1,1,349.31,2.35,68.23,1,5,7,1
gedocarnil,COCc1c(C(=O)OC(C)C)ncc2[nH]c3cccc(Oc4ccc(Cl)cc4)c3c12,1,424.88,5.87,73.44,1,5,6,4
cerivastatin,COCc1c(C(C)C)nc(C(C)C)c(/C=C/[C@@H](O)C[C@@H](O)CC(=O)O)c1-c1ccc(F)cc1,1,459.56,4.88,99.88,3,5,11,2
sabcomeline,CON=C(C#N)C1CN2CCC1CC2,1,193.25,0.85,48.62,0,4,2,0
valperinol,CO[C@@H]1O[C@H]2O[C@@]3(CN4CCCCC4)[C@@H]1[C@H](C[C@@H]3O)[C@H]2C,1,297.39,1.2,51.16,1,5,3,0
novobiocin,CO[C@@H]1[C@@H](OC(N)=O)[C@@H](O)[C@H](Oc2ccc3c(=O)c(NC(=O)c4ccc(O)c(CC=C(C)C)c4)c(O)oc3c2C)OC1(C)C,0,612.63,3.63,200.01,5,11,8,3
josamycin,CO[C@@H]1[C@@H](O[C@@H]2O[C@H](C)[C@@H](O[C@H]3C[C@@](C)(O)[C@@H](OC(=O)CC(C)C)[C@H](C)O3)[C@H](N(C)C)[C@H]2O)[C@@H](CC=O)C[C@@H](C)[C@@H](O)/C=C/C=C/C[C@@H](C)OC(=O)C[C@H]1OC(C)=O,0,828.01,3.01,206.05,3,16,12,0
moxalactam,CO[C@@]1(NC(=O)C(C(=O)O)c2ccc(O)cc2)C(=O)N2C(C(=O)O)=C(CSc3nnnn3C)CO[C@@H]21,0,520.48,-1.13,206.3,4,11,9,2
temocillin,CO[C@@]1(NC(=O)C(C(=O)O)c2ccsc2)C(=O)N2[C@@H](C(=O)O)C(C)(C)S[C@@H]21,0,414.46,0.52,133.24,3,7,6,1
cefotetan,CO[C@@]1(NC(=O)C2SC(=C(C(N)=O)C(=O)O)S2)C(=O)N2C(C(=O)O)=C(CSc3nnnn3C)CS[C@@H]21,0,575.63,-1.4,219.93,4,13,9,1
flomoxef,CO[C@@]1(NC(=O)CSC(F)(F)F)C(=O)N2C(C(=O)O)=C(CSc3nnnn3CCO)CO[C@@H]21.[Na],0,537.45,-1.37,169.0,3,11,10,1
cefmetazole,CO[C@@]1(NC(=O)CSCC#N)C(=O)N2C(C(=O)O)=C(CSc3nnnn3C)CS[C@@H]21,0,471.55,-0.73,163.33,2,11,9,1
cefminox,CO[C@@]1(NC(=O)CSC[C@@H](N)C(=O)O)C(=O)N2C(C(=O)O)=C(CSc3nnnn3C)CS[C@@H]21,0,519.59,-1.84,202.86,4,12,11,1
cefoxitin,CO[C@@]1(NC(=O)Cc2cccs2)C(=O)N2C(C(=O)O)=C(COC(N)=O)CS[C@@H]21,1,427.46,0.1,148.26,3,8,7,1
mitomycin,CO[C@@]12[C@H](COC(N)=O)C3=C(C(=O)C(C)=C(N)C3=O)N1C[C@@H]1N[C@@H]12,0,334.33,-1.65,146.89,3,8,3,0
Plicamycin,CO[C@H](C(=O)[C@@H](O)[C@@H](C)O)[C@@H]1Cc2cc3cc(O[C@H]4C[C@@H](O[C@H]5C[C@@H](O)[C@H](O)[C@@H](C)O5)[C@H](O)[C@@H](C)O4)c(C)c(O)c3c(O)c2C(=O)[C@H]1O[C@H]1C[C@@H](O[C@H]2C[C@@H](O[C@H]3C[C@](C)(O)[C@H](O)[C@@H](C)O3)[C@H](O)[C@@H](C)O2)[C@H](O)[C@@H](C)O1,1,1085.16,-0.25,358.2,11,24,15,2
rifaximin,CO[C@H]1/C=C/O[C@@]2(C)Oc3c(C)c(O)c4c(O)c(c5c(nc6cc(C)ccn65)c4c3C2=O)NC(=O)/C(C)=C\C=C\[C@H](C)[C@H](O)[C@@H](C)[C@@H](O)[C@@H](C)[C@H](OC(C)=O)[C@@H]1C,0,785.89,6.16,198.38,5,12,2,4
rifamycin,CO[C@H]1/C=C/O[C@@]2(C)Oc3c(C)c(O)c4c(O)c(cc(O)c4c3C2=O)NC(=O)/C(C)=C\C=C\[C@H](C)[C@H](O)[C@@H](C)[C@@H](O)[C@@H](C)[C@H](OC(C)=O)[C@@H]1C,0,697.78,4.75,201.31,6,12,2,2
rifapentine,CO[C@H]1/C=C/O[C@@]2(C)Oc3c(C)c(O)c4c(c3C2=O)C(=O)/C(=C/NN2CCN(C3CCCC3)CC2)C(=C4O)NC(=O)/C(C)=C\C=C\[C@H](C)[C@H](O)[C@@H](C)[C@@H](O)[C@@H](C)[C@H](OC(C)=O)[C@@H]1C,0,877.05,4.74,216.66,6,15,5,1
rifabutin,CO[C@H]1/C=C/O[C@@]2(C)Oc3c(C)c(O)c4c(c3C2=O)C2=NC3(CCN(CC(C)C)CC3)NC2=C(NC(=O)/C(C)=C\C=C\[C@H](C)[C@H](O)[C@@H](C)[C@@H](O)[C@@H](C)[C@H](OC(C)=O)[C@@H]1C)C4=O,0,847.02,4.62,205.55,5,14,4,1
methyldihydromorphine,CO[C@H]1CC[C@H]2[C@H]3Cc4ccc(O)c5c4[C@@]2(CCN3C)[C@H]1O5,1,301.39,2.08,41.93,1,4,1,1
troleandomycin,CO[C@H]1C[C@H](O[C@H]2[C@H](C)[C@@H](O[C@@H]3O[C@H](C)C[C@H](N(C)C)[C@H]3OC(C)=O)[C@@H](C)C[C@@]3(CO3)C(=O)[C@H](C)[C@@H](OC(C)=O)[C@@H](C)[C@@H](C)OC(=O)[C@@H]2C)O[C@@H](C)[C@@H]1OC(C)=O,0,813.98,3.62,184.19,0,16,9,0
astromicin,CO[C@H]1[C@@H](O)[C@H](N)[C@@H](O[C@H]2O[C@H](C(C)N)CC[C@H]2N)[C@H](O)[C@@H]1N(C)C(=O)CN,0,405.5,-3.59,192.54,6,10,6,0
diprenorphine,CO[C@]12CC[C@@]3(C[C@@H]1C(C)(C)O)[C@H]1Cc4ccc(O)c5c4[C@@]3(CCN1CC1CC1)[C@H]2O5,1,425.57,3.39,62.16,2,5,4,1
Buprenorphine,CO[C@]12CC[C@@]3(C[C@@H]1[C@](C)(O)C(C)(C)C)[C@H]1Cc4ccc(O)c5c4[C@@]3(CCN1CC1CC1)[C@H]2O5,1,467.65,4.41,62.16,2,5,4,1
cinoctramide,COc1cc(/C=C/C(=O)N2CCCCCCC2)cc(OC)c1OC,1,333.43,3.52,48.0,0,4,5,1
cintriamide(cintramide),COc1cc(/C=C/C(N)=O)cc(OC)c1OC,1,237.25,1.21,70.78,1,4,5,1
brofaromine,COc1cc(Br)c2oc(C3CCNCC3)cc2c1,1,310.19,3.67,34.4,1,3,2,2
roletamide,COc1cc(C(=O)/C=C/N2CC=CC2)cc(OC)c1OC,1,289.33,2.28,48.0,0,5,6,1
trocimine,COc1cc(C(=O)N2CCCCCCC2)cc(OC)c1OC,1,307.39,3.12,48.0,0,4,4,1
trimetozine,COc1cc(C(=O)N2CCOCC2)cc(OC)c1OC,1,281.31,1.18,57.23,0,5,4,1
metofenazate,COc1cc(C(=O)OCCN2CCN(CCCN3c4ccccc4Sc4ccc(Cl)cc43)CC2)cc(OC)c1OC,1,598.17,5.83,63.71,0,9,11,3
iloperidone,COc1cc(C(C)=O)ccc1OCCCN1CCC(c2noc3cc(F)ccc23)CC1,1,426.49,4.83,64.8,0,6,8,3
mescaline,COc1cc(CCN)cc(OC)c1OC,1,211.26,1.21,53.71,1,4,5,1
Trimethoprim,COc1cc(Cc2cnc(N)nc2N)cc(OC)c1OC,1,290.32,1.26,105.51,2,7,5,2
Cisapride,COc1cc(N)c(Cl)cc1C(=O)NC1CCN(CCCOc2ccc(F)cc2)CC1OC.O,1,483.97,2.53,117.55,2,6,9,2
clebopride,COc1cc(N)c(Cl)cc1C(=O)NC1CCN(Cc2ccccc2)CC1,1,373.88,3.33,67.59,2,4,5,2
Trimetrexate,COc1cc(NCc2ccc3nc(N)nc(N)c3c2C)cc(OC)c1OC,1,369.43,2.74,117.54,3,8,6,3
Teniposide,COc1cc([C@@H]2c3cc4c(cc3[C@@H](OC3OC5COC(c6cccs6)OC5C(O)C3O)[C@H]3COC(=O)[C@H]23)OCO4)cc(OC)c1O,1,656.66,2.75,160.83,3,14,6,3
Etoposide,COc1cc([C@@H]2c3cc4c(cc3[C@@H](O[C@@H]3O[C@@H]5CO[C@@H](C)O[C@H]5[C@H](O)[C@H]3O)C3COC(=O)[C@@H]32)OCO4)cc(OC)c1O,0,588.56,1.34,160.83,3,13,5,2
oxypertine,COc1cc2[nH]c(C)c(CCN3CCN(c4ccccc4)CC3)c2cc1OC,1,379.5,3.86,40.73,1,4,6,3
milipertine,COc1cc2[nH]c(C)c(CCN3CCN(c4ccccc4OC)CC3)c2cc1OC,1,409.53,3.87,49.96,1,5,7,3
9-C15,COc1cc2c(c(CN[C@@H]3CCCN[C@H]3c3ccccc3)c1)OCC2,1,338.45,3.21,42.52,2,4,5,2
SB204457,COc1cc2c(c(OC)c1OC)-c1ccc(OC)c(=O)cc1C(NC(C)=O)CC2,1,399.44,2.87,83.09,1,6,5,2
Colchicine,COc1cc2c(c(OC)c1OC)-c1ccc(OC)c(=O)cc1[C@@H](NC(C)=O)CC2,0,399.44,2.87,83.09,1,6,5,2
donepezil,COc1cc2c(cc1OC)C(=O)C(CC1CCN(Cc3ccccc3)CC1)C2.[Cl-].[H+],1,415.96,1.48,38.77,0,4,6,2
nerisopam,COc1cc2c(cc1OC)C(c1ccc(N)cc1)=NN=C(C)C2,1,309.37,3.06,69.2,1,5,3,2
girisopam,COc1cc2c(cc1OC)C(c1cccc(Cl)c1)=NN=C(C)C2,1,328.8,4.13,43.18,0,4,3,2
tetrabenzine,COc1cc2c(cc1OC)C1CC(=O)C(CC(C)C)CN1CC2,1,317.43,3.24,38.77,0,4,4,1
tisocromide,COc1cc2c(cc1OC)S(=O)(=O)OC(C(=O)NC(C)CC(C)(C)N(C)C)C2,1,414.52,1.57,94.17,1,7,7,1
trepipam(trimopam),COc1cc2c(cc1OC)[C@@H](c1ccccc1)CN(C)CC2,1,297.4,3.32,21.7,0,3,3,2
glaziovine,COc1cc2c3c(c1O)C1(C=CC(=O)C=C1)CC3N(C)CC2,1,297.35,2.27,49.77,1,4,1,1
anseculin,COc1cc2oc(=O)c(C)c(C)c2cc1OCCCN1CCN(c2ccccc2OC)CC1,1,452.55,4.02,64.38,0,7,8,3
diosmin,COc1ccc(-c2cc(=O)c3c(O)cc(O[C@@H]4O[C@H](CO[C@@H]5O[C@@H](C)[C@H](O)[C@@H](O)[C@H]5O)[C@@H](O)[C@H](O)[C@H]4O)cc3o2)cc1O,0,608.55,-1.09,238.2,8,15,7,3
prideperone,COc1ccc(C#N)cc1C(=O)NCCN1CCC(C(=O)c2ccc(F)cc2)CC1,1,409.46,3.03,82.43,1,5,7,2
aniracetam,COc1ccc(C(=O)N2CCCC2=O)cc1,1,219.24,1.46,46.61,0,3,2,1
venlafaxine,COc1ccc(C(CN(C)C)C2(O)CCCCC2)cc1,1,277.41,3.04,32.7,1,3,5,1
tamolarizine,COc1ccc(C(O)CN2CCN(C(c3ccccc3)c3ccccc3)CC2)cc1OC,1,432.56,4.14,45.17,1,5,8,3
rolipram,COc1ccc(C2CNC(=O)C2)cc1OC1CCCC1,1,275.35,2.62,47.56,1,3,4,1
GR94839_F,COc1ccc(CC(=O)N2CCN(C(C)=O)C[C@@H]2CN2CC[C@@H](O)C2)cc1,0,375.47,0.36,73.32,1,5,5,1
verapamil,COc1ccc(CCN(C)CCCC(C#N)(c2ccc(OC)c(OC)c2)C(C)C)cc1OC,0,454.61,5.09,63.95,0,6,13,2
Astemizole,COc1ccc(CCN2CCC(Nc3nc4ccccc4n3Cc3ccc(F)cc3)CC2)cc1,0,458.58,5.35,42.32,1,4,8,4
mefeclorazine,COc1ccc(CCN2CCN(c3cccc(Cl)c3)CC2)cc1OC,1,360.89,3.72,24.94,0,4,6,2
mepiramine,COc1ccc(CN(CCN(C)C)c2ccccn2)cc1,0,285.39,2.66,28.6,0,4,7,2
puromycin,COc1ccc(C[C@H](N)C(=O)NC2[C@@H](O)[C@H](n3cnc4c(N(C)C)ncnc43)O[C@@H]2CO)cc1,0,471.52,-0.79,160.88,4,10,8,3
papaverine,COc1ccc(Cc2nccc3cc(OC)c(OC)cc23)cc1OC,0,339.39,3.86,49.81,0,5,6,3
lometraline,COc1ccc(Cl)c2c1CCCC2N(C)C,1,239.75,3.29,12.47,0,2,2,1
glyburide,COc1ccc(Cl)cc1C(=O)NCCc1ccc(S(=O)(=O)NC(=O)NC2CCCCC2)cc1,1,494.01,3.64,113.6,3,5,8,2
hydroxindasol,COc1ccc(Cn2c(C)c(CCN)c3cc(O)ccc32)cc1,1,310.4,3.21,60.41,2,3,5,3
panamesine,COc1ccc(N2C[C@H](CN3CCC(O)(c4ccc5c(c4)OCO5)CC3)OC2=O)cc1,1,426.47,2.73,80.7,1,7,5,2
femoxetine,COc1ccc(OCC2CN(C)CCC2c2ccccc2)cc1,1,311.42,3.81,21.7,0,3,5,2
sulmepride,COc1ccc(S(N)(=O)=O)cc1C(=O)NCC1CCCN1C,1,327.41,0.17,101.73,2,5,5,1
flubepride,COc1ccc(S(N)(=O)=O)cc1C(=O)NCC1CCCN1Cc1ccc(F)cc1,1,421.49,1.88,101.73,2,5,7,2
diltiazem,COc1ccc([C@@H]2Sc3ccccc3N(CCN(C)C)C(=O)[C@@H]2OC(C)=O)cc1,1,414.53,3.37,59.08,0,6,6,2
ciladopa,COc1ccc([C@H](O)CN2CCN(c3cccccc3=O)CC2)cc1OC,1,370.45,1.92,62.24,1,6,6,2
mindoperone,COc1ccc2c(C3CCN(CCCC(=O)c4ccc(F)cc4)CC3)c(C)[nH]c2c1,1,408.52,5.47,45.33,1,3,7,3
dimeprozan,COc1ccc2c(c1)/C(=C/CCN(C)C)c1ccccc1O2,1,295.38,4.18,21.7,0,3,4,2
metoxepin,COc1ccc2c(c1)C(N1CCN(C)CC1)=Cc1ccccc1O2,1,322.41,3.55,24.94,0,4,2,2
meprotixol,COc1ccc2c(c1)C(O)(CCCN(C)C)c1ccccc1S2,1,329.46,3.74,32.7,1,4,5,2
diclofensine,COc1ccc2c(c1)CN(C)CC2c1ccc(Cl)c(Cl)c1,1,322.24,4.58,12.47,0,2,2,2
perimetazine,COc1ccc2c(c1)N(CC(C)CN1CCC(O)CC1)c1ccccc1S2,1,384.55,4.39,35.94,1,5,5,2
oxyridazine,COc1ccc2c(c1)N(CCC1CCCCN1C)c1ccccc1S2,1,354.52,5.17,15.71,0,4,4,2
methopromazine,COc1ccc2c(c1)N(CCCN(C)C)c1ccccc1S2,1,314.45,4.25,15.71,0,4,5,2
methotrimeprazine,COc1ccc2c(c1)N(C[C@H](C)CN(C)C)c1ccccc1S2,1,328.48,4.5,15.71,0,4,5,2
Dextromethorphan,COc1ccc2c(c1)[C@]13CCCC[C@@H]1[C@H](C2)N(C)CC3,1,271.4,3.38,12.47,0,2,1,1
indomethacin,COc1ccc2c(c1)c(CC(=O)O)c(C)n2C(=O)c1ccc(Cl)cc1,1,357.79,3.93,68.53,1,3,4,3
metralindole,COc1ccc2c(c1)c1c3n2CCN(C)C3=NCC1,1,255.32,1.9,29.76,0,3,1,2
noscapine,COc1ccc2c(c1OC)C(=O)O[C@@H]2[C@H]1c2c(cc3c(c2OC)OCO3)CCN1C,1,413.43,2.88,75.69,0,8,4,2
drotebanol,COc1ccc2c(c1OC)[C@]13CCN(C)[C@H](C2)[C@]1(O)CC[C@@H](O)C3,1,333.43,1.48,62.16,2,5,2,1
norcodeine,COc1ccc2c3c1OC1C(O)C=CC4C(C2)NCCC341,1,285.34,1.16,50.72,2,4,1,1
nicodicodine,COc1ccc2c3c1OC1C(OC(=O)c4cccnc4)CCC4C(C2)N(C)CCC341,1,406.48,2.98,60.89,0,6,3,2
thebacon,COc1ccc2c3c1OC1C(OC(C)=O)=CCC4C(C2)N(C)CCC314,1,341.41,2.42,48.0,0,5,2,1
oxycodone,COc1ccc2c3c1O[C@H]1C(=O)CC[C@@]4(O)[C@@H](C2)N(C)CC[C@]314,1,315.37,1.05,59.0,1,5,1,1
hydrocodone,COc1ccc2c3c1O[C@H]1C(=O)CC[C@H]4[C@@H](C2)N(C)CC[C@]314,1,299.37,1.93,38.77,0,4,1,1
galantamine,COc1ccc2c3c1O[C@H]1C[C@@H](O)C=C[C@@]31CCN(C)C2,1,287.36,1.85,41.93,1,4,1,1
codeine,COc1ccc2c3c1O[C@H]1[C@@H](O)C=C[C@H]4[C@@H](C2)N(C)CC[C@@]341,1,299.37,1.5,41.93,1,4,1,1
dihydrocodeine,COc1ccc2c3c1O[C@H]1[C@@H](O)CC[C@H]4[C@@H](C2)N(C)CC[C@@]341,1,301.39,1.73,41.93,1,4,1,1
Omeprazole,COc1ccc2nc(S(=O)Cc3ncc(C)c(OC)c3C)[nH]c2c1,0,345.42,2.9,77.1,1,5,5,3
tropapride,COc1cccc(C(=O)NC2C[C@H]3CC[C@@H](C2)N3Cc2ccccc2)c1OC,1,380.49,3.63,50.8,1,4,6,2
GR94839_D,COc1cccc(CC(=O)N2CCN(C(C)=O)C[C@@H]2CN2CC[C@@H](O)C2)c1,0,375.47,0.36,73.32,1,5,5,1
meticillin,COc1cccc(OC)c1C(=O)N[C@@H]1C(=O)N2[C@@H]1SC(C)(C)[C@@H]2C(=O)O,0,380.42,0.95,105.17,2,6,5,1
tramadol,COc1cccc([C@@]2(O)CCCC[C@@H]2CN(C)C)c1.[Cl-].[H+],1,299.84,-0.25,32.7,1,3,4,1
adriamycinol-aglycone,COc1cccc2c1C(=O)c1c(O)c3c(c(O)c1C2=O)CC(O)(C(=O)CO)CC3O,0,414.37,0.15,161.59,5,9,3,2
zorubicin,COc1cccc2c1C(=O)c1c(O)c3c(c(O)c1C2=O)C[C@@](O)(/C(C)=N/NC(=O)c1ccccc1)C[C@@H]3O[C@H]1C[C@H](N)[C@H](O)[C@H](C)O1.[Cl-].[H+],0,682.13,-0.64,210.23,6,12,6,3
doxorubicin,COc1cccc2c1C(=O)c1c(O)c3c(c(O)c1C2=O)C[C@@](O)(C(=O)CO)C[C@@H]3O[C@H]1C[C@H](N)[C@H](O)[C@H](C)O1,0,543.53,0.0,206.07,6,12,5,2
pirarubicin,COc1cccc2c1C(=O)c1c(O)c3c(c(O)c1C2=O)C[C@@](O)(C(=O)CO)C[C@@H]3O[C@H]1C[C@H](N)[C@H](O[C@H]2CCCCO2)[C@H](C)O1,0,627.64,1.55,204.3,5,13,7,2
leurubicin,COc1cccc2c1C(=O)c1c(O)c3c(c(O)c1C2=O)C[C@@](O)(C(=O)CO)C[C@@H]3O[C@H]1C[C@H](NC(=O)[C@@H](N)CC(C)C)[C@H](O)[C@H](C)O1,0,656.69,0.53,235.17,7,13,9,2
Daunorubicin,COc1cccc2c1C(=O)c1c(O)c3c(c(O)c1C2=O)C[C@@](O)(C(C)=O)C[C@@H]3O[C@H]1C[C@H](N)[C@H](O)[C@H](C)O1,0,527.53,1.03,185.84,5,11,4,2
esorubicin,COc1cccc2c1C(=O)c1c(O)c3c(c(O)c1C2=O)C[C@](O)(C(=O)CO)C[C@H]3OC1CC(N)CC(C)O1,0,527.53,1.03,185.84,5,11,5,2
enciprazine,COc1ccccc1N1CCN(CC(O)COc2cc(OC)c(OC)c(OC)c2)CC1,1,432.52,2.28,72.86,1,8,10,2
fluanisone,COc1ccccc1N1CCN(CCCC(=O)c2ccc(F)cc2)CC1,1,356.44,3.62,32.78,0,4,7,2
anisopirol,COc1ccccc1N1CCN(CCCC(O)c2ccc(F)cc2)CC1,1,358.46,3.47,35.94,1,4,7,2
zoloperone,COc1ccccc1N1CCN(CCc2oc(=O)[nH]c2-c2ccc(F)cc2)CC1,1,397.45,3.15,61.71,1,5,6,3
methocarbamol,COc1ccccc1OCC(O)COC(N)=O,1,241.24,0.53,91.01,2,5,6,1
mephenoxalone,COc1ccccc1OCC1CNC(=O)O1,1,223.23,1.18,56.79,1,4,4,1
Icotidine,COc1cccnc1CCCCNc1ncc(Cc2ccc(C)nc2)c(=O)[nH]1.[Cl-].[Cl-].[Cl-].[H+].[H+].[H+],0,488.85,-5.75,92.79,2,6,9,3
taniplon,COc1nc2nc(-c3noc(C)n3)cn2c2c1CCCC2,1,285.31,1.98,78.34,0,6,2,3
fosazepam,CP(C)(=O)CN1C(=O)CN=C(c2ccccc2)c2cc(Cl)ccc21,1,360.78,4.1,49.74,0,3,3,2
roxindole,CS(=O)(=O)O.Oc1ccc2[nH]cc(CCCCN3CC=C(c4ccccc4)CC3)c2c1,1,442.58,4.49,93.63,3,4,6,3
Busulfan,CS(=O)(=O)OCCCCOS(C)(=O)=O,1,246.31,-0.28,86.74,0,6,7,0
florfenicol,CS(=O)(=O)c1ccc([C@@H](O)[C@@H](CF)NC(=O)C(Cl)Cl)cc1,1,358.22,1.38,83.47,2,4,6,1
thiamphenicol,CS(=O)(=O)c1ccc([C@@H](O)[C@@H](CO)NC(=O)C(Cl)Cl)cc1,1,356.23,0.4,103.7,3,5,6,1
metopimazine,CS(=O)(=O)c1ccc2c(c1)N(CCCN1CCC(C(N)=O)CC1)c1ccccc1S2,1,445.61,3.28,83.71,1,6,6,2
timobesone,CSC(=O)C1(O)C(C)CC2C3CCC4=CC(=O)C=CC4(C)C3(F)C(O)CC21C,1,408.54,3.22,74.6,2,5,1,0
timobesone-acetate,CSC(=O)C1(OC(C)=O)[C@@H](C)C[C@H]2[C@@H]3CCC4=CC(=O)C=C[C@]4(C)C3(F)[C@@H](O)C[C@@]21C,1,450.57,3.79,80.67,1,6,2,0
sumacetamol,CSCC[C@H](NC(C)=O)C(=O)Oc1ccc(NC(C)=O)cc1,1,324.4,1.81,84.5,2,5,7,1
iprozilamine,CSc1c(Cl)nc(NC(C)C)nc1N1CCN(C)CC1,1,315.87,2.42,44.29,1,6,4,1
GR94839_B,CSc1ccc(CC(=O)N2CCN(C(C)=O)C[C@@H]2CN2CC[C@@H](O)C2)cc1,0,391.54,1.08,64.09,1,5,5,1
metitepine(methiothepin),CSc1ccc2c(c1)C(N1CCN(C)CC1)Cc1ccccc1S2,1,356.56,4.4,6.48,0,4,2,2
methiomeprazine(levometiomeprazine),CSc1ccc2c(c1)N(CC(C)CN(C)C)c1ccccc1S2,1,344.55,5.21,6.48,0,4,5,2
thioridazine,CSc1ccc2c(c1)N(CCC1CCCCN1C)c1ccccc1S2,1,370.59,5.89,6.48,0,4,4,2
Northioridazine,CSc1ccc2c(c1)N(CCC1CCCNC1)c1ccccc1S2,1,356.56,5.4,15.27,1,4,4,2
Dexrazoxane,C[C@@H](CN1CC(=O)NC(=O)C1)N1CC(=O)NC(=O)C1,0,268.27,-2.71,98.82,2,6,3,0
sulopenem,C[C@@H](O)[C@H]1C(=O)N2C(C(=O)O)=C(SC3CCS(=O)C3)S[C@H]12,0,349.46,0.41,94.91,2,6,4,0
fropenem,C[C@@H](O)[C@H]1C(=O)N2C(C(=O)O)=C([C@H]3CCCO3)S[C@H]12,0,285.32,0.37,87.07,2,5,3,0
ritipenem,C[C@@H](O)[C@H]1C(=O)N2C(C(=O)[O-])=C(COC(N)=O)S[C@H]12.[Na+],0,310.26,-5.04,132.99,2,7,4,0
meclorisone(meclorisone-dibutyrate),C[C@@H]1CC2C3CCC4=CC(=O)C=CC4(C)[C@@]3(Cl)C(Cl)CC2(C)[C@@]1(O)C(=O)CO,1,427.37,3.41,74.6,2,4,2,0
clocortolone,C[C@@H]1CC2C3C[C@H](F)C4=CC(=O)C=CC4(C)[C@@]3(Cl)C(O)CC2(C)C1C(=O)CO,1,410.91,3.0,74.6,2,4,2,0
clocortolone-pivalate,C[C@@H]1CC2C3C[C@H](F)C4=CC(=O)C=CC4(C)[C@@]3(Cl)C(O)CC2(C)C1C(=O)COC(=O)C(C)(C)C,1,495.03,4.6,80.67,1,5,3,0
diflucortolone,C[C@@H]1CC2C3C[C@H](F)C4=CC(=O)C=CC4(C)[C@@]3(F)C(O)CC2(C)C1C(=O)CO,1,394.46,2.73,74.6,2,4,2,0
halometasone,C[C@@H]1CC2[C@@H]3C[C@H](F)C4=CC(=O)C(Cl)=C[C@]4(C)[C@@]3(F)[C@@H](O)C[C@]2(C)[C@@]1(O)C(=O)CO,1,444.9,2.41,94.83,3,5,2,0
sparfloxacin,C[C@@H]1CN(c2c(F)c(N)c3c(=O)c(C(=O)O)cn(C4CC4)c3c2F)C[C@H](C)N1,0,392.41,2.08,100.59,3,5,3,2
oxazolam,C[C@@H]1CN2CC(=O)Nc3ccc(Cl)cc3[C@]2(c2ccccc2)O1,1,328.8,3.21,41.57,1,3,1,2
flumethasone21pivalate(flumetasone-pivalate),C[C@@H]1C[C@H]2C3C[C@H](F)C4=CC(=O)C=CC4(C)[C@@]3(F)[C@@H](O)CC2(C)[C@@]1(O)C(=O)COC(=O)C(C)(C)C,1,494.58,3.44,100.9,2,6,3,0
mometasone(mometasone-furoate),C[C@@H]1C[C@H]2[C@@H]3CCC4=CC(=O)C=C[C@]4(C)[C@@]3(Cl)[C@@H](O)C[C@]2(C)[C@@]1(O)C(=O)CCl,1,427.37,3.41,74.6,2,4,2,0
dimesone,C[C@@H]1C[C@H]2[C@@H]3CCC4=CC(=O)C=C[C@]4(C)[C@@]3(F)[C@@H](O)C[C@]2(C)[C@@]1(C)C(=O)CO,1,390.5,3.17,74.6,2,4,2,0
desoximetasone,C[C@@H]1C[C@H]2[C@@H]3CCC4=CC(=O)C=C[C@]4(C)[C@@]3(F)[C@@H](O)C[C@]2(C)[C@H]1C(=O)CO,1,376.47,2.78,74.6,2,4,2,0
halocortolone,C[C@@H]1C[C@H]2[C@@H]3C[C@H](F)C4=CC(=O)C=C[C@]4(C)C3(Cl)[C@@H](F)C[C@]2(C)[C@H]1C(=O)CO,1,412.9,3.98,54.37,1,3,2,0
flumethasone(flumetasoneanddiflorasone),C[C@@H]1C[C@H]2[C@@H]3C[C@H](F)C4=CC(=O)C=C[C@]4(C)[C@@]3(F)[C@@H](O)C[C@]2(C)[C@@]1(O)C(=O)CO,1,410.46,1.84,94.83,3,5,2,0
diflucortolone-pivalate,C[C@@H]1C[C@H]2[C@@H]3C[C@H](F)C4=CC(=O)C=C[C@]4(C)[C@@]3(F)[C@@H](O)C[C@]2(C)[C@H]1C(=O)COC(=O)C(C)(C)C,1,478.58,4.33,80.67,1,5,3,0
paramethasone,C[C@@H]1C[C@H]2[C@@H]3C[C@H](F)C4=CC(=O)C=C[C@]4(C)[C@H]3[C@@H](O)C[C@]2(C)[C@@]1(O)C(=O)CO,1,392.47,1.75,94.83,3,5,2,0
fluocortolone,C[C@@H]1C[C@H]2[C@@H]3C[C@H](F)C4=CC(=O)C=C[C@]4(C)[C@H]3[C@@H](O)C[C@]2(C)[C@H]1C(=O)CO,1,376.47,2.64,74.6,2,4,2,0
alclometasone,C[C@@H]1C[C@H]2[C@H]3[C@H]([C@@H](O)C[C@]2(C)[C@@]1(O)C(=O)CO)[C@@]1(C)C=CC(=O)C=C1C[C@H]3Cl,1,408.92,2.02,94.83,3,5,2,0
meclonazepam,C[C@@H]1N=C(c2ccccc2Cl)c2cc([N+](=O)[O-])ccc2NC1=O,1,329.74,3.43,84.6,1,4,2,2
fosfomycin,C[C@@H]1O[C@@H]1P(=O)(O)O,1,138.06,-0.09,70.06,2,2,1,0
AmphotericinB,C[C@@H]1[C@H](O)[C@@H](C)\C=C/C=C\C=C/C=C\C=C/C=C\C=C/[C@H](O[C@@H]2O[C@H](C)[C@@H](O)[C@H](N)[C@@H]2O)C[C@@H]2O[C@](O)(C[C@@H](O)C[C@@H](O)[C@H](O)CC[C@@H](O)C[C@@H](O)CC(=O)O[C@H]1C)C[C@H](O)[C@H]2C(=O)O,0,924.09,0.71,319.61,12,17,3,0
carbidopa,C[C@@](Cc1ccc(O)c(O)c1)(NN)C(=O)O,0,226.23,-0.05,115.81,5,5,4,1
Dehydrocholic acid,C[C@H](CCC(=O)O)[C@H]1CC[C@H]2[C@@H]3C(=O)C[C@@H]4CC(=O)CC[C@]4(C)[C@H]3CC(=O)[C@]12C,0,402.53,4.07,88.51,1,4,4,0
cathinone,C[C@H](N)C(=O)c1ccccc1,1,149.19,1.22,43.09,1,2,2,1
Dexamfetamine,C[C@H](N)Cc1ccccc1,1,135.21,1.58,26.02,1,1,2,1
Metaraminol,C[C@H](N)[C@H](O)c1cccc(O)c1,0,167.21,0.77,66.48,3,3,2,1
meropenem,C[C@H](O)C1C(=O)N2C(C(=O)O)=C(S[C@@H]3CN[C@H](C(=O)N(C)C)C3)[C@H](C)C12.O.O.O,0,437.52,-2.78,204.68,3,6,5,0
imipenem,C[C@H](O)[C@H]1C(=O)N2C(C(=O)O)=C(SCCN=CN)C[C@H]12.O,0,317.37,-1.21,147.72,3,5,6,0
gacyclidine,C[C@H]1CCCC[C@@]1(c1cccs1)N1CCCCC1,1,263.45,4.64,3.24,0,2,2,1
Levofloxacin,C[C@H]1COc2c(N3CCN(C)CC3)c(F)cc3c(=O)c(C(=O)O)cn1c23,1,361.37,1.54,75.01,1,5,2,2
Methylprednisolone,C[C@H]1C[C@@H]2[C@H]([C@@H](O)C[C@@]3(C)[C@H]2CC[C@]3(O)C(=O)CO)[C@@]2(C)C=CC(=O)C=C12,1,374.48,1.8,94.83,3,5,2,0
methylprednisolone-acetate,C[C@H]1C[C@@H]2[C@H]([C@@H](O)C[C@@]3(C)[C@H]2CC[C@]3(O)C(=O)COC(=O)CCC(=O)O)[C@@]2(C)C=CC(=O)C=C12,1,474.55,2.22,138.2,3,7,6,0
beclomethasone/beclometasone,C[C@H]1C[C@H]2[C@@H]3CCC4=CC(=O)C=C[C@]4(C)[C@@]3(Cl)[C@@H](O)C[C@]2(C)[C@@]1(O)C(=O)CO,1,408.92,2.17,94.83,3,5,2,0
clobetasone,C[C@H]1C[C@H]2[C@@H]3CCC4=CC(=O)C=C[C@]4(C)[C@@]3(F)C(=O)C[C@]2(C)[C@@]1(O)C(=O)CCl,1,408.9,3.35,71.44,1,4,2,0
Betamethasone,C[C@H]1C[C@H]2[C@@H]3CCC4=CC(=O)C=C[C@]4(C)[C@@]3(F)[C@@H](O)C[C@]2(C)[C@@]1(O)C(=O)CO,0,392.47,1.9,94.83,3,5,2,0
betamethasone-acibutate,C[C@H]1C[C@H]2[C@@H]3CCC4=CC(=O)C=C[C@]4(C)[C@@]3(F)[C@@H](O)C[C@]2(C)[C@@]1(OC(=O)c1ccccc1)C(=O)CO,1,496.58,3.76,100.9,2,6,4,1
meprednisone,C[C@H]1C[C@H]2[C@@H]3CCC4=CC(=O)C=C[C@]4(C)[C@H]3C(=O)C[C@]2(C)[C@@]1(O)C(=O)CO,1,372.46,2.01,91.67,2,5,2,0
Digitoxin,C[C@H]1O[C@@H](O[C@H]2[C@@H](O)C[C@H](O[C@H]3[C@@H](O)C[C@H](O[C@H]4CC[C@@]5(C)[C@H](CC[C@@H]6[C@@H]5CC[C@]5(C)[C@H](C7=CC(=O)OC7)CC[C@]65O)C4)O[C@@H]3C)O[C@@H]2C)C[C@H](O)[C@@H]1O,0,764.95,3.25,182.83,5,13,7,0
Digoxin,C[C@H]1O[C@@H](O[C@H]2[C@@H](O)C[C@H](O[C@H]3[C@@H](O)C[C@H](O[C@H]4CC[C@@]5(C)[C@H](CC[C@@H]6[C@@H]5C[C@@H](O)[C@]5(C)[C@@H](C7=CC(=O)OC7)CC[C@]65O)C4)O[C@@H]3C)O[C@@H]2C)C[C@H](O)[C@@H]1O,0,780.95,2.22,203.06,6,14,7,0
aztreonam,C[C@H]1[C@H](NC(=O)/C(=N\OC(C)(C)C(=O)O)c2csc([NH3+])n2)C(=O)N1S(=O)(=O)[O-],0,435.44,-2.22,206.03,3,10,7,1
phendimetrazine,C[C@H]1[C@H](c2ccccc2)OCCN1C,1,191.27,2.08,12.47,0,2,1,1
doxycycline,C[C@H]1c2cccc(O)c2C(O)=C2C(=O)[C@]3(O)C(=O)/C(=C(/N)O)C(=O)[C@@H](N(C)C)[C@@H]3[C@@H](O)[C@@H]21.O,0,462.46,-1.33,213.12,6,10,1,1
fluotracen,C[C@H]1c2ccccc2[C@@H](CCCN(C)C)c2cc(C(F)(F)F)ccc21,1,347.42,5.64,3.24,0,1,4,2
methyldopa,C[C@](N)(Cc1ccc(O)c(O)c1)C(=O)O,0,211.22,0.44,103.78,4,4,3,1
tazobactam,C[C@]1(Cn2ccnn2)[C@H](C(=O)O)N2C(=O)C[C@H]2S1(=O)=O,0,300.3,-1.52,122.46,1,6,3,1
halopredone(halopredone-acetate),C[C@]12C=C(Br)C(=O)C=C1[C@H](F)C[C@H]1[C@@H]3CCC(O)(C(=O)CO)[C@@]3(C)C[C@H](O)C12F,1,475.33,2.32,94.83,3,5,2,0
cloprednol,C[C@]12C=CC(=O)C=C1C(Cl)=C[C@@H]1[C@@H]2[C@@H](O)C[C@@]2(C)[C@H]1CC[C@]2(O)C(=O)CO,1,392.88,1.9,94.83,3,5,2,0
prednisone,C[C@]12C=CC(=O)C=C1CC[C@@H]1[C@@H]2C(=O)C[C@@]2(C)[C@H]1CC[C@]2(O)C(=O)CO,0,358.43,1.77,91.67,2,5,2,0
testolactone,C[C@]12C=CC(=O)C=C1CC[C@@H]1[C@@H]2CC[C@]2(C)OC(=O)CC[C@@H]12,0,300.4,3.59,43.37,0,3,0,0
prednisolone,C[C@]12C=CC(=O)C=C1CC[C@@H]1[C@@H]2[C@@H](O)C[C@@]2(C)[C@H]1CC[C@]2(O)C(=O)CO,0,360.45,1.56,94.83,3,5,2,0
prednisolone-hemisuccinate,C[C@]12C=CC(=O)C=C1CC[C@@H]1[C@@H]2[C@@H](O)C[C@@]2(C)[C@H]1CC[C@]2(O)C(=O)COC(=O)CCC(=O)[O-].[Na+],1,482.51,-2.36,141.03,2,8,6,0
Triamcinolone,C[C@]12C=CC(=O)C=C1CC[C@H]1[C@@H]3C[C@@H](O)[C@](O)(C(=O)CO)[C@@]3(C)C[C@H](O)[C@@]12F,0,394.44,0.62,115.06,4,6,2,0
naflocort,C[C@]12C=CC(=O)C=C1CC[C@H]1[C@@H]3C[C@H]4Cc5ccccc5C[C@@]4(C(=O)CO)[C@@]3(C)C[C@H](O)[C@@]12F.O,1,482.59,3.11,106.1,2,4,2,1
fluprednisolone,C[C@]12C=CC(=O)C=C1[C@@H](F)C[C@@H]1[C@@H]2[C@@H](O)C[C@@]2(C)[C@H]1CC[C@]2(O)C(=O)CO,1,378.44,1.51,94.83,3,5,2,0
fluocinolone,C[C@]12C=CC(=O)C=C1[C@@H](F)C[C@H]1[C@@H]3C[C@@H](O)[C@](O)(C(=O)CO)[C@@]3(C)C[C@H](O)[C@@]12F,1,412.43,0.57,115.06,4,6,2,0
Cortisone,C[C@]12CCC(=O)C=C1CC[C@@H]1[C@@H]2C(=O)C[C@@]2(C)[C@H]1CC[C@]2(O)C(=O)CO,0,360.45,1.99,91.67,2,5,2,0
androsan,C[C@]12CCC(=O)C=C1CC[C@@H]1[C@@H]2CC[C@@]2(C)[C@H]1CC[C@]2(C)O,0,302.46,4.27,37.3,1,2,0,0
Hydrocortisone,C[C@]12CCC(=O)C=C1CC[C@@H]1[C@@H]2[C@@H](O)C[C@@]2(C)[C@H]1CC[C@]2(O)C(=O)CO,0,362.47,1.78,94.83,3,5,2,0
hydrocortisonecypionate(hydrocortisone-cipionate),C[C@]12CCC(=O)C=C1CC[C@@H]1[C@@H]2[C@@H](O)C[C@@]2(C)[C@H]1CC[C@]2(O)C(=O)COC(=O)CCC(=O)O.O,1,480.55,1.37,169.7,3,7,6,0
tixocortol,C[C@]12CCC(=O)C=C1CC[C@@H]1[C@@H]2[C@@H](O)C[C@@]2(C)[C@H]1CC[C@]2(O)C(=O)CS,1,378.53,2.72,74.6,3,5,2,0
aldosterone,C[C@]12CCC(=O)C=C1CC[C@@H]1[C@@H]2[C@@H](O)C[C@]2(C=O)[C@@H](C(=O)CO)CC[C@@H]12,0,360.45,1.85,91.67,2,5,3,0
fludrocortisone,C[C@]12CCC(=O)C=C1CC[C@H]1[C@@H]3CC[C@](O)(C(=O)CO)[C@@]3(C)C[C@H](O)[C@@]12F,1,380.46,1.87,94.83,3,5,2,0
estrone,C[C@]12CC[C@@H]3c4ccc(O)cc4CC[C@H]3[C@@H]1CCC2=O,0,270.37,3.82,37.3,1,2,0,1
estradiol,C[C@]12CC[C@@H]3c4ccc(O)cc4CC[C@H]3[C@@H]1CC[C@@H]2O,0,272.39,3.61,40.46,2,2,0,1
nandrolone,C[C@]12CC[C@H]3[C@@H](CCC4=CC(=O)CC[C@@H]43)[C@@H]1CC[C@@H]2O,0,274.4,3.49,37.3,1,2,0,0
testosterone,C[C@]12CC[C@H]3[C@@H](CCC4=CC(=O)CC[C@@]43C)[C@@H]1CC[C@@H]2O,0,288.43,3.88,37.3,1,2,0,0
Oxandrolone,C[C@]12COC(=O)C[C@@H]1CC[C@@H]1[C@@H]2CC[C@@]2(C)[C@H]1CC[C@]2(C)O,0,306.45,3.54,46.53,1,3,0,0
corticosterone,C[C@]12C[C@H](O)[C@H]3[C@@H](CCC4=CC(=O)CC[C@@]43C)[C@@H]1CC[C@@H]2C(=O)CO,0,346.47,2.67,74.6,2,4,2,0
Stanozolol,C[C@]12Cc3cn[nH]c3C[C@@H]1CC[C@@H]1[C@@H]2CC[C@@]2(C)[C@H]1CC[C@]2(C)O,0,328.5,4.12,48.91,2,2,0,1
choline,C[N+](C)(C)CCO,1,104.17,-0.32,20.23,1,1,2,0
benzaprinoxide,C[N+](C)([O-])CC/C=C1/c2ccccc2C=Cc2c(Cl)cccc21,1,325.84,5.22,23.06,0,1,3,2
amitriptylinoxide,C[N+](C)([O-])CCC=C1c2ccccc2CCc2ccccc21,1,293.41,4.18,23.06,0,1,3,2
imipraminoxide,C[N+](C)([O-])CCCN1c2ccccc2CCc2ccccc21,1,296.41,3.89,26.3,0,2,4,2
glycopyrrolate,C[N+]1(C)CCC(OC(=O)C(O)(c2ccccc2)C2CCCC2)C1.[Br-],0,398.34,-0.54,46.53,1,3,4,1
mepenzolatebromide,C[N+]1(C)CCCC(OC(=O)C(O)(c2ccccc2)c2ccccc2)C1.[Br-],0,420.35,-0.29,46.53,1,3,4,2
atropine-oxide,C[N+]1([O-])C2CCC1CC(OC(=O)C(CO)c1ccccc1)C2,1,305.37,1.94,69.59,1,4,4,1
Clidiniumbromide,C[N+]12CCC(CC1)C(OC(=O)C(O)(c1ccccc1)c1ccccc1)C2.[Br-],0,432.36,-0.29,46.53,1,3,4,2
22,C[NH+]O.Cc1oc(C(C)(C)N(C(C)(C)N)C(C)(C)N)c(C)c1C.[OH-],1,345.51,1.31,134.25,4,7,4,1
ademetionine(adenosyl-methionine),C[S+](CC[C@H](N)C(=O)[O-])C[C@H]1O[C@@H](n2cnc3c(N)ncnc32)[C@H](O)[C@@H]1O,1,398.45,-3.26,185.46,4,10,7,2
harmalol,Cc1[nH]ccc2c1[nH]c1cc(=O)ccc12,1,198.22,2.32,48.65,2,1,0,3
razobazam,Cc1[nH]nc2c1N(c1ccccc1)C(=O)CC(=O)N2C,1,270.29,1.75,69.3,1,3,1,2
vitamine(alpha-tocopherol),Cc1c(C)c2c(c(C)c1O)CC[C@@](C)(CCC[C@H](C)CCC[C@H](C)CCCC(C)C)O2,1,430.72,8.84,29.46,1,2,12,1
atibeprone,Cc1c(C)c2ccc(OCc3nnc(C(C)C)s3)cc2oc1=O,1,330.41,3.96,65.22,0,6,4,3
grepafloxacin,Cc1c(F)c(N2CCNC(C)C2)cc2c1c(=O)c(C(=O)O)cn2C1CC1,0,359.4,2.28,74.57,2,4,3,2
Aminopyrine,Cc1c(N(C)C)c(=O)n(-c2ccccc2)n1C,1,231.3,1.55,30.17,0,2,2,2
cp20,Cc1c(O)c(=O)ccn1C,1,139.15,0.4,42.23,1,2,0,1
cp41,Cc1c(O)c(=O)ccn1CCCO,0,183.21,0.24,62.46,2,3,3,1
Nelfinavir,Cc1c(O)cccc1C(=O)N[C@@H](CSc1ccccc1)[C@H](O)CN1C[C@H]2CCCC[C@H]2C[C@H]1C(=O)NC(C)(C)C,0,567.8,4.75,101.9,4,6,9,2
premazepam,Cc1c2c(cn1C)NC(=O)CN=C2c1ccccc1,1,253.31,2.12,46.39,1,2,1,2
dactinomycin,Cc1c2oc3c(C)ccc(C(=O)NC4C(=O)NC(C(C)C)C(=O)N5CCCC5C(=O)N(C)CC(=O)N(C)C(C(C)C)C(=O)OC4C)c3nc-2c(C(=O)NC2C(=O)NC(C(C)C)C(=O)N3CCCC3C(=O)N(C)CC(=O)N(C)C(C(C)C)C(=O)OC2C)c(N)c1=O,0,1255.44,0.73,359.98,5,18,8,1
23,Cc1c[nH+][o+]c(C([NH])CC(C)C(C)(C)N(C(C)(C)C)C(C)(N)N)c1[O-],1,353.51,1.58,127.58,2,4,6,1
minaprine,Cc1cc(-c2ccccc2)nnc1NCCN1CCOCC1,1,298.39,2.2,50.28,1,5,5,2
cefpiramide,Cc1cc(=O)c(C(=O)N[C@@H](C(=O)NC2C(=O)N3C(C(=O)O)=C(CSc4nnnn4C)CS[C@H]23)c2ccc(O)cc2)c[nH]1,0,612.65,-0.09,212.5,5,11,9,3
antipyrine,Cc1cc(=O)n(-c2ccccc2)n1C,1,188.23,1.48,26.93,0,1,1,2
hymecromone,Cc1cc(=O)oc2cc(O)ccc12,0,176.17,1.81,50.44,1,3,0,2
brosotamide,Cc1cc(Br)cc(C(N)=O)c1O,1,230.06,1.56,63.32,2,2,1,1
isocarboxazid,Cc1cc(C(=O)NNCc2ccccc2)no1,1,231.26,1.42,67.16,2,4,4,2
15,Cc1cc(C(C)(C)SC(C)(C)CNc2[nH]ccc2[N+](=O)[O-])nc(C)c1C,1,376.53,5.1,83.85,2,5,7,2
cetohexazine,Cc1cc(C)c(=O)[nH]n1,1,124.14,0.39,45.75,1,2,0,1
metaxalone,Cc1cc(C)cc(OCC2CNC(=O)O2)c1,1,221.26,1.79,47.56,1,3,3,1
mepiprazole,Cc1cc(CCN2CCN(c3cccc(Cl)c3)CC2)n[nH]1,1,304.83,2.74,35.16,1,3,4,2
amiflamine,Cc1cc(N(C)C)ccc1C[C@H](C)N.O=C(O)[C@H](O)[C@@H](O)C(=O)O,1,342.39,-0.17,144.32,5,6,6,1
isoxicam,Cc1cc(N/C(O)=C2\C(=O)c3ccccc3S(=O)(=O)N2C)no1,0,335.34,1.64,112.74,2,7,2,2
soretolide,Cc1cc(NC(=O)c2c(C)cccc2C)no1,1,230.27,2.85,55.13,1,3,2,2
Sulfamethoxazole,Cc1cc(NS(=O)(=O)c2ccc(N)cc2)no1,1,253.28,1.37,98.22,2,5,3,2
flumezapine,Cc1cc2c(s1)=Nc1ccc(F)cc1NC=2N1CCN(C)CC1,1,330.43,1.89,30.87,1,5,1,2
olanzapine,Cc1cc2c(s1)=Nc1ccccc1NC=2N1CCN(C)CC1,1,312.44,1.75,30.87,1,5,1,2
zolpidem,Cc1ccc(-c2nc3ccc(C)cn3c2CC(=O)N(C)C)cc1,1,307.4,3.25,37.61,0,2,3,3
tolcapone,Cc1ccc(C(=O)c2cc(O)c(O)c([N+](=O)[O-])c2)cc1,0,273.24,2.55,100.67,2,5,3,2
tymazoline,Cc1ccc(C(C)C)c(OCC2=NCCN2)c1,0,232.33,2.5,33.62,1,3,4,1
p-Xylene,Cc1ccc(C)cc1,1,106.17,2.3,0.0,0,0,0,1
moperone,Cc1ccc(C2(O)CCN(CCCC(=O)c3ccc(F)cc3)CC2)cc1,1,355.45,4.08,40.54,1,3,6,2
8-5,Cc1ccc(CC2=CNC(NCCSCc3ccc(CN(C)C)o3)=NC2)cn1,0,399.56,2.95,65.69,2,7,9,2
delfaprazine,Cc1ccc(Cc2ccccc2)c(N2CCNCC2)c1,1,266.39,3.0,15.27,1,2,3,2
Temelastine,Cc1ccc(Cc2cnc(NCCCCc3ncc(Br)cc3C)[nH]c2=O)cn1,0,442.36,3.96,83.56,2,5,8,3
Lupitidine,Cc1ccc(Cc2cnc(NCCSCc3ccc(C(C)(C)N)o3)[nH]c2=O)cn1,0,413.55,3.2,109.83,3,7,9,3
Meclofenamate,Cc1ccc(Cl)c(Nc2ccccc2C(=O)O)c1Cl,0,296.15,4.74,49.33,2,2,3,2
tolufazepam,Cc1ccc(S(=O)(=O)CCN2C(=O)CN=C(c3ccccc3Cl)c3cc(Cl)ccc32)cc1,1,487.41,4.96,66.81,0,4,5,3
tolazamide,Cc1ccc(S(=O)(=O)NC(=O)NN2CCCCCC2)cc1,0,311.41,1.77,78.51,2,4,3,1
metiapine,Cc1ccc2c(c1)C(N1CCN(C)CC1)=Nc1ccccc1S2,1,323.46,3.79,18.84,0,4,0,2
dicarbine,Cc1ccc2c(c1)C1CN(C)CCC1N2,1,202.3,2.21,15.27,1,2,0,1
dimemorfan,Cc1ccc2c(c1)[C@]13CCCC[C@@H]1[C@H](C2)N(C)CC3,1,255.4,3.68,3.24,0,1,0,1
pirlindole,Cc1ccc2c(c1)c1c3n2CCNC3CCC1.[Cl-].[H+],1,262.78,0.05,16.96,1,1,0,2
ropizine,Cc1cccc(/C=N/N2CCN(C(c3ccccc3)c3ccccc3)CC2)n1,1,370.5,4.13,31.73,0,4,5,3
m-Xylene,Cc1cccc(C)c1,1,106.17,2.3,0.0,0,0,0,1
nefiracetam,Cc1cccc(C)c1NC(=O)CN1CCCC1=O,1,246.31,1.86,49.41,1,2,3,1
ameltolide,Cc1cccc(C)c1NC(=O)c1ccc(N)cc1,1,240.31,3.14,55.12,2,2,2,2
xylazine,Cc1cccc(C)c1NC1=NCCCS1,1,220.34,3.21,24.39,1,3,1,1
mexiletine,Cc1cccc(C)c1OCC(C)N,1,179.26,2.03,35.25,1,2,3,1
detomidine,Cc1cccc(Cc2cnc[nH]2)c1C,1,186.26,2.62,28.68,1,1,2,2
ralitoline,Cc1cccc(Cl)c1NC(=O)/C=C1\SCC(=O)N1C,1,296.78,2.63,49.41,1,3,2,1
toloxatone,Cc1cccc(N2CC(CO)OC2=O)c1,1,207.23,1.31,49.77,1,3,2,1
tolpiprazole,Cc1cccc(N2CCN(CCc3cc(C)[nH]n3)CC2)c1,1,284.41,2.39,35.16,1,3,4,2
Mefenamic_acid,Cc1cccc(Nc2ccccc2C(=O)O)c1C,0,241.29,3.75,49.33,2,2,3,2
ifoxetine,Cc1cccc(O[C@H]2CCNC[C@H]2O)c1C,1,221.3,1.41,41.49,2,3,2,1
Org4428,Cc1cccc2c1Oc1ccccc1C1(O)CCN(C)CC21,1,295.38,3.41,32.7,1,3,0,2
Org32104,Cc1cccc2c1Oc1ccccc1C1(O)CCNCC21,1,281.36,3.07,41.49,2,3,0,2
beloxepin,Cc1cccc2c1Oc1ccccc1[C@@]1(O)CCN(C)C[C@@H]21,1,295.38,3.41,32.7,1,3,0,2
Org4428,Cc1cccc2c1Oc1ccccc1[C@@]1(O)CCN(C)C[C@H]21,1,295.38,3.41,32.7,1,3,0,2
Org32104,Cc1cccc2c1Oc1ccccc1[C@@]1(O)CCNC[C@H]21,1,281.36,3.07,41.49,2,3,0,2
Toluene,Cc1ccccc1,1,92.14,2.0,0.0,0,0,0,1
piriqualone,Cc1ccccc1-n1c(/C=C/c2ccccn2)nc2ccccc2c1=O,1,339.4,4.26,47.78,0,3,3,4
methaqualone,Cc1ccccc1-n1c(C)nc2ccccc2c1=O,1,250.3,3.0,34.89,0,2,1,3
o-Xylene,Cc1ccccc1C,1,106.17,2.3,0.0,0,0,0,1
orphenadrine,Cc1ccccc1C(OCCN(C)C)c1ccccc1,1,269.39,3.66,12.47,0,2,6,2
toprilidine,Cc1ccccc1N1CCN(CCCOc2ccccn2)CC1,1,311.43,2.98,28.6,0,4,6,2
toloxychlorinol,Cc1ccccc1OCC(COC(O)C(Cl)(Cl)Cl)OC(O)C(Cl)(Cl)Cl,1,477.0,4.15,68.15,2,5,8,1
Nevirapine,Cc1ccnc2c1NC(=O)c1cccnc1N2C1CC1,1,266.3,2.65,58.12,1,4,1,2
tiagabine,Cc1ccsc1C(=CCCN1CCC[C@@H](C(=O)O)C1)c1sccc1C,1,375.56,5.04,40.54,1,4,6,2
Stavudine,Cc1cn([C@H]2C=C[C@@H](CO)O2)c(=O)[nH]c1=O,1,224.22,-0.71,84.32,2,4,2,1
alovudine,Cc1cn([C@H]2C[C@H](F)[C@@H](CO)O2)c(=O)[nH]c1=O,1,244.22,-0.54,84.32,2,4,2,1
zidovudine,Cc1cn([C@H]2C[C@H](N=[N+]=[N-])[C@@H](CO)O2)c(=O)[nH]c1=O,0,267.25,-0.2,133.08,2,5,3,1
meloxicam,Cc1cnc(N/C(O)=C2/C(=O)c3ccccc3S(=O)(=O)N2C)s1,0,351.41,2.11,99.6,2,7,2,2
prazocillin,Cc1cnn(-c2c(Cl)cccc2Cl)c1C(=O)N[C@@H]1C(=O)N2[C@@H]1SC(C)(C)[C@@H]2C(=O)O,0,469.35,2.73,104.53,2,5,4,2
2,Cc1csc(N=C(N)N)n1,1,156.21,0.36,77.29,2,3,1,1
tienocarbine,Cc1csc2ccc3[nH]c4c(c3c12)CN(C)CC4,1,256.37,3.68,19.03,1,2,0,3
tasosartan,Cc1nc(C)c2c(n1)N(Cc1ccc(-c3ccccc3-c3nn[nH]n3)cc1)C(=O)CC2,1,411.47,3.42,100.55,1,6,4,4
ocaperidone,Cc1nc2c(C)cccn2c(=O)c1CCN1CCC(c2noc3cc(F)ccc23)CC1,1,420.49,4.01,63.64,0,5,4,4
mecloqualone,Cc1nc2ccccc2c(=O)n1-c1ccccc1Cl,1,270.72,3.35,34.89,0,2,1,3
setoperone,Cc1nc2n(c(=O)c1CCN1CCC(C(=O)c3ccc(F)cc3)CC1)CCS2,1,401.51,2.93,55.2,0,5,5,2
Risperidone,Cc1nc2n(c(=O)c1CCN1CCC(c3noc4cc(F)ccc34)CC1)CCCC2,1,410.49,3.59,64.16,0,5,4,3
9-OH Risperidone,Cc1nc2n(c(=O)c1CCN1CCC(c3noc4cc(F)ccc34)CC1)CCCC2O,1,426.49,3.08,84.39,1,6,4,3
9-OH-risperidone,Cc1nc2n(c(=O)c1CCN1CCC(c3noc4cc(F)ccc34)CC1)CCC[C@H]2O,1,426.49,3.08,84.39,1,6,4,3
batelapine,Cc1nc2n(n1)C(N1CCN(C)CC1)=Nc1ccccc1C2,1,296.38,1.27,49.55,0,5,0,2
pyritinol,Cc1ncc(CSSCc2cnc(C)c(O)c2CO)c(CO)c1O,1,368.48,2.57,106.7,4,8,7,2
ornidazole,Cc1ncc([N+](=O)[O-])n1CC(O)CCl,1,219.63,0.7,81.19,1,4,4,1
Metronidazole,Cc1ncc([N+](=O)[O-])n1CCO,1,171.16,0.09,81.19,1,4,3,1
climazolam,Cc1ncc2n1-c1ccc(Cl)cc1C(c1ccccc1Cl)=NC2,1,342.23,4.84,30.18,0,2,1,3
Midazolam,Cc1ncc2n1-c1ccc(Cl)cc1C(c1ccccc1F)=NC2,1,325.77,4.32,30.18,0,2,1,3
midazolam maleate,Cc1ncc2n1-c1ccc(Cl)cc1C(c1ccccc1F)=NC2.O=C(O)/C=C\C(=O)O,1,441.85,4.04,104.78,2,4,3,3
4-hydroxymidazolam,Cc1ncc2n1-c1ccc(Cl)cc1C(c1ccccc1F)=NC2O,1,341.77,3.82,50.41,1,3,1,3
harman,Cc1nccc2c1[nH]c1ccccc12,1,182.23,3.02,28.68,1,1,0,3
efetozole,Cc1nccn1C(C)c1ccccc1,1,186.26,2.8,17.82,0,1,2,2
ondansetron,Cc1nccn1CC1CCc2c(c3ccccc3n2C)C1=O,1,293.37,3.13,39.82,0,2,2,3
modaline,Cc1nccnc1N1CCCCC1,1,177.25,1.78,29.02,0,3,1,1
clomethiazole,Cc1ncsc1CCCl,1,161.66,2.23,12.89,0,2,2,1
zolazepam,Cc1nn(C)c2c1C(c1ccccc1F)=NCC(=O)N2C,1,286.31,1.68,50.49,0,3,1,2
zomebazam,Cc1nn(C)c2c1N(c1ccccc1)C(=O)CC(=O)N2C,1,284.32,1.76,58.44,0,3,1,2
cefaparole,Cc1nnc(SCC2=C(C(=O)O)N3C(=O)[C@@H](NC(=O)C(N)c4ccc(O)cc4)[C@H]3SC2)s1,0,493.59,1.08,158.74,4,10,7,2
cefazedone,Cc1nnc(SCC2=C(C(=O)O)N3C(=O)[C@@H](NC(=O)Cn4cc(Cl)c(=O)c(Cl)c4)[C@H]3SC2)s1,0,548.46,1.85,134.49,2,9,7,2
cefcanel,Cc1nnc(SCC2=C(C(=O)O)N3C(=O)[C@@H](NC(=O)[C@H](O)c4ccccc4)[C@H]3SC2)s1,0,478.58,1.41,132.72,3,9,7,2
cefcanel-daloxate,Cc1nnc(SCC2=C(C(=O)OCc3oc(=O)oc3C)N3C(=O)C(NC(=O)C(OC(=O)C(C)N)c4ccccc4)C3SC2)s1,0,661.74,1.82,197.16,2,15,11,3
Cefazolin,Cc1nnc(SCC2=C(C(=O)[O-])N3C(=O)[C@@H](NC(=O)Cn4cnnn4)[C@H]3SC2)s1.[Na+],0,476.5,-4.97,158.92,1,12,7,2
Alprazolam,Cc1nnc2n1-c1ccc(Cl)cc1C(c1ccccc1)=NC2,1,308.77,3.58,43.07,0,3,1,3
Triazolam,Cc1nnc2n1-c1ccc(Cl)cc1C(c1ccccc1Cl)=NC2,1,343.22,4.23,43.07,0,3,1,3
brotizolam,Cc1nnc2n1-c1sc(Br)cc1C(c1ccccc1Cl)=NC2,1,393.7,4.4,43.07,0,4,1,3
Sulfafurazole,Cc1noc(NS(=O)(=O)c2ccc(N)cc2)c1C,1,267.31,1.67,98.22,2,5,3,2
lenampicillin,Cc1oc(=O)oc1COC(=O)[C@@H]1N2C(=O)[C@@H](NC(=O)[C@H](N)c3ccccc3)[C@H]2SC1(C)C,0,461.5,0.83,145.08,2,9,6,2
dicloxacillin,Cc1onc(-c2c(Cl)cccc2Cl)c1C(=O)N[C@@H]1C(=O)N2[C@@H]1SC(C)(C)[C@@H]2C(=O)O,0,470.33,3.2,112.74,2,6,4,2
Flucloxacillin,Cc1onc(-c2c(F)cccc2Cl)c1C(=O)N[C@@H]1C(=O)N2[C@@H]1SC(C)(C)[C@@H]2C(=O)O,0,453.88,2.69,112.74,2,6,4,2
Oxacillin,Cc1onc(-c2ccccc2)c1C(=O)N[C@@H]1C(=O)N2[C@@H]1SC(C)(C)[C@@H]2C(=O)O,0,401.44,1.9,112.74,2,6,4,2
cloxacillin,Cc1onc(-c2ccccc2Cl)c1C(=O)N[C@@H]1C(=O)N2[C@@H]1SC(C)(C)[C@@H]2C(=O)O,1,435.89,2.55,112.74,2,6,4,2
loreclezole,Cl/C(=C\n1cncn1)c1ccc(Cl)cc1Cl,1,274.54,3.78,30.71,0,2,2,2
Trichloromethane,ClC(Cl)Cl,1,119.38,1.99,0.0,0,0,0,0
Trichloroethylene,ClC=C(Cl)Cl,1,131.39,2.5,0.0,0,0,0,0
18,ClCCl,1,84.93,1.42,0.0,0,0,0,0
difencloxazine,Clc1ccc(C(OCCN2CCOCC2)c2ccccc2)cc1,1,331.84,3.78,21.7,0,3,6,2
Miconazole,Clc1ccc(COC(Cn2ccnc2)c2ccc(Cl)cc2Cl)c(Cl)c1,1,416.14,6.45,27.05,0,2,6,3
Econazole,Clc1ccc(COC(Cn2ccnc2)c2ccc(Cl)cc2Cl)cc1,0,381.69,5.8,27.05,0,2,6,3
lorcinadol,Clc1ccc(N2CCN(C/C=C/c3ccccc3)CC2)nn1,1,314.82,2.97,32.26,0,4,4,2
fenmetozole,Clc1ccc(OCC2=NCCN2)cc1Cl,1,245.11,2.37,33.62,1,3,3,1
spiclamine,Clc1ccc([C@@H]2[C@H]3CC[C@@H](C3)C23CCC(N2CCOCC2)=N3)cc1,1,344.89,4.12,24.83,0,3,1,1
nuclotixene,Clc1ccc2c(c1)/C(=C/C1CN3CCC1CC3)c1ccccc1S2,1,353.92,5.58,3.24,0,2,1,2
amoxapine,Clc1ccc2c(c1)C(N1CCNCC1)=Nc1ccccc1O2,1,313.79,3.43,36.86,1,4,0,2
estazolam,Clc1ccc2c(c1)C(c1ccccc1)=NCc1nncn1-2,1,294.75,3.27,43.07,0,3,1,3
Org30526,Clc1ccc2c(c1)C1CNCC1c1ccccc1O2,1,271.75,3.92,21.26,1,2,0,2
7-K10,Clc1ccc2c(c1)[C@H]1CCNC[C@@H]1c1ccccc1O2,1,285.77,4.31,21.26,1,2,0,2
Org30526,Clc1ccc2c(c1)[C@H]1CNC[C@H]1c1ccccc1O2,1,271.75,3.92,21.26,1,2,0,2
Clonidine,Clc1cccc(Cl)c1NC1=NCCN1,1,230.1,2.36,36.42,2,3,1,1
clidafidine,Clc1cccc(Cl)c1NC1=NCCO1,1,231.08,2.79,33.62,1,3,1,1
clotrimazole,Clc1ccccc1C(c1ccccc1)(c1ccccc1)n1ccnc1,0,344.85,5.38,17.82,0,1,4,4
ciclotizolam,Clc1ccccc1C1=NCc2nnc(C3CCCCC3)n2-c2sc(Br)cc21,1,461.82,6.14,43.07,0,4,2,3
lesopitron,Clc1cnn(CCCCN2CCN(c3ncccn3)CC2)c1,1,320.83,1.93,50.08,0,5,6,2
Paraxanthine,Cn1c(=O)[nH]c2ncn(C)c2c1=O,1,180.17,-1.04,72.68,1,3,0,2
theophylline,Cn1c(=O)c2[nH]cnc2n(C)c1=O,0,180.17,-1.04,72.68,1,3,0,2
aminophylline,Cn1c(=O)c2[nH]cnc2n(C)c1=O.Cn1c(=O)c2[nH]cnc2n(C)c1=O.NCCN,0,420.43,-3.18,197.4,4,8,1,4
caffeine,Cn1c(=O)c2c(ncn2C)n(C)c1=O,1,194.19,-1.03,61.82,0,3,0,2
tameridone,Cn1c(=O)c2c(ncn2CCN2CCC(c3c[nH]c4ccccc34)CC2)n(C)c1=O,1,406.49,1.79,80.85,1,4,4,4
theodrenaline,Cn1c(=O)c2c(ncn2CCNCC(O)c2ccc(O)c(O)c2)n(C)c1=O,0,375.39,-0.83,134.54,4,7,6,3
9-C1,Cn1c(=O)c2nc[nH]c2n(C)c1=O,1,180.17,-1.04,72.68,1,3,0,2
enpiprazole,Cn1cc(CCN2CCN(c3ccccc3Cl)CC2)cn1,1,304.83,2.44,24.3,0,3,4,2
Theobromine,Cn1cnc2c1c(=O)[nH]c(=O)n2C,1,180.17,-1.04,72.68,1,3,0,2
suritozole,Cn1nc(-c2cccc(F)c2)n(C)c1=S,1,223.28,2.29,22.75,0,2,1,2
fepitrizol,Cn1nc(-c2cccnc2)nc1-c1ccccc1CO,1,266.3,2.04,63.83,1,4,3,3
cefivitril,Cn1nnnc1SCC1=C(C(=O)O)N2C(=O)[C@@H](NC(=O)CS/C=C\C#N)[C@H]2SC1,0,453.53,-0.19,154.1,2,10,8,1
cefamandole,Cn1nnnc1SCC1=C(C(=O)O)N2C(=O)[C@@H](NC(=O)[C@H](O)c3ccccc3)[C@H]2SC1,1,462.51,-0.23,150.54,3,9,7,2
cefazaflur,Cn1nnnc1SCC1=C(C(=O)[O-])N2C(=O)[C@@H](NC(=O)CSC(F)(F)F)[C@H]2SC1.[Na+],0,492.46,-4.04,133.14,1,10,7,1
Teflurane,FC(Br)C(F)(F)F,1,180.93,2.24,0.0,0,0,0,0
cryofluorane,FC(F)(Cl)C(F)(F)Cl,1,170.92,2.65,0.0,0,0,1,0
Halothane,FC(F)(F)C(Cl)Br,1,197.38,2.51,0.0,0,0,0,0
"""1,1,1-Trifluro-2-chloroethane""",FC(F)(F)CCl,1,118.49,1.79,0.0,0,0,0,0
Org12692,FC(F)(F)c1ccc(N2CCNCC2)nc1Cl,1,265.67,2.16,28.16,1,3,1,1
cyclophenazine,FC(F)(F)c1ccc2c(c1)N(CCCN1CCN(C3CC3)CC1)c1ccccc1S2,1,433.54,5.48,9.72,0,4,5,2
oxaflumazine,FC(F)(F)c1ccc2c(c1)N(CCCN1CCN(CCC3OCCCO3)CC1)c1ccccc1S2.O=C(O)CCC(=O)O,1,625.71,5.4,102.78,2,8,10,2
xaliproden,FC(F)(F)c1cccc(C2=CCN(CCc3ccc4ccccc4c3)CC2)c1,1,381.44,6.19,3.24,0,1,4,3
lorpiprazole,FC(F)(F)c1cccc(N2CCN(CCc3nnc4n3C[C@H]3CCC[C@@H]43)CC2)c1,1,405.47,3.56,37.19,0,4,4,2
Isoflurane,FC(F)OC(Cl)C(F)(F)F,1,184.49,2.35,9.23,0,1,2,0
Enflurane,FC(F)OC(F)(F)C(F)Cl,1,184.49,2.35,9.23,0,1,3,0
desflurane,FC(F)OC(F)C(F)(F)F,1,168.04,2.08,9.23,0,1,2,0
norflurane,FCC(F)(F)F,1,102.03,1.52,0.0,0,0,0,0
Sevoflurane,FCOC(C(F)(F)F)C(F)(F)F,1,200.05,2.42,9.23,0,1,2,0
elopiprazole,Fc1ccc(-c2ccc(CN3CCN(c4cccc5ccoc45)CC3)[nH]2)cc1,1,375.45,4.89,35.41,1,3,4,4
difluanine(difluanazine),Fc1ccc(C(CCCN2CCN(CCNc3ccccc3)CC2)c2ccc(F)cc2)cc1,1,449.59,5.61,18.51,1,3,10,3
paroxetine,Fc1ccc([C@@H]2CCNC[C@H]2COc2ccc3c(c2)OCO3)cc1,1,329.37,3.33,39.72,1,4,4,2
gevotroline,Fc1ccc2[nH]c3c(c2c1)CN(CCCc1cccnc1)CC3,1,309.39,3.69,31.92,1,2,4,3
carvotroline,Fc1ccc2[nH]c3c(c2c1)CN(CCc1ccncc1)CC3,1,295.36,3.3,31.92,1,2,3,3
romifidine,Fc1cccc(Br)c1NC1=NCCN1,1,258.09,1.96,36.42,2,3,1,1
quazepam,Fc1ccccc1C1=NCC(=S)N(CC(F)(F)F)c2ccc(Cl)cc21,1,386.8,5.03,15.6,0,2,2,2
fletazepam,Fc1ccccc1C1=NCCN(CC(F)(F)F)c2ccc(Cl)cc21,1,356.75,4.7,15.6,0,2,2,2
piritramide,N#CC(CCN1CCC(C(N)=O)(N2CCCCC2)CC1)(c1ccccc1)c1ccccc1,1,430.6,3.69,73.36,1,4,7,2
cinolazepam,N#CCCN1C(=O)C(O)N=C(c2ccccc2F)c2cc(Cl)ccc21,1,357.77,2.9,76.69,1,4,3,2
bazinaprine,N#Cc1cc(-c2ccccc2)nnc1NCCN1CCOCC1,1,309.37,1.76,74.07,1,6,5,2
savoxepin,N#Cc1ccc2c(c1)C1=C(CCN(CC3CCCC3)CC1)c1ccccc1O2,1,370.5,5.86,36.26,0,3,2,2
periciazine,N#Cc1ccc2c(c1)N(CCCN1CCC(O)CC1)c1ccccc1S2,1,365.5,4.01,50.5,1,5,4,2
trizoxime,N/C(N=O)=C1\NNc2ccccc2N(Cc2ccccc2)C1=O,1,309.33,2.04,99.82,3,6,3,2
guanoxyfen,N=C(N)NCCCOc1ccccc1,1,193.25,0.94,71.13,3,2,5,1
nitrafudam,N=C(N)c1ccc(-c2ccccc2[N+](=O)[O-])o1,1,231.21,2.14,106.15,2,4,3,2
timirdine,N=C1SCCN1c1ccc(Cl)cc1N,1,227.72,2.41,53.11,2,3,1,1
pipamperone,NC(=O)C1(N2CCCCC2)CCN(CCCC(=O)c2ccc(F)cc2)CC1,1,375.49,2.59,66.64,1,4,7,1
clocapramine,NC(=O)C1(N2CCCCC2)CCN(CCCN2c3ccccc3CCc3ccc(Cl)cc32)CC1,1,481.08,4.77,52.81,1,4,6,2
carpipramine,NC(=O)C1(N2CCCCC2)CCN(CCCN2c3ccccc3CCc3ccccc32)CC1,1,446.64,4.12,52.81,1,4,6,2
oxanamide,NC(=O)C1CCCCO1,1,129.16,0.04,52.32,1,2,1,0
citenamide,NC(=O)C1c2ccccc2C=Cc2ccccc21,1,235.29,2.79,43.09,1,1,1,2
cyheptamide,NC(=O)C1c2ccccc2CCc2ccccc21,1,237.3,2.4,43.09,1,1,1,2
progabide,NC(=O)CCCN/C(=C1\C=C(F)C=CC1=O)c1ccc(Cl)cc1,1,334.78,2.9,72.19,2,3,6,1
doliracetam,NC(=O)CN1C(=O)C(c2ccccc2)c2ccccc21,1,266.3,1.65,63.4,1,2,3,2
paraxazone,NC(=O)CN1C(=O)COc2ccccc21,1,206.2,-0.1,72.63,1,3,2,1
oxiracetam,NC(=O)CN1CC(O)CC1=O,1,158.16,-1.94,83.63,2,3,2,0
piracetam,NC(=O)CN1CCCC1=O,1,142.16,-0.91,63.4,1,2,2,0
caroxazone,NC(=O)CN1Cc2ccccc2OC1=O,1,206.2,0.49,72.63,1,3,2,1
modafinil,NC(=O)CS(=O)C(c1ccccc1)c1ccccc1,1,273.36,2.01,60.16,1,2,5,2
dezinamide,NC(=O)N1CC(Oc2cccc(C(F)(F)F)c2)C1,1,260.21,1.85,55.56,1,2,2,1
carbamazepine-10,NC(=O)N1c2ccccc2C2OC2c2ccccc21,1,252.27,3.03,58.86,1,2,0,2
carbamazepine,NC(=O)N1c2ccccc2C=Cc2ccccc21,1,236.27,3.39,46.33,1,1,0,2
oxcarbazepine,NC(=O)N1c2ccccc2CC(=O)c2ccccc21,1,252.27,2.64,63.4,1,2,0,2
phenacemide,NC(=O)NC(=O)Cc1ccccc1,1,178.19,0.42,72.19,2,2,2,1
fluprazine,NC(=O)NCCN1CCN(c2cccc(C(F)(F)F)c2)CC1,1,316.33,1.5,61.6,2,3,4,1
Hydroxycarbamide,NC(=O)NO,1,76.05,-0.96,75.35,3,2,0,0
felbamate,NC(=O)OCC(COC(N)=O)c1ccccc1,1,238.24,0.96,104.64,2,4,5,1
chlorphenesin-carbamate,NC(=O)OCC(O)COc1ccc(Cl)cc1,1,245.66,1.18,81.78,2,4,5,1
carumonam,NC(=O)OCC1[C@H](NC(=O)/C(=N\OCC(=O)O)c2csc(N)n2)C(=O)N1S(=O)(=O)O,0,466.41,-2.88,253.9,5,12,9,1
phenprobamate,NC(=O)OCCCc1ccccc1,1,179.22,1.71,52.32,1,2,4,1
robalzotan,NC(=O)c1ccc(F)c2c1C[C@@H](N(C1CCC1)C1CCC1)CO2,1,318.39,2.64,55.56,1,3,4,1
salicylamide,NC(=O)c1ccccc1O,1,137.14,0.49,63.32,2,2,1,1
nicotinamide,NC(=O)c1cccnc1,1,122.13,0.18,55.98,1,2,1,1
rufinamide,NC(=O)c1cn(Cc2c(F)cccc2F)nn1,1,238.2,0.7,73.8,1,3,3,2
Pyrazinamide,NC(=O)c1cnccn1,1,123.11,-0.42,68.87,1,3,1,1
ribavirin,NC(=O)c1ncn([C@@H]2O[C@H](CO)[C@@H](O)[C@H]2O)n1,0,244.21,-3.01,143.72,4,7,3,1
cefatrizine,NC(C(=O)N[C@@H]1C(=O)N2C(C(=O)O)=C(CSc3cn[nH]n3)CS[C@H]12)c1ccc(O)cc1,0,462.51,0.04,174.53,5,9,7,2
Trometamol,NC(CO)(CO)CO,0,121.14,-2.34,86.71,4,4,3,0
benserazide,NC(CO)C(=O)NNCc1ccc(O)c(O)c1O,0,257.25,-1.76,148.07,7,7,5,1
oxitriptan,NC(Cc1c[nH]c2ccc(O)cc12)C(=O)O,1,220.23,0.83,99.34,4,3,3,2
melphalan,NC(Cc1ccc(N(CCCl)CCCl)cc1)C(=O)O,0,305.2,1.93,66.56,2,3,8,1
guanabenz,NC(N)=N/N=C/c1c(Cl)cccc1Cl,0,231.09,1.6,76.76,2,2,2,1
Amiloride,NC(N)=NC(=O)c1nc(Cl)c(N)nc1N,1,229.63,-1.29,159.29,4,5,1,1
Guanadrel,NC(N)=NCC1COC2(CCCCC2)O1,0,213.28,0.34,82.86,2,3,2,0
guanethidinesulfate,NC(N)=NCCN1CCCCCCC1,0,198.31,0.53,67.64,2,2,3,0
17,NC(N)=Nc1nc(-c2cccc(N)c2)cs1,1,233.3,1.3,103.31,3,4,2,2
16,NC(N)=Nc1nc(-c2ccccc2)cs1,1,218.29,1.72,77.29,2,3,2,2
Famotidine,NC(N)=Nc1nc(CSCCC(N)=NS(N)(=O)=O)cs1,1,337.46,-0.77,175.83,4,6,7,1
Urea,NC(N)=O,1,60.06,-0.98,69.11,2,1,0,0
mofegiline,NC/C(=C/F)CCc1ccc(F)cc1,1,197.23,2.57,26.02,1,1,4,1
amantadine,NC12CC3CC(CC(C3)C1)C2.[Cl-].[H+],1,187.71,-0.97,26.02,1,1,0,0
pemoline,NC1=NC(=O)C(c2ccccc2)O1,1,176.17,0.6,64.68,1,3,1,1
midaflur,NC1=NC(C(F)(F)F)(C(F)(F)F)NC1(C(F)(F)F)C(F)(F)F,1,357.1,2.63,50.41,2,3,0,0
cypenamine,NC1CCCC1c1ccccc1,1,161.25,2.28,26.02,1,1,1,1
Cycloserine,NC1CONC1=O,1,102.09,-1.62,64.35,2,3,0,0
Trovafloxacin,NC1[C@H]2CN(c3nc4c(cc3F)c(=O)c(C(=O)O)cn4-c3ccc(F)cc3F)C[C@@H]12,1,416.36,1.89,101.45,2,5,3,3
Norepinephrine,NCC(O)c1ccc(O)c(O)c1,0,169.18,0.09,86.71,4,4,2,1
norfenefrine,NCC(O)c1cccc(O)c1,0,153.18,0.38,66.48,3,3,2,1
Gabapentin,NCC1(CC(=O)O)CCCCC1,1,171.24,1.37,63.32,2,2,3,0
nebracetam,NCC1CC(=O)N(Cc2ccccc2)C1,1,204.27,0.99,46.33,1,2,3,1
dibekacin,NCC1CCC(N)C(OC2C(N)CC(N)C(OC3OC(CO)C(O)C(N)C3O)C2O)O1,0,451.52,-5.27,247.94,9,13,6,0
bekanamycin,NCC1OC(OC2C(N)CC(N)C(OC3OC(CO)C(O)C(N)C3O)C2O)C(N)C(O)C1O,0,483.52,-7.33,288.4,11,15,6,0
Kanamycin,NCC1OC(OC2C(N)CC(N)C(OC3OC(CO)C(O)C(N)C3O)C2O)C(O)C(O)C1O,0,484.5,-7.29,282.61,11,15,6,0
propikacin,NCC1OC(OC2C(N)CC(NC(CO)CO)C(OC3OC(CO)C(O)C(N)C3O)C2O)C(N)C(O)C1O,0,557.6,-8.34,314.87,13,17,10,0
butikacin,NCCC(O)CNC1CC(N)C(OC2OC(CN)C(O)C(O)C2O)C(O)C1OC1OC(CO)C(O)C(N)C1O,0,571.63,-7.95,314.87,13,17,11,0
seproxetine,NCCC(Oc1ccc(C(F)(F)F)cc1)c1ccccc1,1,295.3,4.17,35.25,1,2,5,2
Desmethyldesipramine,NCCCN1c2ccccc2CCc2ccccc21,1,252.36,3.27,29.26,1,2,3,2
Nor-2-chlorpromazine,NCCCN1c2ccccc2Sc2ccc(Cl)cc21,1,290.82,4.29,29.26,1,3,3,2
Amifostine,NCCCNCCSP(=O)(O)O,0,214.23,-0.25,95.58,4,4,7,0
arbekacin,NCC[C@H](O)C(=O)N[C@@H]1C[C@H](N)[C@@H](O[C@H]2O[C@H](CN)CC[C@H]2N)[C@H](O)[C@H]1O[C@H]1O[C@H](CO)[C@@H](O)[C@H](N)[C@H]1O,0,552.63,-6.4,297.27,11,15,10,0
Amikacin,NCC[C@H](O)C(=O)N[C@@H]1C[C@H](N)[C@@H](O[C@H]2O[C@H](CN)[C@@H](O)[C@H](O)[C@H]2O)[C@H](O)[C@H]1O[C@H]1O[C@H](CO)[C@@H](O)[C@H](N)[C@H]1O,1,585.61,-8.42,331.94,13,17,10,0
dopamine,NCCc1ccc(O)c(O)c1,0,153.18,0.6,66.48,3,3,2,1
Y-G 20,NCCc1cn2ccccc2n1,0,161.21,0.84,43.32,1,2,2,2
Y-G19,NCCc1nc(-c2ccccc2)cs1,0,204.3,2.31,38.91,1,3,3,2
Y-G16,NCCc1nccs1,1,128.2,0.64,38.91,1,3,2,1
9-C7,NCCn1ncc2cc(Cl)c(Cl)cc21,1,230.1,2.3,43.84,1,2,2,2
neamine,NC[C@H]1O[C@H](O[C@H]2[C@H](O)[C@@H](O)[C@H](N)C[C@@H]2N)[C@H](N)[C@@H](O)[C@@H]1O,0,322.36,-5.12,203.46,8,10,3,0
tobramycin,NC[C@H]1O[C@H](O[C@H]2[C@H](O)[C@@H](O[C@H]3O[C@H](CO)[C@@H](O)[C@H](N)[C@H]3O)[C@H](N)C[C@@H]2N)[C@H](N)C[C@@H]1O,0,467.52,-6.3,268.17,10,14,6,0
ceforanide,NCc1ccccc1CC(=O)N[C@@H]1C(=O)N2C(C(=O)O)=C(CSc3nnnn3CC(=O)O)CS[C@H]12,0,519.57,-0.71,193.63,4,10,10,2
fosenazide,NNC(=O)CP(=O)(c1ccccc1)c1ccccc1,1,274.26,0.99,72.19,2,3,4,2
isoniazid,NNC(=O)c1ccncc1,0,137.14,-0.31,68.01,2,3,1,1
cimemoxin,NNCC1CCCCC1,1,128.22,1.03,38.05,2,2,2,0
phenelzine sulfate,NNCCc1ccccc1.O=S(=O)(O)O,1,234.28,0.04,112.65,4,4,3,1
phenelzine,NNCCc1ccccc1.[Cl],1,171.65,1.38,38.05,2,2,3,1
hydralazine,NNc1nncc2ccccc12,0,160.18,0.92,63.83,2,4,1,2
Zonisamide,NS(=O)(=O)Cc1noc2ccccc12,1,212.23,0.62,86.19,1,4,2,2
furosemide,NS(=O)(=O)c1cc(C(=O)O)c(NCc2ccco2)cc1Cl,0,330.75,1.89,122.63,3,5,5,2
chlorthalidone,NS(=O)(=O)c1cc(C2(O)NC(=O)c3ccccc32)ccc1Cl,0,338.77,0.92,109.49,3,4,2,2
hydroflumethiazide,NS(=O)(=O)c1cc2c(cc1C(F)(F)F)NCNS2(=O)=O,0,331.3,0.01,118.36,3,5,1,1
Trichlormethiazide,NS(=O)(=O)c1cc2c(cc1Cl)NC(C(Cl)Cl)NS2(=O)=O,0,380.66,0.82,118.36,3,5,2,1
chlorothiazide,NS(=O)(=O)c1cc2c(cc1Cl)NC=NS2(=O)=O,0,295.73,0.13,118.69,2,5,1,1
Hydrochlorothiazide,NS(=O)(=O)c1cc2c(cc1Cl)NCNS2(=O)=O,0,297.75,-0.35,118.36,3,5,1,1
carzenide,NS(=O)(=O)c1ccc(C(=O)O)cc1,1,201.2,0.03,97.46,2,3,2,1
suclofenide,NS(=O)(=O)c1ccc(N2C(=O)CC(c3ccccc3)C2=O)c(Cl)c1,1,364.81,2.03,97.54,1,4,3,2
sulthiame(sultiame),NS(=O)(=O)c1ccc(N2CCCCS2(=O)=O)cc1,1,290.37,0.26,97.54,1,4,2,1
loracarbef,N[C@@H](C(=O)NC1C(=O)N2C(C(=O)O)=C(Cl)CCC12)c1ccccc1.O,0,367.79,-0.11,144.23,3,4,4,1
cefaclor,N[C@@H](C(=O)N[C@@H]1C(=O)N2C(C(=O)O)=C(Cl)CS[C@H]12)c1ccccc1,0,367.81,0.62,112.73,3,5,4,1
tryptophan(l-tryptophan),N[C@@H](Cc1c[nH]c2ccccc12)C(=O)O,1,204.23,1.12,79.11,3,2,3,2
levodopa,N[C@@H](Cc1ccc(O)c(O)c1)C(=O)O,1,197.19,0.05,103.78,4,4,3,1
tranylcypromine,N[C@@H]1C[C@H]1c1ccccc1.[Cl-].[H+],1,169.66,-1.38,26.02,1,1,1,1
Flucytosine,Nc1[nH]c(=O)ncc1F,1,129.09,-0.51,71.77,2,3,0,1
tacrine,Nc1c2c(nc3ccccc13)CCCC2,1,198.27,2.7,38.91,1,2,0,2
velnacrine,Nc1c2c(nc3ccccc13)CCCC2O,1,214.27,2.19,59.14,2,3,0,2
pancopride,Nc1cc(OCC2CC2)c(C(=O)NC2CN3CCC2CC3)cc1Cl,1,349.86,2.54,67.59,2,4,5,1
2-(3'-Iodo-4'-aminophenyl)-6-hydroxybenzothiazole,Nc1ccc(-c2nc3ccc(O)cc3s2)cc1I,1,368.2,3.86,59.14,2,4,1,3
Aminosalicylicacid,Nc1ccc(C(=O)O)c(O)c1,0,153.14,0.67,83.55,3,3,1,1
phenazopyridine,Nc1ccc(N=Nc2ccccc2)c(N)n1,0,213.24,2.66,89.65,2,5,2,2
azabon,Nc1ccc(S(=O)(=O)N2CC3CCC(CC3)C2)cc1,1,280.39,2.08,63.4,1,3,2,1
Sulfadiazine,Nc1ccc(S(=O)(=O)Nc2ncccn2)cc1,1,250.28,0.86,97.97,2,5,3,2
dapsone,Nc1ccc(S(=O)(=O)c2ccc(N)cc2)cc1,0,248.31,1.68,86.18,2,4,2,2
amphenidone,Nc1cccc(-n2ccccc2=O)c1,1,186.21,1.42,48.02,1,2,1,2
Cytarabine,Nc1ccn([C@@H]2O[C@H](CO)[C@@H](O)[C@@H]2O)c(=O)n1,1,243.22,-2.56,130.83,4,7,2,1
Zalcitabine,Nc1ccn([C@H]2CC[C@@H](CO)O2)c(=O)n1,1,211.22,-0.5,90.37,2,5,2,1
ceftibuten,Nc1nc(/C(=C/CC(=O)O)C(=O)N[C@@H]2C(=O)N3C(C(=O)O)=CCS[C@H]23)cs1.O.O,0,446.46,-1.7,225.92,4,8,6,1
Calcium-folinate,Nc1nc(=O)c2c([nH]1)NCC(CNc1ccc(C(=O)N[C@@H](CCC(=O)[O-])C(=O)[O-])cc1)N2C=O.[Ca+2],1,511.51,-3.78,225.5,5,11,10,2
folic-acid,Nc1nc(=O)c2nc(CNc3ccc(C(=O)N[C@@H](CCC(=O)O)C(=O)O)cc3)cnc2[nH]1,1,441.4,-0.04,213.28,6,9,9,3
penciclovir,Nc1nc(=O)c2ncn(CCC(CO)CO)c2[nH]1,1,253.26,-1.31,130.05,4,6,5,2
buciclovir,Nc1nc(=O)c2ncn(CC[C@@H](O)CO)c2[nH]1,1,239.23,-1.55,130.05,4,6,4,2
ganciclovir,Nc1nc(=O)c2ncn(COC(CO)CO)c2[nH]1,0,255.23,-1.97,139.28,4,7,5,2
Aciclovir,Nc1nc(=O)c2ncn(COCCO)c2[nH]1,1,225.21,-1.33,119.05,3,6,4,2
thioguanine,Nc1nc(=S)c2[nH]cnc2[nH]1,0,167.2,0.6,83.38,3,4,0,2
Cladribine,Nc1nc(Cl)nc2c1ncn2[C@H]1C[C@H](O)[C@@H](CO)O1,1,285.69,-0.3,119.31,3,7,2,2
Triamterene,Nc1nc(N)c2nc(-c3ccccc3)c(N)nc2n1,0,253.27,0.83,129.62,3,7,1,3
Abacavir,Nc1nc(NC2CC2)c2ncn([C@H]3C=C[C@@H](CO)C3)c2n1,1,286.34,1.09,101.88,3,6,4,2
riluzole,Nc1nc2ccc(OC(F)(F)F)cc2s1.[Cl-].[H+],1,270.66,-0.11,48.14,1,4,1,2
desciclovir,Nc1ncc2ncn(COCCO)c2n1,1,209.21,-0.63,99.08,2,6,4,2
Vidarabine,Nc1ncnc2c1ncn2C1OC(CO)C(O)C1O,1,267.25,-1.98,139.54,4,8,2,2
lamotrigine,Nc1nnc(-c2cccc(Cl)c2Cl)c(N)n1,1,256.1,2.01,90.71,2,5,1,2
centazolone,Nn1cnc2cc3ccccc3cc2c1=O,1,211.22,1.26,60.91,1,3,0,3
sibopirdine,O.c1cncc(CC2(Cc3ccncc3)c3cccnc3-c3ncccc32)c1,1,368.44,3.19,83.06,0,4,4,4
ilepcimide,O=C(/C=C/c1ccc2c(c1)OCO2)N1CCCCC1,1,259.3,2.44,38.77,0,3,2,1
Praziquantel,O=C(C1CCCCC1)N1CC(=O)N2CCc3ccccc3C2C1,1,312.41,2.53,40.62,0,2,1,1
pazinaclone,O=C(CC1c2ccccc2C(=O)N1c1ccc2ccc(Cl)nc2n1)N1CCC2(CC1)OCCO2,1,478.94,3.74,84.86,0,6,3,3
nonaperone,O=C(CCCN1CC2CCC(CC2)C1)c1ccc(F)cc1,1,289.39,3.91,20.31,0,2,5,1
droperidol,O=C(CCCN1CC=C(n2c(=O)[nH]c3ccccc32)CC1)c1ccc(F)cc1,1,379.44,3.68,58.1,1,3,6,3
cloroperone,O=C(CCCN1CCC(C(=O)c2ccc(Cl)cc2)CC1)c1ccc(F)cc1,1,387.88,5.04,37.38,0,3,7,2
lenperone,O=C(CCCN1CCC(C(=O)c2ccc(F)cc2)CC1)c1ccc(F)cc1,1,371.43,4.52,37.38,0,3,7,2
Bromperidol,O=C(CCCN1CCC(O)(c2ccc(Br)cc2)CC1)c1ccc(F)cc1,1,420.32,4.53,40.54,1,3,6,2
clofluperol,O=C(CCCN1CCC(O)(c2ccc(Cl)c(C(F)(F)F)c2)CC1)c1ccc(F)cc1,1,443.87,5.44,40.54,1,3,6,2
haloperidol,O=C(CCCN1CCC(O)(c2ccc(Cl)cc2)CC1)c1ccc(F)cc1,1,375.87,4.43,40.54,1,3,6,2
trifluperidol,O=C(CCCN1CCC(O)(c2cccc(C(F)(F)F)c2)CC1)c1ccc(F)cc1,1,409.42,4.79,40.54,1,3,6,2
benperidol,O=C(CCCN1CCC(n2c(=O)[nH]c3ccccc32)CC1)c1ccc(F)cc1,1,381.45,3.77,58.1,1,3,6,3
timiperone,O=C(CCCN1CCC(n2c(=S)[nH]c3ccccc32)CC1)c1ccc(F)cc1,1,397.52,5.14,41.03,1,3,6,3
fluspiperone,O=C(CCCN1CCC2(CC1)C(=O)NCN2c1ccc(F)cc1)c1ccc(F)cc1,1,413.47,3.36,52.65,1,4,6,2
spiperone,O=C(CCCN1CCC2(CC1)C(=O)NCN2c1ccccc1)c1ccc(F)cc1,1,395.48,3.22,52.65,1,4,6,2
fenaperone,O=C(CCCN1CCN(C(=O)OC2CCCCC2)CC1)c1ccc(F)cc1,1,376.47,3.88,49.85,0,4,6,1
cinuperone,O=C(CCCN1CCN(c2cc3ccccc3cn2)CC1)c1ccc(F)cc1,1,377.46,4.16,36.44,0,4,6,3
azaperone,O=C(CCCN1CCN(c2ccccn2)CC1)c1ccc(F)cc1,1,327.4,3.01,36.44,0,4,6,2
azabuperone,O=C(CCCN1CCN2CCCC2C1)c1ccc(F)cc1,1,290.38,2.57,23.55,0,3,5,1
biriperone,O=C(CCCN1CCN2Cc3[nH]c4ccccc4c3CC2C1)c1ccc(F)cc1,1,391.49,4.01,39.34,1,3,5,3
fenaclon,O=C(CCCl)NCCc1ccccc1,1,211.69,1.97,29.1,1,1,5,1
beclamide,O=C(CCCl)NCc1ccccc1,1,197.67,1.93,29.1,1,1,4,1
ftorpropazine,O=C(CCN1CCN(CCO)CC1)N1c2ccccc2Sc2ccc(C(F)(F)F)cc21,1,451.51,3.83,47.02,1,5,5,2
nialamide,O=C(CCNNC(=O)c1ccncc1)NCc1ccccc1,1,298.35,1.02,83.12,3,4,7,2
levophenacylmorphan,O=C(CN1CCC23CCCCC2C1Cc1ccc(O)cc13)c1ccccc1,1,361.49,4.33,40.54,1,3,3,2
dupracetam,O=C(CN1CCCC1=O)NNC(=O)CN1CCCC1=O,1,282.3,-1.62,98.82,2,4,4,0
omiloxetine,O=C(CN1CC[C@H](c2ccc(F)cc2)[C@@H](COc2ccc3c(c2)OCO3)C1)c1ccc(F)cc1,1,465.5,5.06,48.0,0,5,7,3
fipexide,O=C(COc1ccc(Cl)cc1)N1CCN(Cc2ccc3c(c2)OCO3)CC1,1,388.85,2.79,51.24,0,5,5,2
adafenoxate,O=C(COc1ccc(Cl)cc1)OCCNC12CC3CC(CC(C3)C1)C2,1,363.89,3.82,47.56,1,4,7,1
BRL52656,O=C(Cc1ccc(C(F)(F)F)cc1)N1CCCC[C@H]1CN1CCCC1,1,354.42,3.72,23.55,0,2,4,1
BRL52537,O=C(Cc1ccc(Cl)c(Cl)c1)N1CCCC[C@H]1CN1CCCC1,1,355.31,4.01,23.55,0,2,4,1
SB205563,O=C(Cc1ccc(Cl)c(Cl)c1)N1CCN(CCO)C[C@@H]1CN1CC[C@@H](O)C1,0,416.35,1.11,67.25,2,5,6,1
BRL52974,O=C(Cc1ccc(Cl)c(Cl)c1)N1CCc2[nH]cnc2[C@H]1CN1CCCC1,0,393.32,3.48,52.23,1,3,4,2
SB205605,O=C(Cc1ccc(Cl)c(Cl)c1)N1CCc2[nH]cnc2[C@H]1CN1CC[C@@H](O)C1,0,409.32,2.45,72.46,2,4,4,2
BRL52580,O=C(Cc1ccc(Cl)c(Cl)c1)N1CCc2ccccc2[C@H]1CN1CCCC1,1,403.35,4.76,23.55,0,2,4,2
GR88377,O=C(Cc1ccc(Cl)c(Cl)c1)N1CCc2occc2[C@H]1CN1CCCC1,1,393.31,4.35,36.69,0,3,4,2
GR91272,O=C(Cc1ccc(Cl)c(Cl)c1)N1CCc2occc2[C@H]1CN1CC[C@@H](O)C1,1,409.31,3.32,56.92,1,4,4,2
BRL52871,O=C(Cc1ccc(Cl)c(Cl)c1)N1CCc2sccc2[C@H]1CN1CCCC1,1,409.38,4.82,23.55,0,3,4,2
SB201708,O=C(Cc1ccc(Cl)c(Cl)c1)N1CCn2ccnc2[C@H]1CN1CCCC1,1,393.32,3.41,41.37,0,3,4,2
SB204459,O=C(Cc1ccc(Cl)c(Cl)c1)N1CCn2ccnc2[C@H]1CN1CC[C@@H](O)C1,0,409.32,2.38,61.6,1,4,4,2
SB204484,O=C(Cc1ccc(Cl)c(Cl)c1)N1CCn2ncnc2[C@H]1CN1CCCC1,1,394.31,2.81,54.26,0,4,4,2
cefetrizole,O=C(Cc1cccs1)N[C@@H]1C(=O)N2C(C(=O)O)=C(CSc3ncn[nH]3)CS[C@H]12,0,437.53,0.94,128.28,3,8,7,2
nafimidone,O=C(Cn1ccnc1)c1ccc2ccccc2c1,1,236.27,2.92,34.89,0,2,3,3
ceftezole,O=C(Cn1cnnn1)N[C@@H]1C(=O)N2C(C(=O)O)=C(CSc3nncs3)CS[C@H]12,0,440.49,-0.94,156.09,2,11,7,2
panuramine,O=C(NC(=O)c1ccccc1)NC1CCN(Cc2ccc3ccccc3c2)CC1,1,387.48,3.94,61.44,2,3,4,3
chloramphenicol,O=C(NC(CO)C(O)c1ccc([N+](=O)[O-])cc1)C(Cl)Cl,0,323.13,0.91,112.7,3,5,6,1
eprobemide,O=C(NCCCN1CCOCC1)c1ccc(Cl)cc1,1,282.77,1.79,41.57,1,3,5,1
compound 40,O=C(NCCCOc1cccc(CN2CCCCC2)c1)c1ccccc1,1,352.48,3.87,41.57,1,3,8,2
halopemide,O=C(NCCN1CCC(n2c(=O)[nH]c3cc(Cl)ccc32)CC1)c1ccc(F)cc1,1,416.88,3.19,70.13,2,3,5,3
adatanserin,O=C(NCCN1CCN(c2ncccn2)CC1)C12CC3CC(CC(C3)C1)C2,1,369.51,1.93,61.36,1,5,5,1
Moclobemide,O=C(NCCN1CCOCC1)c1ccc(Cl)cc1,1,268.74,1.4,41.57,1,3,4,1
dopamantine,O=C(NCCc1ccc(O)c(O)c1)C12CC3CC(CC(C3)C1)C2,1,315.41,2.97,69.56,3,3,4,1
buramate,O=C(NCc1ccccc1)OCCO,1,195.22,0.91,58.56,2,3,4,1
triclacetamol,O=C(Nc1ccc(O)cc1)C(Cl)(Cl)Cl,1,254.5,2.7,49.33,2,2,1,1
cyclarbamate,O=C(Nc1ccccc1)OCC1(COC(=O)Nc2ccccc2)CCCC1,1,368.43,5.04,76.66,2,4,6,2
etodroxizine,O=C(O)/C=C/C(=O)O.OCCOCCOCCN1CCN(C(c2ccccc2)c2ccc(Cl)cc2)CC1,1,535.04,2.78,119.77,3,7,13,2
Zolantidine,O=C(O)/C=C\C(=O)O.O=C(O)/C=C\C(=O)O.c1cc(CN2CCCCC2)cc(OCCCNc2nc3ccccc3s2)c1,1,613.69,4.59,186.59,5,9,12,3
teniloxazine,O=C(O)/C=C\C(=O)O.c1csc(Cc2ccccc2OCC2CNCCO2)c1,1,405.47,2.42,105.09,3,6,7,2
cefonicid,O=C(O)C1=C(CSc2nnnn2CS(=O)(=O)O)CS[C@@H]2[C@H](NC(=O)C(O)c3ccccc3)C(=O)N12,0,542.58,-0.92,204.91,4,11,9,2
sulfasalazine,O=C(O)C1=C/C(=N\Nc2ccc(S(=O)(=O)Nc3ccccn3)cc2)C=CC1=O,0,398.4,1.8,137.82,3,7,6,2
carmantadine,O=C(O)C1CCN1C12CC3CC(CC(C3)C1)C2,1,235.33,2.11,40.54,1,2,2,0
tandospirone,O=C(O)CC(O)(CC(=O)O)C(=O)O.O=C1[C@@H]2[C@H]3CC[C@H](C3)[C@@H]2C(=O)N1CCCCN1CCN(c2ncccn2)CC1,1,575.62,0.16,201.77,4,10,11,1
biotin,O=C(O)CCCCC1SCC2NC(=O)NC21,1,244.32,0.8,78.43,3,3,5,0
Azelaicacid,O=C(O)CCCCCCCC(=O)O,0,188.22,1.89,74.6,2,2,8,0
amineptine,O=C(O)CCCCCC[NH2+]C1c2ccccc2CCc2ccccc21.[Cl-],1,373.92,0.48,53.91,2,1,8,2
chlorambucil,O=C(O)CCCc1ccc(N(CCCl)CCCl)cc1,0,304.22,3.38,40.54,1,2,9,1
Oxaprozin,O=C(O)CCc1nc(-c2ccccc2)c(-c2ccccc2)o1,0,293.32,4.03,63.33,1,3,5,3
alrestatin,O=C(O)CN1C(=O)c2cccc3cccc(c23)C1=O,1,255.23,1.52,74.68,1,3,2,2
Salicyluricacid,O=C(O)CNC(=O)c1ccccc1O,1,195.17,0.21,86.63,3,3,3,1
cetirizine,O=C(O)COCCN1CCN(C(c2ccccc2)c2ccc(Cl)cc2)CC1,0,388.9,3.15,53.01,1,4,8,2
Cromoglicicacid,O=C(O)c1cc(=O)c2cc(OCC(O)COc3cccc4oc(C(=O)O)cc(=O)c34)ccc2o1,0,468.37,2.11,173.71,3,9,8,4
kynurenic acid,O=C(O)c1cc(=O)c2ccccc2[nH]1,1,189.17,1.23,70.16,2,2,1,2
chromocarb,O=C(O)c1cc(=O)c2ccccc2o1,1,190.15,1.49,67.51,1,3,1,2
salicylic acid,O=C(O)c1ccccc1O,0,138.12,1.09,57.53,2,2,1,1
ciprofloxacin,O=C(O)c1cn(C2CC2)c2cc(N3CCNCC3)c(F)cc2c1=O,0,331.35,1.58,74.57,2,4,3,2
benzoclidine,O=C(OC1CN2CCC1CC2)c1ccccc1,1,231.3,1.94,29.54,0,3,2,1
clorethate/cloretate,O=C(OCC(Cl)(Cl)Cl)OCC(Cl)(Cl)Cl,1,324.8,3.88,35.53,0,3,2,0
piperilate(pipethanate),O=C(OCCN1CCCCC1)C(O)(c1ccccc1)c1ccccc1,1,339.44,2.95,49.77,1,4,6,2
salsalate(salsalic-acid),O=C(Oc1ccccc1C(=O)O)c1ccccc1O,1,258.23,2.31,83.83,2,4,3,2
Foscarnetsodium,O=C([O-])P(=O)([O-])[O-].[Na+].[Na+].[Na+],1,191.95,-11.74,103.32,0,5,1,0
phenyl-salicylate,O=C([O-])c1ccccc1Oc1ccccc1,1,213.21,1.84,49.36,0,3,3,2
befuraline,O=C(c1cc2ccccc2o1)N1CCN(Cc2ccccc2)CC1,1,320.39,3.39,36.69,0,3,3,3
duoperone,O=C(c1ccc(F)cc1)C1CCN(CCCN2c3ccccc3Sc3ccc(C(F)(F)F)cc32)CC1,1,514.59,7.43,23.55,0,4,6,3
milenperone,O=C(c1ccc(F)cc1)C1CCN(CCCn2c(=O)[nH]c3cc(Cl)ccc32)CC1,1,415.9,4.11,58.1,1,3,6,3
declenperone,O=C(c1ccc(F)cc1)C1CCN(CCCn2c(=O)[nH]c3ccccc32)CC1,1,381.45,3.45,58.1,1,3,6,3
Ketorolac,O=C(c1ccccc1)c1ccc2n1CCC2C(=O)O,0,255.27,2.29,59.3,1,2,3,2
piberaline,O=C(c1ccccn1)N1CCN(Cc2ccccc2)CC1,1,281.36,2.04,36.44,0,3,3,2
ocinaplon,O=C(c1ccccn1)c1cnn2c(-c3ccncc3)ccnc12,1,301.31,2.42,73.04,0,5,3,4
nicopholine,O=C(c1cccnc1)N1CCOCC1,1,192.22,0.55,42.43,0,3,1,1
mirfentanil,O=C(c1ccco1)N(c1cnccn1)C1CCN(CCc2ccccc2)CC1,1,376.46,3.42,62.47,0,5,6,3
Atovaquone,O=C1C(=O)c2ccccc2C(O)=C1C1CCC(c2ccc(Cl)cc2)CC1,0,366.84,5.35,54.37,1,3,2,2
ascorbic-acid,O=C1C(O)=C(O)OC1C(O)CO,1,176.12,-1.41,107.22,4,6,2,0
doxefazepam,O=C1C(O)N=C(c2ccccc2F)c2cc(Cl)ccc2N1CCO,1,348.76,1.97,73.13,2,4,3,2
fenadiazole,O=C1C=CC=C/C1=C1/NN=CO1,1,162.15,0.46,50.69,1,4,0,0
Desmethylclobazam,O=C1CC(=O)N(c2ccccc2)c2cc(Cl)ccc2N1,1,286.72,3.35,49.41,1,2,1,2
brosuximide,O=C1CC(c2cccc(Br)c2)C(=O)N1,1,254.08,1.58,46.17,1,2,1,1
buspirone,O=C1CC2(CCCC2)CC(=O)N1CCCCN1CCN(c2ncccn2)CC1,1,385.51,2.09,69.64,0,6,6,1
tiospirone,O=C1CC2(CCCC2)CC(=O)N1CCCCN1CCN(c2nsc3ccccc23)CC1,1,440.61,3.91,56.75,0,6,6,2
binospirone,O=C1CC2(CCCC2)CC(=O)N1CCNCC1COc2ccccc2O1,1,358.44,2.13,67.87,1,5,5,1
sunepitron,O=C1CCC(=O)N1CC1CCC2CN(c3ncccn3)CCN2C1,1,329.4,0.53,69.64,0,6,3,1
rolicyprine,O=C1CCC(C(=O)NC2CC2c2ccccc2)N1,1,244.29,0.94,58.2,2,2,3,1
taglutimide(biglumide),O=C1CCC(N2C(=O)C3C4CCC(C4)C3C2=O)C(=O)N1,1,276.29,-0.18,83.55,1,4,1,0
thalidomide,O=C1CCC(N2C(=O)c3ccccc3C2=O)C(=O)N1,1,258.23,0.09,83.55,1,4,1,1
cinperene,O=C1CCC(c2ccccc2)(C2CCN(C/C=C/c3ccccc3)CC2)C(=O)N1,1,388.51,3.79,49.41,1,3,5,2
alonimid,O=C1CCC2(CCC(=O)c3ccccc32)C(=O)N1,1,243.26,1.34,63.24,1,3,0,1
rolziracetam,O=C1CCC2CCC(=O)N12,1,139.15,0.3,37.38,0,2,0,0
7-K08,O=C1CCCN1CCCCN1CCN(c2cc(C(F)(F)F)cc(Cl)n2)CC1,1,404.86,3.28,39.68,0,4,6,1
Org13011,O=C1CCCN1CCCCN1CCN(c2cc(C(F)(F)F)ccn2)CC1,1,370.42,2.63,39.68,0,4,6,1
rofelodine,O=C1CCN=C2CC(c3ccccc3)CN12,1,214.27,1.8,32.67,0,2,1,1
lofendazam,O=C1CCNc2ccc(Cl)cc2N1c1ccccc1,1,272.74,3.82,32.34,1,2,1,2
naltrexone,O=C1CC[C@@]2(O)[C@H]3Cc4ccc(O)c5c4[C@@]2(CCN3CC2CC2)[C@H]1O5,1,341.41,1.53,70.0,2,5,2,1
fasoracetam,O=C1CC[C@H](C(=O)N2CCCCC2)N1,1,196.25,0.28,49.41,1,2,1,0
ketorfanol,O=C1CC[C@H]2[C@H]3Cc4cccc(O)c4[C@@]2(CCN3CC2CC2)C1,1,311.43,3.04,40.54,1,3,2,1
aripiprazole,O=C1CCc2ccc(OCCCCN3CCN(c4cccc(Cl)c4Cl)CC3)cc2N1,1,448.39,4.86,44.81,1,4,7,2
cebaracetam,O=C1CN(C(=O)CN2CC(c3ccc(Cl)cc3)CC2=O)CCN1,1,335.79,0.61,69.72,1,3,3,1
demoxepam,O=C1CN(O)C(c2ccccc2)=c2cc(Cl)ccc2=N1,1,286.72,1.35,52.9,1,3,1,2
dimiracetam,O=C1CN2C(=O)CCC2N1,1,140.14,-0.94,49.41,1,2,0,0
cloxazolam,O=C1CN2CCOC2(c2ccccc2Cl)c2cc(Cl)ccc2N1,1,349.22,3.48,41.57,1,3,1,2
haloxazolam,O=C1CN2CCOC2(c2ccccc2F)c2cc(Br)ccc2N1,1,377.21,3.07,41.57,1,3,1,2
flutazolam,O=C1CN2CCOC2(c2ccccc2F)c2cc(Cl)ccc2N1CCO,1,376.82,2.35,53.01,1,4,3,2
nortetrazepam,O=C1CN=C(C2=CCCCC2)c2cc(Cl)ccc2N1,1,274.75,3.58,41.46,1,2,1,1
nordazepam,O=C1CN=C(c2ccccc2)c2cc(Cl)ccc2N1,1,270.72,3.13,41.46,1,2,1,2
halazepam,O=C1CN=C(c2ccccc2)c2cc(Cl)ccc2N1CC(F)(F)F,1,352.74,4.09,32.67,0,2,2,2
prazepam,O=C1CN=C(c2ccccc2)c2cc(Cl)ccc2N1CC1CC1,1,324.81,3.93,32.67,0,2,3,2
iclazepam,O=C1CN=C(c2ccccc2)c2cc(Cl)ccc2N1CCOCC1CC1,1,368.86,3.95,41.9,0,3,6,2
nitrazepam,O=C1CN=C(c2ccccc2)c2cc([N+](=O)[O-])ccc2N1,1,281.27,2.38,84.6,1,4,2,2
delorazepam,O=C1CN=C(c2ccccc2Cl)c2cc(Cl)ccc2N1,1,305.16,3.78,41.46,1,2,1,2
clonazepam,O=C1CN=C(c2ccccc2Cl)c2cc([N+](=O)[O-])ccc2N1,1,315.72,3.04,84.6,1,4,2,2
proflazepam,O=C1CN=C(c2ccccc2F)c2cc(Cl)ccc2N1CC(O)CO,1,362.79,2.02,73.13,2,4,4,2
flutoprazepam,O=C1CN=C(c2ccccc2F)c2cc(Cl)ccc2N1CC1CC1,1,342.8,4.07,32.67,0,2,3,2
bromazepam,O=C1CN=C(c2ccccn2)c2cc(Br)ccc2N1,1,316.16,2.63,54.35,1,3,1,2
bentazepam,O=C1CNC(c2ccccc2)=c2c3c(sc2=N1)CCCC3,1,296.4,1.53,41.46,1,3,1,2
reclazepam,O=C1COC(N2CCN=C(c3ccccc3Cl)c3cc(Cl)ccc32)=N1,1,374.23,3.56,54.26,0,4,1,2
spiclomazine,O=C1CSC2(CCN(CCCN3c4ccccc4Sc4ccc(Cl)cc43)CC2)N1.[Cl-].[H+],1,482.5,2.1,35.58,1,5,4,2
bipenamol,O=C1C[C@H]2SC(C3(O)CN4C(=O)C[C@H]4S3)CN12,1,272.35,-0.35,60.85,1,5,1,0
ziprasidone,O=C1Cc2cc(CCN3CCN(c4nsc5ccccc45)CC3)c(Cl)cc2N1,1,412.95,3.81,48.47,1,5,4,3
triclodazol,O=C1N(C(O)C(Cl)(Cl)Cl)CNC1(c1ccccc1)c1ccccc1,1,385.68,3.01,52.57,2,3,3,2
linopirdine,O=C1N(c2ccccc2)c2ccccc2C1(Cc1ccncc1)Cc1ccncc1,1,391.47,4.88,46.09,0,3,5,4
cyclazodone,O=C1N=C(NC2CC2)OC1c1ccccc1,1,216.24,1.39,50.69,1,3,2,1
prazitone,O=C1NC(=O)C(CC2CCCCN2)(c2ccccc2)C(=O)N1,1,301.35,0.82,87.3,3,4,3,1
diphenhylhydantoin,O=C1NC(=O)C(c2ccccc2)(c2ccccc2)N1,1,252.27,1.77,58.2,2,2,2,2
tetrantoin,O=C1NC(=O)C2(CCc3ccccc3C2)N1,1,216.24,0.75,58.2,2,2,0,1
cyproximide(ciproximide),O=C1NC(=O)C2(c3ccc(Cl)cc3)CC12,1,221.64,1.25,46.17,1,2,1,1
SB204454,O=C1NC(=O)[C@@]2(CCN(C(=O)Cc3ccc(Cl)c(Cl)c3)[C@@H](CN3CCCC3)C2)N1,0,439.34,2.2,81.75,2,4,4,1
chlorthenoxazine,O=C1NC(CCCl)Oc2ccccc21,1,211.65,1.76,38.33,1,2,2,1
fosphenytoin,O=C1NC(c2ccccc2)(c2ccccc2)C(=O)N1COP(=O)(O)O,1,362.28,1.55,116.17,3,4,5,2
mosapramine,O=C1NC2CCCCN2C12CCN(CCCN1c3ccccc3CCc3ccc(Cl)cc31)CC2,1,479.07,4.74,38.82,1,4,4,2
supidimide,O=C1NCCCC1N1C(=O)c2ccccc2S1(=O)=O,1,280.31,0.11,83.55,1,4,1,1
azaloxan,O=C1NCCN1C1CCN(CCC2COc3ccccc3O2)CC1,1,331.42,1.71,54.04,1,4,4,1
sertindole,O=C1NCCN1CCN1CCC(c2cn(-c3ccc(F)cc3)c3ccc(Cl)cc23)CC1,1,440.95,4.63,40.51,1,2,5,3
tenilsetam,O=C1NCCNC1c1cccs1,1,182.25,0.51,41.13,2,3,1,1
spiroxatrine,O=C1NCN(c2ccccc2)C12CCN(CC1COc3ccccc3O1)CC2,1,379.46,2.25,54.04,1,5,3,2
fluspirilene,O=C1NCN(c2ccccc2)C12CCN(CCCC(c1ccc(F)cc1)c1ccc(F)cc1)CC2,1,475.58,5.31,35.58,1,3,7,3
spiramide,O=C1NCN(c2ccccc2)C12CCN(CCCOc1ccc(F)cc1)CC2,1,383.47,3.02,44.81,1,4,6,2
doxenitoin,O=C1NCNC1(c1ccccc1)c1ccccc1,1,238.29,1.61,41.13,2,2,2,2
oxazepam,O=C1Nc2ccc(Cl)cc2C(c2ccccc2)=NC1O,1,286.72,2.45,61.69,2,3,1,2
lorazepam,O=C1Nc2ccc(Cl)cc2C(c2ccccc2Cl)=NC1O,1,321.16,3.1,61.69,2,3,1,2
Efavirenz,O=C1Nc2ccc(Cl)cc2[C@@](C#CC2CC2)(C(F)(F)F)O1,0,315.68,4.07,38.33,1,2,0,1
lopirazepam,O=C1Nc2ccc(Cl)nc2C(c2ccccc2Cl)=NC1O,1,322.15,2.5,74.58,2,4,1,2
Phenolphthalein,O=C1OC(c2ccc(O)cc2)(c2ccc(O)cc2)c2ccccc21,0,318.33,3.56,66.76,2,4,2,3
furomazine,O=C1OCCC1C1(O)CCN(CCCN2c3ccccc3Sc3ccc(Cl)cc32)CC1,1,459.01,4.72,53.01,1,6,5,2
zalospirone,O=C1[C@@H]2[C@@H]3C=C[C@@H]([C@H]4C=C[C@H]43)[C@@H]2C(=O)N1CCCCN1CCN(c2ncccn2)CC1,1,419.53,1.6,69.64,0,6,6,1
perospirone,O=C1[C@H]2CCCC[C@H]2C(=O)N1CCCCN1CCN(c2nsc3ccccc23)CC1,1,426.59,3.37,56.75,0,6,6,2
ipsapirone,O=C1c2ccccc2S(=O)(=O)N1CCCCN1CCN(c2ncccn2)CC1.[Cl-].[H+],1,437.95,-1.66,86.71,0,7,6,2
revospirone,O=C1c2ccccc2S(=O)(=O)N1CCCN1CCN(c2ncccn2)CC1,1,387.47,0.83,86.71,0,7,5,2
Lomustine,O=NN(CCCl)C(=O)NC1CCCCC1,1,233.7,2.25,61.77,1,3,4,0
BCNU,O=NN(CCCl)C(=O)NCCCl,1,214.05,1.16,61.77,1,3,5,0
triclofos,O=P(O)(O)OCC(Cl)(Cl)Cl,1,229.38,1.47,66.76,2,2,2,0
Mesna,O=S(=O)([O-])CCS.[Na+],0,164.18,-3.53,57.2,1,4,2,0
SB-656104-A,O=S(=O)(c1ccc2cc[nH]c2c1)N1CCCC1CCN1CCC(Oc2cccc(Cl)c2)CC1,1,488.05,4.91,65.64,1,4,7,3
compound 32,O=[N+]([O-])C1=CC=NC1NCCSCc1ccccn1,1,278.34,1.48,80.42,1,6,7,1
compound 31,O=[N+]([O-])C1=CC=NC1NCCSCc1ncccc1Br,1,357.23,2.24,80.42,1,6,7,1
14,O=[N+]([O-])c1cc[nH]c1NCCSCc1ccccn1,1,278.34,2.66,83.85,2,5,7,2
floxuridine,O=c1[nH]c(=O)n([C@H]2C[C@H](O)[C@@H](CO)O2)cc1F,0,246.19,-1.68,104.55,3,5,2,1
licostinel,O=c1[nH]c2cc(Cl)c(Cl)c([N+](=O)[O-])c2[nH]c1=O,1,276.04,1.43,108.86,2,4,1,2
axamozide,O=c1[nH]c2cc(Cl)ccc2n1C1CCN(CC2COc3ccccc3O2)CC1,1,399.88,3.46,59.49,1,4,3,3
clopimozide,O=c1[nH]c2cc(Cl)ccc2n1C1CCN(CCCC(c2ccc(F)cc2)c2ccc(F)cc2)CC1,1,496.0,6.51,41.03,1,2,7,4
chlorzoxazone,O=c1[nH]c2cc(Cl)ccc2o1,1,169.57,1.77,46.0,1,2,0,2
cloperidone,O=c1[nH]c2ccccc2c(=O)n1CCCN1CCN(c2cccc(Cl)c2)CC1,1,398.89,2.56,61.34,1,4,5,3
balaperidone,O=c1[nH]c2ccccc2c(=O)n1CCN1C[C@H]2C[C@H](c3ccc(F)cc3)[C@H]2C1,1,379.44,2.56,58.1,1,3,4,3
pimozide,O=c1[nH]c2ccccc2n1C1CCN(CCCC(c2ccc(F)cc2)c2ccc(F)cc2)CC1,1,461.56,5.86,41.03,1,2,7,4
neflumozide,O=c1[nH]c2ccccc2n1C1CCN(CCCc2noc3cc(F)ccc23)CC1,1,394.45,3.88,67.06,1,4,5,4
oxiperomide,O=c1[nH]c2ccccc2n1C1CCN(CCOc2ccccc2)CC1,1,337.42,3.05,50.26,1,3,5,3
Domperidone,O=c1[nH]c2ccccc2n1CCCN1CCC(n2c(=O)[nH]c3cc(Cl)ccc32)CC1,0,425.92,3.35,78.82,2,3,5,4
fluorouracil,O=c1[nH]cc(F)c(=O)[nH]1,0,130.08,-0.8,65.72,2,2,0,1
gaboxadol,O=c1[nH]oc2c1CCNC2,1,140.14,-0.39,58.03,2,3,0,1
dicumarol,O=c1c(Cc2c(O)oc3ccccc3c2=O)c(O)oc2ccccc12,0,336.3,2.9,100.88,2,6,2,4
Isoquercitrin,O=c1c(O[C@@H]2O[C@H](CO)[C@@H](O)[C@H](O)[C@H]2O)c(-c2ccc(O)c(O)c2)oc2cc(O)cc(O)c12,0,464.38,-0.54,210.51,8,12,4,3
pyridazinone,O=c1cc[nH]nc1,1,96.09,-0.23,45.75,1,2,0,1
coumarin,O=c1ccc2ccccc2o1,0,146.14,1.79,30.21,0,2,0,2
uridine,O=c1ccn(C2OC(CO)C(O)C2O)c(=O)[nH]1,1,244.2,-2.85,124.78,4,6,2,1
trazodone,O=c1n(CCCN2CCN(c3cccc(Cl)c3)CC2)nc2ccccn12,1,371.87,2.36,45.78,0,4,5,3
Didanosine,O=c1nc[nH]c2c1ncn2[C@H]1CC[C@@H](CO)O1,0,236.23,-0.21,93.03,2,5,2,2
allopurinol,O=c1ncnc2[nH][nH]cc1-2,0,136.11,-0.4,74.43,2,3,0,0
tribromoethanol,OC(Br)(Br)CBr,1,282.76,1.82,20.23,1,1,1,0
dazadrol,OC(C1=NCCN1)(c1ccc(Cl)cc1)c1ccccn1,1,287.75,1.97,57.51,2,4,3,2
flutroline,OC(CCCN1CCc2c(c3cc(F)ccc3n2-c2ccc(F)cc2)C1)c1ccc(F)cc1,1,450.5,5.92,28.4,1,2,6,4
procyclidine,OC(CCN1CCCC1)(c1ccccc1)C1CCCCC1,1,287.45,3.94,23.47,1,2,5,1
biperiden,OC(CCN1CCCCC1)(c1ccccc1)C1CC2C=CC1C2,1,311.47,3.96,23.47,1,2,5,1
trihexyphenidyl,OC(CCN1CCCCC1)(c1ccccc1)C1CCCCC1,1,301.47,4.33,23.47,1,2,5,1
perisoxal,OC(CN1CCCCC1)c1cc(-c2ccccc2)on1,1,272.35,2.86,49.5,1,4,4,2
denzimol,OC(Cn1ccnc1)c1ccc(CCc2ccccc2)cc1,1,292.38,3.4,38.05,1,2,6,3
Fluconazole,OC(Cn1cncn1)(Cn1cncn1)c1ccc(F)cc1F,1,306.28,0.74,81.65,1,5,5,3
chloralhydrate,OC(O)C(Cl)(Cl)Cl,1,165.4,0.67,40.46,2,2,0,0
petrichloral,OC(OCC(COC(O)C(Cl)(Cl)Cl)(COC(O)C(Cl)(Cl)Cl)COC(O)C(Cl)(Cl)Cl)C(Cl)(Cl)Cl,1,725.7,4.79,117.84,4,8,12,0
Mefloquine,OC(c1cc(C(F)(F)F)nc2c(C(F)(F)F)cccc12)C1CCCCN1,1,378.32,4.45,45.15,2,3,2,2
cyprolidol,OC(c1ccccc1)(c1ccccc1)C1CC1c1ccncc1,1,301.39,4.12,33.12,1,2,4,3
pipradrol,OC(c1ccccc1)(c1ccccc1)C1CCCCN1,1,267.37,3.06,32.26,2,2,3,2
azacyclonol,OC(c1ccccc1)(c1ccccc1)C1CCNCC1,1,267.37,2.92,32.26,2,2,3,2
penfluridol,OC1(c2ccc(Cl)c(C(F)(F)F)c2)CCN(CCCC(c2ccc(F)cc2)c2ccc(F)cc2)CC1,1,523.97,7.53,23.47,1,2,7,3
mazindol,OC1(c2ccc(Cl)cc2)c2ccccc2C2=NCCN21,1,284.75,2.61,35.83,1,3,1,2
ciclazindol,OC1(c2cccc(Cl)c2)C2=NCCCN2c2ccccc21,1,298.77,3.2,35.83,1,3,1,2
endixaprine,OC1CCN(c2ccc(-c3ccc(Cl)cc3Cl)nn2)CC1,1,324.21,3.41,49.25,1,4,2,2
lodaxaprine,OC1CCN(c2ccc(-c3ccccc3Cl)nn2)CC1,1,289.77,2.76,49.25,1,4,2,2
celucloral,OC1OC(COCCOC(O)C(Cl)(Cl)Cl)C(OC2OC(COCCOCCOC(O)C(Cl)(Cl)Cl)CC(OC(O)C(Cl)(Cl)Cl)C2O)C(OCCOCCOC(O)C(Cl)(Cl)Cl)C1O,1,1136.12,2.57,252.37,7,19,27,0
mannitol,OCC(O)C(O)C(O)C(O)CO,0,182.17,-3.59,121.38,6,6,5,0
penthrichloral,OCC1(CO)COC(C(Cl)(Cl)Cl)OC1,1,265.52,0.7,58.92,2,4,2,0
piflutixol,OCCC1CCN(CC/C=C2\c3ccc(F)cc3Sc3ccc(C(F)(F)F)cc32)CC1,1,451.53,6.23,23.47,1,3,5,2
xanthiol,OCCCN1CCN(CCCC2c3ccccc3Sc3ccc(Cl)cc32)CC1,1,417.02,4.72,26.71,1,4,7,2
compound 41,OCCCOc1cccc(CN2CCCCC2)c1,1,249.35,2.43,32.7,1,3,6,1
dipyridamole,OCCN(CCO)c1nc(N2CCCCC2)c2nc(N(CCO)CCO)nc(N3CCCCC3)c2n1,0,504.64,-0.02,145.44,4,12,12,2
homopipramol,OCCN1C=CN(CCCN2c3ccccc3C=Cc3ccccc32)C=CC1,1,373.5,4.29,29.95,1,4,6,2
homophenazine,OCCN1CCCN(CCCN2c3ccccc3Sc3cc(C(F)(F)F)ccc32)CC1.[Cl-].[Cl-].[H+].[H+],1,524.48,-1.07,29.95,1,5,6,2
homofenazine(homophenazine),OCCN1CCCN(CCCN2c3ccccc3Sc3ccc(C(F)(F)F)cc32)CC1,1,451.56,4.7,29.95,1,5,6,2
pinoxepin,OCCN1CCN(CC/C=C2/c3ccccc3COc3ccc(Cl)cc32)CC1,1,398.93,3.66,35.94,1,4,5,2
flupentixol,OCCN1CCN(CC/C=C2/c3ccccc3Sc3ccc(C(F)(F)F)cc32)CC1,1,434.53,4.6,26.71,1,4,5,2
clopenthixol,OCCN1CCN(CC/C=C2/c3ccccc3Sc3ccc(Cl)cc32)CC1,1,400.98,4.24,26.71,1,4,5,2
teflutixol,OCCN1CCN(CCCC2c3ccc(F)cc3Sc3ccc(C(F)(F)F)cc32)CC1,1,454.53,4.83,26.71,1,4,6,2
flutizenol,OCCN1CCN(CCCN2c3cc(C(F)(F)F)ccc3Sc3sccc32)CC1,1,443.56,4.37,29.95,1,6,6,2
opipramol,OCCN1CCN(CCCN2c3ccccc3C=Cc3ccccc32)CC1,1,363.51,3.31,29.95,1,4,6,2
cloxypendyl,OCCN1CCN(CCCN2c3ccccc3Sc3cc(Cl)cnc32)CC1,1,404.97,3.34,42.84,1,6,6,2
fluphenazine,OCCN1CCN(CCCN2c3ccccc3Sc3ccc(C(F)(F)F)cc32)CC1,1,437.53,4.31,29.95,1,5,6,2
perphenazine-HCl,OCCN1CCN(CCCN2c3ccccc3Sc3ccc(Cl)cc32)CC1,1,403.98,3.94,29.95,1,5,6,2
tefludazine,OCCN1CCN([C@@H]2C[C@@H](c3ccc(F)cc3)c3ccc(C(F)(F)F)cc32)CC1,1,408.44,4.03,26.71,1,3,4,2
flupimazine,OCCOC1CCN(CCCN2c3ccccc3Sc3ccc(C(F)(F)F)cc32)CC1,1,452.54,5.17,35.94,1,5,7,2
hydroxyzine,OCCOCCN1CCN(C(c2ccccc2)c2ccc(Cl)cc2)CC1,1,374.91,3.06,35.94,1,4,8,2
quetiapine,OCCOCCN1CCN(C2=Nc3ccccc3Sc3ccccc32)CC1,1,383.52,2.86,48.3,1,6,5,2
chloralose,OC[C@@H](O)[C@H]1OC2O[C@H](C(Cl)(Cl)Cl)O[C@@H]2[C@H]1O,1,309.53,-0.46,88.38,3,6,2,0
Pentostatin,OC[C@H]1O[C@@H](n2cnc3c2NC=NC[C@H]3O)C[C@@H]1O,1,268.27,-0.99,112.13,4,7,2,1
benzyl-alcohol,OCc1ccccc1,1,108.14,1.18,20.23,1,1,1,1
salicin,OCc1ccccc1O[C@@H]1O[C@H](CO)[C@@H](O)[C@H](O)[C@H]1O,1,286.28,-1.64,119.61,5,7,4,1
Nicotinyl alcohol,OCc1cccnc1,0,109.13,0.57,33.12,1,2,1,1
1-hydroxymidazolam,OCc1ncc2n1-c1ccc(Cl)cc1C(c1ccccc1F)=NC2,1,341.77,3.51,50.41,1,3,2,3
cyprazepam,ON1CC(=NCC2CC2)N=c2ccc(Cl)cc2=C1c1ccccc1,1,339.83,2.63,48.19,1,3,3,2
phenomorphan,Oc1ccc2c(c1)C13CCCCC1C(C2)N(CCc1ccccc1)CC3,1,347.5,4.69,23.47,1,2,3,2
norlevorphanol,Oc1ccc2c(c1)C13CCCCC1C(C2)NCC3,1,243.35,2.74,32.26,2,2,0,1
proxorphan,Oc1ccc2c(c1)C13CCN(CC4CC4)C(C2)C1CCOC3,1,299.41,2.71,32.7,1,3,2,1
oxilorphan,Oc1ccc2c(c1)[C@@]13CCCC[C@@]1(O)[C@@H](C2)N(CC1CC1)CC3,1,313.44,2.98,43.7,2,3,2,1
butorphanol,Oc1ccc2c(c1)[C@@]13CCCC[C@@]1(O)[C@@H](C2)N(CC1CCC1)CC3,1,327.47,3.37,43.7,2,3,2,1
normorphine,Oc1ccc2c3c1OC1C(O)C=CC4C(C2)NCCC341,1,271.32,0.86,61.72,3,4,0,1
nalbuphine,Oc1ccc2c3c1OC1C(O)CCC4(O)C(C2)N(CC2CCC2)CCC314,1,357.45,1.71,73.16,3,5,2,1
5-69,S=C(NC1CCCCC1)N1CCC(c2c[nH]cn2)CC1,1,292.45,2.8,43.95,2,2,2,1
Thioperamide,S=C(NC1CCCCC1)N1CCC(c2cnc[nH]2)CC1,1,292.45,2.8,43.95,2,2,2,1
tifemoxone,S=C1NCCC(COc2ccccc2)O1,1,223.3,1.73,30.49,1,3,3,1
Thiotepa,S=P(N1CC1)(N1CC1)N1CC1,1,189.22,0.16,9.03,0,1,3,0
xantocillin,[C-]#[N+]C(=C\c1ccc(O)cc1)/C(=C/c1ccc(O)cc1)[N+]#[C-],0,288.31,4.32,49.18,2,2,3,2
propanidid,[CH2-][CH-]C,1,42.08,1.04,0.0,0,0,0,0
benzindopyrine,[Cl].c1ccc(Cn2cc(CCc3ccncc3)c3ccccc32)cc1,1,347.87,5.56,17.82,0,1,5,4
azidamfenicol,[N-]=[N+]=NCC(=O)N[C@H](CO)[C@H](O)c1ccc([N+](=O)[O-])cc1,1,295.26,0.42,161.46,3,6,7,1
nitrous-oxide,[N-]=[N+]=O,1,44.01,-0.16,53.47,0,1,0,0
compound 45,c1cc(CN2CCCCC2)cc(OCCCNc2nc3ccccc3o2)c1,1,365.48,4.69,50.53,1,5,8,3
compound 43,c1cc(CN2CCCCC2)cc(OCCCNc2nccs2)c1,1,331.48,4.01,37.39,1,5,8,2
eltoprazine,c1cc2c(c(N3CCNCC3)c1)OCCO2,1,220.27,0.87,33.73,1,4,1,1
pipequaline,c1ccc(-c2cc(CCC3CCNCC3)c3ccccc3n2)cc1,1,316.45,4.83,24.92,1,2,4,3
perafensine,c1ccc(-c2nc(N3CCNCC3)cc3ccccc23)cc1,1,289.38,3.31,28.16,1,3,2,3
phencyclidine,c1ccc(C2(N3CCCCC3)CCCCC2)cc1,1,243.39,4.33,3.24,0,1,2,1
dexoxadrol(dioxadrolandlevoxadrol),c1ccc(C2(c3ccccc3)OC[C@H]([C@@H]3CCCCN3)O2)cc1,1,309.41,3.45,30.49,1,3,3,2
napitane,c1ccc(C2CCN(CC3CCCc4c3ccc3c4OCO3)C2)cc1,1,335.45,4.32,21.7,0,3,3,2
deximafen(imafen),c1ccc(C2CN=C3NCCN32)cc1,1,187.25,1.0,27.63,1,3,1,1
fenharmane,c1ccc(CC2NCCc3c2[nH]c2ccccc32)cc1,1,262.36,3.6,27.82,2,1,2,3
compound 42,c1ccc(NCCCOc2cccc(CN3CCCCC3)c2)nc1,1,325.46,3.95,37.39,1,4,8,2
dexamisole,c1ccc([C@@H]2CN3CCSC3=N2)cc1,1,204.3,2.15,15.6,0,3,1,1
indalpine,c1ccc2c(CCC3CCNCC3)c[nH]c2c1,1,228.34,3.1,27.82,2,1,3,2
azaquinzole,c1ccc2c(c1)CCN1CCNCC21,1,188.27,1.19,15.27,1,2,0,1
taclamine,c1ccc2c(c1)CCc1cccc3c1C2CN1CCCCC31,1,289.42,4.46,3.24,0,1,0,2
quinupramine,c1ccc2c(c1)CCc1ccccc1N2C1CN2CCC1CC2,1,304.44,4.02,6.48,0,2,1,2
mequitazine,c1ccc2c(c1)Sc1ccccc1N2CC1CN2CCC1CC2,1,322.48,4.63,6.48,0,3,2,2
azepindole,c1ccc2c(c1)cc1n2CCCNC1,1,186.26,2.13,16.96,1,1,0,2
litoxetine,c1ccc2cc(COC3CCNCC3)ccc2c1,1,241.33,3.11,21.26,1,2,3,2
pyridarone,c1ccc2oc(-c3ccncc3)cc2c1,1,195.22,3.49,26.03,0,2,1,3
Benzene,c1ccccc1,1,78.11,1.69,0.0,0,0,0,1
piribedil,c1cnc(N2CCN(Cc3ccc4c(c3)OCO4)CC2)nc1,1,298.35,1.53,50.72,0,6,3,2
