smiles,toxic,active_assays_count,total_tested_assays,mol_weight,logp,tpsa,h_donors,h_acceptors,rotatable_bonds,aromatic_rings
CC(O)(P(=O)(O)O)P(=O)(O)O,0,0,12,206.03,-0.99,135.29,5,3,2,0
CC(C)(C)OOC(C)(C)CCC(C)(C)OOC(C)(C)C,0,0,11,290.44,4.82,36.92,0,4,7,0
OC[C@@H](O)[C@H](O)[C@@H](O)CO,0,0,11,152.15,-2.95,101.15,5,5,4,0
CCCCCCCC(=O)[O-].CCCCCCCC(=O)[O-].[Zn+2],0,0,2,351.8,2.19,80.26,0,4,12,0
CC(C)COC(=O)C(C)C,0,0,12,144.21,1.84,26.3,0,2,3,0
C=C(C)C(=O)OCCOC(=O)C(=C)C,0,0,12,198.22,1.22,52.6,0,4,5,0
CCCCCCCCCCOCC(O)CN,0,0,5,231.38,2.46,55.48,2,3,12,0
C#CCO,0,0,12,56.06,-0.39,20.23,1,1,0,0
CC(O)CC(C)(C)O,0,0,12,118.18,0.53,40.46,2,2,2,0
CC(C)(C)CC(C)(C)N,0,0,12,129.25,2.16,26.02,1,1,1,0
CC(=O)CC(C)C,0,0,12,100.16,1.62,17.07,0,1,2,0
CCCC(C)=O,0,0,12,86.13,1.38,17.07,0,1,2,0
CCCCNC(=S)NCCCC,1,1,12,188.34,2.05,24.06,2,1,6,0
CCCCNC(=O)NCCCC,0,0,12,172.27,1.89,41.13,2,1,6,0
CCCCCCCC/C=C\CCCCCCCC(=O)OC(CO)CO,1,1,11,356.55,4.92,66.76,2,4,18,0
CC/C=C\CCCCO,0,0,12,128.22,2.12,20.23,1,1,5,0
CC(=O)CCC(C)=O,0,0,12,114.14,0.94,34.14,0,2,3,0
N#CCCNCCC#N,0,0,12,123.16,0.4,59.61,1,3,4,0
O=[N+]([O-])[O-].O=[N+]([O-])[O-].[Ca+2],0,0,12,164.09,-0.86,132.4,0,6,0,0
CCCCCCCCCCCC(=O)NCCCN(C)C,0,0,3,284.49,3.98,32.34,1,2,14,0
CC(C)CCCCCOC(=O)CCS,0,0,12,218.36,3.07,26.3,1,3,8,0
CCC(COC(=O)CCS)(COC(=O)CCS)COC(=O)CCS,1,1,12,398.57,1.97,78.9,3,9,13,0
F[B-](F)(F)F.[H+],0,0,11,87.81,1.41,0.0,0,0,0,0
CCCCCC(C)O,0,0,12,116.2,1.95,20.23,1,1,4,0
[I-].[K+],0,0,12,166.0,-5.99,0.0,0,0,0,0
C/C=C/C=C/C=O,1,1,12,96.13,1.32,17.07,0,1,2,0
C[Si](C)(C)N[Si](C)(C)C,1,1,12,161.4,2.25,12.03,1,1,2,0
C=CC(=O)OCCCl,0,0,11,134.56,0.95,26.3,0,2,3,0
O=C(O)/C=C(\CC(=O)O)C(=O)O,0,0,11,174.11,-0.44,111.9,3,3,4,0
O=C(CO)[C@@H](O)[C@H](O)[C@@H](O)CO,0,0,2,180.16,-3.38,118.22,5,6,5,0
CCCCC(=O)[O-],0,0,10,101.12,-0.07,40.13,0,2,3,0
CCCCCCCCCCCCCC(=O)OC,0,0,12,242.4,4.86,26.3,0,2,12,0
CCCCCCC(C)O,0,0,12,130.23,2.34,20.23,1,1,5,0
CCC[Si](OC)(OC)OC,0,0,12,164.28,1.27,27.69,0,3,5,0
NCCNCCNCCN,0,0,11,146.24,-1.92,76.1,4,4,7,0
CCCCCNCCCCC,0,0,12,157.3,2.96,12.03,1,1,8,0
COCC(C)O,1,1,12,90.12,0.01,29.46,1,2,2,0
NCC(=O)CCC(=O)O,0,0,1,131.13,-0.62,80.39,2,3,4,0
ClCOCCl,1,1,12,114.96,1.4,9.23,0,1,2,0
CC(O)CNCC(C)O,0,0,12,133.19,-0.66,52.49,3,3,4,0
[Cu][I],1,1,10,190.45,0.88,0.0,0,0,0,0
CCCCC(CC)CCC(CC(C)C)OS(=O)(=O)[O-],0,0,12,293.45,3.87,66.43,0,4,11,0
O=C(O)CCCCCCCCC(=O)O,0,0,12,202.25,2.28,74.6,2,2,9,0
CCCCCCCC(=O)OC,0,0,12,158.24,2.52,26.3,0,2,6,0
CC(O)COCC(C)O,0,0,12,134.18,-0.24,49.69,2,3,4,0
CO[Si](C)(C)OC,0,0,12,120.22,0.98,18.46,0,2,2,0
CCCCCCCCCC=O,0,0,10,156.27,3.33,17.07,0,1,8,0
BrCBr,0,0,12,173.83,1.73,0.0,0,0,0,0
CCCCCCCCCC(=O)O,0,0,11,172.27,3.21,37.3,1,1,8,0
O.O.O.O.O.O.O=[N+]([O-])[O-].O=[N+]([O-])[O-].[Mg+2],0,0,12,256.4,-5.81,321.4,0,6,0,0
CCCCCCCCCOS(=O)(=O)[O-],1,1,12,223.31,2.21,66.43,0,4,9,0
CCC(Cl)CCl,0,0,12,127.01,2.24,0.0,0,0,2,0
C=CC(=O)OCCOC(=O)C=C,1,5,9,170.16,0.44,52.6,0,4,5,0
CCCC[P+](CCCC)(CCCC)CCCC,0,0,11,259.44,6.2,0.0,0,0,12,0
CCCCCCCCNC,0,0,12,143.27,2.57,12.03,1,1,7,0
C=CC(=C)C,0,0,7,68.12,1.75,0.0,0,0,1,0
CC(C)O,0,0,9,60.1,0.39,20.23,1,1,0,0
CCCC(CCC)C(=O)[O-],0,0,11,143.21,0.95,40.13,0,2,5,0
CC(C)C[P+](C)(CC(C)C)CC(C)C,0,0,12,217.36,4.6,0.0,0,0,6,0
CCCCCCCC[P+](CCCCCCCC)(CCCCCCCC)CCCCCCCC,1,2,3,483.87,12.45,0.0,0,0,28,0
O=P(OC(CCl)CCl)(OC(CCl)CCl)OC(CCl)CCl,1,1,11,430.91,4.68,44.76,0,4,12,0
CC(C)CNCC(C)C,0,0,12,129.25,1.89,12.03,1,1,4,0
NC(=S)NNC(N)=S,0,0,12,150.23,-1.43,76.1,4,2,0,0
NC(=S)C(N)=S,0,0,11,120.2,-0.44,52.04,2,2,0,0
[CH3][Hg][Cl],1,4,8,251.08,1.27,0.0,0,0,0,0
[Hg+2],1,6,7,200.59,-0.0,0.0,0,0,0,0
CCCCCCCCCCCCNC(=N)N,0,0,10,227.4,3.39,61.9,3,1,11,0
CCCCN(CCCC)C(=S)SSC(=S)N(CCCC)CCCC,1,1,8,408.77,6.74,6.48,0,4,12,0
CNC(=O)/C=C(\C)OP(=O)(OC)OC,0,0,12,223.16,1.05,73.86,1,5,5,0
CC=CC(=O)CC,0,0,12,98.14,1.54,17.07,0,1,2,0
[O]=[Cr](=[O])([O-])[O][Cr](=[O])(=[O])[O-],1,2,8,215.98,-2.93,123.63,0,7,2,0
O=P(Cl)(Cl)Cl,0,0,12,153.33,2.81,17.07,0,1,0,0
CC(N)CN,0,0,11,74.13,-0.71,52.04,2,2,1,0
CCC(C)O,0,0,11,74.12,0.78,20.23,1,1,1,0
CCCCC(CC)CNC(=N)NC(=N)NCCCCCCNC(=N)NC(=N)NCC(CC)CCCC,0,0,1,508.8,4.26,167.58,10,4,19,0
CC(O)CN,0,0,12,75.11,-0.67,46.25,2,2,1,0
COC(=O)[C@@H](N)CCCN/C(N)=N/[N+](=O)[O-],0,0,12,233.23,-1.64,145.87,3,5,6,0
CC(=O)[O][Cr]([OH])[O]C(C)=O.CC(=O)[O][Cr]([OH])[O]C(C)=O.CC(=O)[O][Cr]([O]C(C)=O)[O]C(C)=O,0,0,11,603.31,-1.02,224.56,2,16,7,0
C=C(C)C(=O)OCCNC(C)(C)C,0,0,12,185.27,1.49,38.33,1,3,4,0
O=C(O)[C@@H](S)[C@H](S)C(=O)O,1,1,9,182.22,-0.25,74.6,4,4,3,0
O=C(CCS)OCC(COC(=O)CCS)(COC(=O)CCS)COC(=O)CCS,1,1,10,488.67,1.43,105.2,4,12,16,0
CC(C)(N)CO,0,0,11,89.14,-0.28,46.25,2,2,1,0
CC(C)(CO)CO,1,1,12,104.15,-0.0,40.46,2,2,2,0
O=[N+]([O-])C(CO)(CO)CO,1,1,12,151.12,-2.02,103.83,3,5,4,0
OCC(CO)(CO)COCC(CO)(CO)CO,0,0,11,254.28,-3.07,130.61,6,7,10,0
O=[N+]([O-])OCCN(CCO[N+](=O)[O-])CCO[N+](=O)[O-],0,0,12,284.18,-1.09,160.35,0,10,12,0
NC(CO)(CO)CO,0,0,12,121.14,-2.34,86.71,4,4,3,0
CO[Si](CCCS)(OC)OC,0,0,11,196.34,1.18,27.69,1,4,6,0
C[N+](C)=CCl,0,0,12,92.55,0.53,3.01,0,0,0,0
COC(=O)CCC(=O)O,0,0,12,132.12,0.02,63.6,1,3,3,0
[O]=[Zr]([Cl])[Cl],0,0,11,178.13,1.26,17.07,0,1,0,0
CN(C)C(=N)NC(=N)N,0,0,11,129.17,-1.03,88.99,4,2,0,0
CCC[CH2][Sn]([CH2]CCC)([O]C(C)=O)[O]C(C)=O,1,3,5,351.03,3.16,52.6,0,4,8,0
CC(C)=CCC[C@H](C)CCO,0,0,12,156.27,2.75,20.23,1,1,5,0
CC(C)CC(O)CC(C)C,0,0,12,144.26,2.44,20.23,1,1,4,0
C=C(C)C(=O)OCCOP(=O)(O)OCCOC(=O)C(=C)C,0,0,12,322.25,1.36,108.36,1,7,10,0
CC(C)OS(C)(=O)=O,0,0,10,138.19,0.37,43.37,0,3,2,0
C=C(C)OC(C)=O,0,0,12,100.12,1.08,26.3,0,2,1,0
CC(O)C#CC(C)O,1,1,6,114.14,-0.25,40.46,2,2,0,0
CCCCOCCO,0,0,12,118.18,0.8,29.46,1,2,5,0
CCCN(CCC)C(=O)SCC,0,0,12,189.32,2.98,20.31,0,2,5,0
N#CCCC#N,0,0,12,80.09,0.81,47.58,0,2,1,0
CC(Cl)(Cl)C(=O)O,0,0,12,142.97,1.26,37.3,1,1,1,0
O=C(CCl)CCl,1,4,8,126.97,1.03,17.07,0,1,2,0
CC(=O)C(Cl)Cl,0,0,12,126.97,1.38,17.07,0,1,1,0
CCCCOCCOCCOCCO,1,1,12,206.28,0.83,47.92,1,4,11,0
CCCCCCCC/C=C/C(=O)[O-].CCCCCCCC/C=C/C(=O)[O-],0,0,2,366.54,4.09,80.26,0,4,16,0
CCOC(=O)CC(=O)OCC,0,0,11,160.17,0.5,52.6,0,4,4,0
CCCCCCCCCO,0,0,12,144.26,2.73,20.23,1,1,7,0
CCCCCCNCCCCCC,0,0,12,185.35,3.74,12.03,1,1,10,0
ClCCCCl,0,0,12,112.99,1.85,0.0,0,0,2,0
CCCCCCOC(C)=O,0,0,12,144.21,2.13,26.3,0,2,5,0
CCCCC(CC)COC(=O)CCCCCCCCC(=O)OCC(CC)CCCC,0,0,11,426.68,7.63,52.6,0,4,21,0
CCOC(C)=O,0,0,11,88.11,0.57,26.3,0,2,1,0
NCCNCCN,1,2,12,103.17,-1.51,64.07,3,3,4,0
CCOP(=O)(CC)OCC,0,0,11,166.16,2.27,35.53,0,3,5,0
NC(=O)CCCCC(N)=O,0,0,12,144.17,-0.48,86.18,2,2,5,0
CNC(=O)ON=CC(C)(C)SC,0,0,12,190.27,1.47,50.69,1,4,3,0
NN,1,1,12,32.05,-1.18,52.04,2,2,0,0
COC(C)(C)C,0,0,12,88.15,1.43,9.23,0,1,0,0
COC(N)=O,0,0,12,75.07,-0.29,52.32,1,2,0,0
COC(=O)NN,0,0,10,90.08,-0.78,64.35,2,3,0,0
CCCCCCCCCCCCCCCCCCOCC(O)CO,1,1,9,344.58,5.62,49.69,2,3,20,0
CSCCC=O,0,0,12,104.17,0.94,17.07,0,2,3,0
CC(C)(C)C(=O)Cl,0,0,12,120.58,1.8,17.07,0,1,0,0
CCCCC(CC)COC(=O)Cl,0,0,12,192.69,3.58,26.3,0,2,6,0
CCCCC(CC)C(=O)[O-],0,0,12,143.21,0.95,40.13,0,2,5,0
C/C=C/C=C/C(=O)[O-],0,0,12,111.12,-0.13,40.13,0,2,2,0
CCCCCC=CCC(=O)OC,0,0,12,170.25,2.69,26.3,0,2,6,0
CCCCCCCCC(=O)OCC,0,0,12,186.29,3.3,26.3,0,2,8,0
CCCCCCCC#N,0,0,11,125.22,2.87,23.79,0,1,5,0
CCCCCCCCCCCCCC(=O)OCC,0,0,12,256.43,5.25,26.3,0,2,13,0
CCCCCCC(O)CCOC(C)=O,0,0,12,202.29,2.27,46.53,1,3,8,0
C=CCCCCCCCCO,0,0,12,156.27,2.9,20.23,1,1,8,0
CCCCCCCCCCCCCCCCN,0,0,2,241.46,5.43,26.02,1,1,14,0
CNC(=O)NC(O)C(Cl)(Cl)Cl,0,0,11,221.47,0.6,61.36,3,2,1,0
CCCCCCC/C=C/C=O,0,0,9,154.25,3.1,17.07,0,1,7,0
CC/C=C\CC/C=C/C(OCC)OCC,1,1,10,212.33,3.69,18.46,0,2,9,0
C[C@@H](O)C(=O)O,1,1,12,90.08,-0.55,57.53,2,2,1,0
CCCCOCCOCCSC#N,0,0,12,203.31,2.03,42.25,0,4,9,0
BrCCCBr,0,0,12,201.89,2.17,0.0,0,0,2,0
CCCCCCCCCCCCCOS(=O)(=O)[O-],0,0,9,279.42,3.77,66.43,0,4,13,0
O=S(=O)([O-])[O-].[Na+].[Na+],0,0,11,142.04,-7.33,80.26,0,4,0,0
CNCCO,0,0,12,75.11,-0.8,32.26,2,2,2,0
CCOC(C)(C)C,0,0,10,102.18,1.82,9.23,0,1,1,0
COC=O,0,0,10,60.05,-0.21,26.3,0,2,1,0
COC(=O)CCC[N+](C)(C)C,0,0,10,160.24,0.65,26.3,0,2,4,0
CC(CC=O)CCCC(C)(C)O,0,0,12,172.27,2.15,37.3,1,2,6,0
CC(C)COC(=O)CCCCC(=O)OCC(C)C,0,0,12,258.36,2.95,52.6,0,4,9,0
CCN(O)CC,0,0,9,89.14,0.72,23.47,1,2,2,0
C=CC(=O)NC(C)C,0,0,12,113.16,0.7,29.1,1,1,2,0
[O-][Cl+3]([O-])([O-])[O-],1,1,12,99.45,-4.76,92.24,0,4,0,0
CCN(C)N=O,0,0,11,88.11,0.62,32.67,0,2,2,0
CCCCCO,0,0,11,88.15,1.17,20.23,1,1,3,0
CCCN(CCC)N=O,0,0,12,130.19,1.79,32.67,0,2,5,0
C[N+](C)(C)C,1,1,12,74.15,0.32,0.0,0,0,0,0
C=C(C)C(=O)OC(C)C,0,0,11,128.17,1.51,26.3,0,2,2,0
CCCC[N+](CCCC)(CCCC)CCCC,0,0,12,242.47,5.0,0.0,0,0,12,0
CC(=O)CC(=O)OC(C)(C)C,0,0,11,158.2,1.31,43.37,0,3,2,0
N=C(N)NN,1,1,12,74.09,-1.66,87.92,4,2,0,0
OCCSSCCO,0,0,11,154.26,0.35,40.46,2,4,5,0
ClCCCCCCCl,0,0,12,155.07,3.02,0.0,0,0,5,0
[Ba+2],1,1,12,137.33,-0.38,0.0,0,0,0,0
C=CCCC,0,0,12,70.13,1.97,0.0,0,0,2,0
CCOC(=O)CP(=O)(OCC)OCC,0,0,11,224.19,1.82,61.83,0,5,7,0
O=C(O)COCC(=O)O,0,0,12,134.09,-0.83,83.83,2,3,4,0
CCCCC,0,0,9,72.15,2.2,0.0,0,0,2,0
N#CC(C#N)=C(C#N)C#N,1,1,11,128.09,0.38,95.16,0,4,0,0
C[N+](C)(C)CC(=O)[O-],0,0,12,117.15,-1.56,40.13,0,2,2,0
CN(CCO)CCO,0,0,11,119.16,-1.1,43.7,2,3,4,0
C=CC(=O)NCNC(=O)C=C,1,1,9,154.17,-0.45,58.2,2,2,4,0
N#CSCSC#N,1,5,7,130.2,1.37,47.58,0,4,2,0
CCCCCCCCCCCCCC[P+](CCCC)(CCCC)CCCC,1,1,2,399.71,10.11,0.0,0,0,22,0
CCCCS,0,0,11,90.19,1.72,0.0,1,1,2,0
C[S+](C)CCC(N)C(=O)O,0,0,10,164.25,-0.33,63.32,2,2,4,0
CCCCCC[C@@H](O)C/C=C\CCCCCCCC(=O)OCC(O)CO,0,0,11,372.55,3.89,86.99,3,5,18,0
CCCCCCCC(=O)OCC(O)CO,0,0,12,218.29,1.24,66.76,2,4,9,0
CCCCCCCCCCCCCC(=O)OCC(O)CO,0,0,10,302.45,3.58,66.76,2,4,15,0
C=CCN(CC=C)C(=O)C(Cl)Cl,0,0,12,208.09,1.99,20.31,0,1,5,0
CCCCCCCCCCCCCCCCO,1,1,12,242.45,5.46,20.23,1,1,14,0
C=CC(=O)OC,0,0,11,86.09,0.35,26.3,0,2,1,0
CCCCCC[C@@H](O)C/C=C\CCCCCCCC(=O)OC,0,0,11,312.49,5.17,46.53,1,3,15,0
C[Si](C)(C)O[Si](C)(C)O[Si](C)(C)C,0,0,11,236.54,3.39,18.46,0,2,4,0
C[CH2][Sn]([Br])([CH2]C)[CH2]C,1,7,9,285.8,3.39,0.0,0,0,3,0
CCC(CO)(CO)COCC(CC)(CO)CO,0,0,12,250.33,-0.24,90.15,4,5,10,0
C=C(C)C(=O)OCCCCOC(=O)C(=C)C,0,0,11,226.27,2.01,52.6,0,4,7,0
CCCCCCCCCCCC(=O)N(CC)CC,0,0,12,255.45,4.78,20.31,0,1,12,0
N#CCCOCCOCCC#N,0,0,11,168.2,0.85,66.04,0,4,7,0
C=CC(=O)OCCCCCCCCCC,0,0,12,212.33,3.86,26.3,0,2,10,0
CN(C)CCN(C)CCO,0,0,12,146.23,-0.53,26.71,1,3,5,0
CCOP(=O)(OCC)OCC,1,1,12,182.16,2.2,44.76,0,4,6,0
CC(=O)OCCOCCOCCOC(C)=O,0,0,12,234.25,0.15,71.06,0,6,9,0
OCCC(F)(F)C(F)(F)C(F)(F)C(F)(F)C(F)(F)C(F)(F)C(F)(F)C(F)(F)F,0,0,12,464.11,5.38,20.23,1,1,8,0
NNCCO,0,0,11,76.1,-1.56,58.28,3,3,2,0
CCOP(=S)(OCC)SCSCC,1,1,11,260.39,3.73,18.46,0,5,8,0
C=CC(=O)OCCN(C)C,0,0,11,143.19,0.28,29.54,0,3,4,0
CCOCC(C)O,0,0,11,104.15,0.4,29.46,1,2,3,0
CN(C)CCCN,0,0,12,102.18,-0.1,29.26,1,2,3,0
COC(C)OC,0,0,11,90.12,0.63,18.46,0,2,2,0
C=CC(=O)OCC,0,0,12,100.12,0.74,26.3,0,2,2,0
CC(C)N(CCO)C(C)C,0,0,11,145.25,1.1,23.47,1,2,4,0
CCC(C)=NO,0,0,12,87.12,1.25,32.59,1,2,1,0
CCC(=O)CC,0,0,12,86.13,1.38,17.07,0,1,2,0
CCCC(C)CC,0,0,12,100.2,2.83,0.0,0,0,3,0
CCOP(=O)([O-])C(N)=O,0,0,10,152.07,-0.34,92.45,1,4,3,0
C=C(C)C(=O)OCCN(C)C,0,0,12,157.21,0.67,29.54,0,3,4,0
CCCOCCO,0,0,12,104.15,0.41,29.46,1,2,4,0
COC(=O)CCS,0,0,12,120.17,0.48,26.3,1,3,2,0
N=C(N)NN.N=C(N)NN,0,0,11,148.17,-3.31,175.84,8,4,0,0
CCCCCCC#CC(=O)OC,0,0,11,168.24,2.13,26.3,0,2,4,0
CCCCCC/C=C/C(=O)OC,0,0,12,170.25,2.69,26.3,0,2,6,0
CCCCCCCC(=O)OCCCCCC,0,0,12,228.38,4.47,26.3,0,2,11,0
CCCCCCCC/C=C\CCCCCCCC(=O)OCC,0,0,12,310.52,6.59,26.3,0,2,16,0
C/C=C/C=C/CO,0,0,11,98.14,1.11,20.23,1,1,2,0
O=C(O)CCCCCCC(=O)O,0,0,11,174.2,1.5,74.6,2,2,7,0
CCCCCCCCCCCCCBr,0,0,11,263.26,5.69,0.0,0,0,11,0
CCCCOC(O)CC,0,0,12,132.2,1.53,29.46,1,2,5,0
CCCCCCCCCCCCOS(=O)(=O)[O-],0,0,12,265.39,3.38,66.43,0,4,12,0
CCCCC(CC)COS(=O)(=O)[O-],0,0,12,209.29,1.68,66.43,0,4,7,0
CC(C)(CO)[C@@H](O)C(=O)NCCCO,0,0,12,205.25,-1.14,89.79,4,4,6,0
C/C=C(\C)C(=O)OC/C=C(\C)CCC=C(C)C,0,0,12,236.35,4.19,26.3,0,2,6,0
CCCCCOC(=O)CCCC,0,0,11,172.27,2.91,26.3,0,2,7,0
CC(C)=CC(=O)O,1,1,12,100.12,1.04,37.3,1,1,1,0
CCCCCCCCC(=O)Cl,0,0,11,176.69,3.5,17.07,0,1,7,0
CCCCCC(C)N.CCCCCC(C)N,0,0,2,230.44,3.83,52.04,2,2,8,0
CC=CC=CCOC(=O)C(C)C,1,1,9,168.24,2.32,26.3,0,2,4,0
CC/C=C\CCOC(C)OCC,0,0,11,172.27,2.74,18.46,0,2,7,0
COC(=O)C(Cl)C(=O)OC,1,1,12,166.56,-0.06,52.6,0,4,2,0
NCCC[C@H](N)C(=O)O,0,0,9,132.16,-0.86,89.34,3,3,4,0
CC(C)(C)N,0,0,12,73.14,0.74,26.02,1,1,0,0
NCCOCCO,0,0,12,105.14,-1.05,55.48,2,3,4,0
C=CCCCCCCCCC=O,0,0,12,168.28,3.49,17.07,0,1,9,0
NCCOS(=O)(=O)O,0,0,12,141.15,-1.24,89.62,2,4,3,0
[N-]=[N+]=CC(=O)OC[C@H](N)C(=O)O,1,1,12,173.13,-1.76,126.02,2,4,4,0
COP(=O)(OC)OC=C(Cl)Cl,1,1,12,220.98,2.68,44.76,0,4,4,0
CC(Cl)CCl,0,0,12,112.99,1.85,0.0,0,0,1,0
CC(C)N(C)C,0,0,11,87.17,0.96,3.24,0,1,1,0
CN(C)CCCNCCCN,1,1,10,159.28,-0.12,41.29,2,3,7,0
[Cl][Pd][Cl],0,0,11,177.33,1.38,0.0,0,0,0,0
ClC=CCl,0,0,12,96.94,1.94,0.0,0,0,0,0
CCCCCCCC/C=C/CCCOC(C)=O,1,1,12,240.39,4.64,26.3,0,2,11,0
O=S(=O)([O-])CCCS(=O)(=O)[O-],0,0,10,202.21,-1.53,114.4,0,6,4,0
[TlH2+],1,1,10,206.4,-0.92,0.0,0,0,0,0
C=C(C)C(=O)OCCCCCCCCCCCCCCCCCC,0,0,11,338.58,7.37,26.3,0,2,18,0
CC(C)OP(C)(=O)OC(C)C,0,0,12,180.18,2.66,35.53,0,3,4,0
COS(=O)(=O)OC,0,0,12,126.13,-0.48,52.6,0,4,2,0
CNC,0,0,12,45.09,-0.16,12.03,1,1,0,0
CCCCCCCCCCCCCCCCCC(=O)OCC(CC)CCCC,0,0,12,396.7,9.01,26.3,0,2,22,0
CCCCCCCCCCCCCCCCCC(=O)OCCCCCCCCCCCCCC(C)C,1,1,12,508.92,12.13,26.3,0,2,30,0
CC(C)(CO)[C@@H](O)C(=O)NCCC(=O)[O-],0,0,12,218.23,-2.38,109.69,3,5,6,0
CCCCC(CC)CNC(=O)CC(C)OC(=O)CCC(=O)O,0,0,2,315.41,2.51,92.7,2,4,12,0
CC(=O)NC(CCC(N)=O)C(=O)O,0,0,12,188.18,-1.16,109.49,3,3,5,0
CCC(CN)CC(C)CCNCC(O)CNCC(C)CC(CC)CN,0,0,10,358.62,1.94,96.33,5,5,17,0
O=P([O-])([O-])OC(CO)CO,0,0,10,170.06,-2.82,112.88,2,6,4,0
CCCCCCCCP(=O)(O)O,0,0,11,194.21,2.52,57.53,2,1,7,0
COCCOCC(OC)OC,0,0,2,164.2,0.27,36.92,0,4,7,0
C=C(Cl)CCl,0,0,12,110.97,1.98,0.0,0,0,1,0
OC(CCl)CCl,0,0,12,128.99,0.82,20.23,1,1,2,0
[Cl][Ba][Cl],1,1,12,208.23,1.0,0.0,0,0,0,0
O=C(O)CP(=O)(O)O,0,0,12,140.03,-0.75,94.83,3,2,2,0
O=C([O-])CC(O)(CC(=O)O)C(=O)[O-],0,0,12,190.11,-3.92,137.79,2,6,5,0
NCCCCCC(=O)O,0,0,2,131.18,0.59,63.32,2,2,5,0
CCNP(=S)(OC)O/C(C)=C/C(=O)OC(C)C,1,1,11,281.31,2.34,56.79,1,5,7,0
CC(C)=CCCC(C)=CC=O,0,0,12,152.24,2.88,17.07,0,1,4,0
ClC(Cl)Cl,0,0,11,119.38,1.99,0.0,0,0,0,0
COC(=O)CCSCCC(=O)OC,1,1,12,206.26,0.85,52.6,0,5,6,0
CC(=O)O[Si](C)(OC(C)=O)OC(C)=O,1,1,11,220.25,0.24,78.9,0,6,3,0
ClC(Br)Br,0,0,12,208.28,2.3,0.0,0,0,0,0
CC(C)(CCl)C(=O)Cl,0,0,7,155.02,2.02,17.07,0,1,2,0
NC(=O)NC(N)=O,0,0,12,103.08,-1.27,98.21,3,2,0,0
CC(C)CC(C)O,0,0,12,102.18,1.41,20.23,1,1,2,0
C=COCCCCO,0,0,12,116.16,0.92,29.46,1,2,5,0
NCC(=O)O,0,0,2,75.07,-0.97,63.32,2,2,1,0
CC(=O)O[C@H](CC(=O)[O-])C[N+](C)(C)C,0,0,12,203.24,-1.24,66.43,0,4,5,0
CC(C)COP(=O)(OCC(C)C)OCC(C)C,0,0,10,266.32,4.11,44.76,0,4,9,0
C=CCCCCCCCCCCCC,0,0,12,196.38,5.48,0.0,0,0,11,0
NC(=O)[O-],0,0,12,60.03,-1.71,66.15,1,2,0,0
CC(C)(CO)COC(=O)C(C)(C)CO,0,0,12,204.27,0.57,66.76,2,4,5,0
NC(=O)N=NC(N)=O,0,0,11,116.08,-0.4,110.9,2,2,0,0
ClC(Cl)=C(Cl)C(Cl)=C(Cl)Cl,0,0,12,260.76,4.76,0.0,0,0,1,0
CCOC(=O)CC(C)=O,0,0,12,130.14,0.53,43.37,0,3,3,0
CCCCC(CC)COC(=O)/C=C\C(=O)OCC(CC)CCCC,1,1,12,340.5,5.06,52.6,0,4,14,0
CC(C)(O)C#CC(C)(C)O,0,0,12,142.2,0.53,40.46,2,2,0,0
CC(=O)[O-].CC(=O)[O-].[Mg+2],1,1,11,142.39,-2.87,80.26,0,4,0,0
O=C(O)CNCC(=O)O,0,0,12,133.1,-1.25,86.63,3,3,4,0
CCCCCCCC/C=C\CCCCCCCC(=O)OCCCC,0,0,10,338.58,7.37,26.3,0,2,18,0
ClC(Cl)(Cl)C(Cl)(Cl)Cl,0,0,9,236.74,3.73,0.0,0,0,0,0
C=CCCC(=O)O,0,0,11,100.12,1.04,37.3,1,1,3,0
CN=C=O,0,0,11,57.05,-0.05,29.43,0,2,0,0
[Na][I],0,0,12,149.89,0.5,0.0,0,0,0,0
C[N+](C)(C)CC(=O)O,0,0,12,118.16,-0.22,37.3,1,1,2,0
CCCC[N+](C)(CCCC)CCCC,0,0,12,200.39,3.83,0.0,0,0,9,0
BrCCCCCBr,0,0,12,229.94,2.95,0.0,0,0,4,0
O=CNNC=O,0,0,12,88.07,-1.61,58.2,2,2,3,0
CCNC(=S)NCC,1,1,12,132.23,0.49,24.06,2,1,2,0
CCOC(=O)/C=C\C(=O)OCC,1,1,12,172.18,0.67,52.6,0,4,4,0
CCN(C=O)CC,0,0,12,101.15,0.48,20.31,0,1,3,0
OCCOCCO,0,0,12,106.12,-1.01,49.69,2,3,4,0
CC(C)(C)S,0,0,12,90.19,1.71,0.0,1,1,0,0
CCCCCCCC/C=C\CCCCCCCC(=O)O,0,0,12,282.47,6.11,37.3,1,1,15,0
C=CCCCCCC,0,0,11,112.22,3.14,0.0,0,0,5,0
CCOP(=O)(OCC)OP(=O)(OCC)OCC,0,0,10,290.19,3.37,80.29,0,7,10,0
O=C([O-])CF,0,0,12,77.03,-1.29,40.13,0,2,1,0
CCCCOCC(C)OCC(C)O,0,0,12,190.28,1.59,38.69,1,3,8,0
C=CC(=O)OCCOCC(CC)(COCCOC(=O)C=C)COCCOC(=O)C=C,1,4,8,428.48,1.62,106.59,0,9,19,0
C=CC(=O)OCCCCCC(C)C,1,1,12,184.28,2.93,26.3,0,2,7,0
Cl/C=C/Cl,0,0,12,96.94,1.94,0.0,0,0,0,0
Cl/C=C\Cl,0,0,9,96.94,1.94,0.0,0,0,0,0
OCC(Cl)CCl,0,0,12,128.99,0.82,20.23,1,1,2,0
CCCCOC(=O)CC(CC(=O)OCCCC)(OC(C)=O)C(=O)OCCCC,0,0,12,402.48,3.1,105.2,0,8,15,0
COC(OC)OC,0,0,12,106.12,0.21,27.69,0,3,3,0
CCCC(=O)OCCC(C)CCC=C(C)C,0,0,11,226.36,4.1,26.3,0,2,8,0
N[C@@H](CCC(=O)O)C(=O)O,0,0,12,147.13,-0.74,100.62,3,3,4,0
CCCC(=O)OC/C=C(\C)CCC=C(C)C,0,0,12,224.34,4.02,26.3,0,2,7,0
CP(=O)([O-])OCCC[Si](O)(O)O,0,0,11,215.19,-1.51,110.05,3,6,5,0
CCCCOC(=O)C(C)OC(=O)CCC,0,0,12,216.28,2.06,52.6,0,4,7,0
COC(C=C(C)CCC=C(C)C)OC,0,0,12,198.31,3.3,18.46,0,2,6,0
C=C[Si](OC(=C)C)(OC(=C)C)OC(=C)C,0,0,10,226.35,3.3,27.69,0,3,7,0
CCOC(=O)C(=O)CCCCCCl,0,0,2,206.67,1.92,43.37,0,3,7,0
CC(C)CCON=O,0,0,12,117.15,1.73,38.66,0,3,4,0
CC(=O)C(C)C,0,0,11,86.13,1.23,17.07,0,1,1,0
CNC(=O)CN(CCN(CCN(CC(=O)[O-])CC(=O)NC)CC(=O)[O-])CC(=O)[O-].[Gd+3],0,0,2,573.66,-7.37,188.31,2,11,16,0
CCCCCCCCCCCCCCBr,0,0,11,277.29,6.08,0.0,0,0,12,0
[O]=[Mo](=[O])=[O],0,0,12,143.94,-0.36,51.21,0,3,0,0
CCOP(=S)(S)OCC,0,0,12,186.24,2.21,18.46,1,3,4,0
CCCCCCCC/C=C\CCCCCCCC(N)=O,1,1,12,281.48,5.51,43.09,1,1,15,0
CCCCC(CC)COP(=O)(O)OCC(CC)CCCC,1,1,7,322.43,5.55,55.76,1,3,14,0
CCCCOC(=O)CCCCC(=O)OCCCC,0,0,12,258.36,3.23,52.6,0,4,11,0
C[N+](C)(C)CCO,0,0,12,104.17,-0.32,20.23,1,1,2,0
[O]=[Cr][O][Cr]=[O],0,0,12,151.99,-0.31,43.37,0,3,2,0
[Cr+3],0,0,11,52.0,-0.0,0.0,0,0,0,0
CC=CC(=O)O,0,0,12,86.09,0.65,37.3,1,1,1,0
OCCCCCO,1,1,12,104.15,0.14,40.46,2,2,4,0
CCCCCCCCCCCC(=O)OCC(C)OC(=O)CCCCC(=O)O,0,0,8,386.53,5.03,89.9,1,5,18,0
COCCOCCOCCOC,0,0,12,178.23,0.31,36.92,0,4,9,0
C[N+](C)(C)CCCCCCCCCC[N+](C)(C)C,0,0,12,258.49,3.52,0.0,0,0,11,0
N[C@@H](CSSC[C@H](N)C(=O)O)C(=O)O,0,0,1,240.31,-0.81,126.64,4,6,7,0
CCC(C)(S(=O)(=O)CC)S(=O)(=O)CC,0,0,9,242.36,0.98,68.28,0,4,5,0
C[C@@H](O)[C@H](N)C(=O)O,0,0,2,119.12,-1.22,83.55,3,3,2,0
CCCCCCCCCCCCCCCC(=O)NCCO,0,0,12,299.5,4.58,49.33,2,2,16,0
CCCCCC#CC(=O)OC,0,0,12,154.21,1.74,26.3,0,2,3,0
C/C=C/C=C/C(=O)O,1,1,12,112.13,1.2,37.3,1,1,2,0
CCN(CC)C(=S)[S-],1,2,11,148.28,1.16,3.24,0,2,2,0
CCC(OCCCOC)OC(C)=O,0,0,12,190.24,1.34,44.76,0,4,7,0
[CH3][Sn]([CH3])([Cl])[Cl],1,2,11,219.69,2.17,0.0,0,0,0,0
CCCCC(CC)C(=O)Cl,0,0,12,162.66,2.97,17.07,0,1,5,0
CCOCCC(=O)OCC,0,0,12,146.19,0.98,35.53,0,3,5,0
COC(=O)CC(C)CCC=C(C)C,0,0,10,184.28,2.93,26.3,0,2,5,0
OCC(O)CCl,0,0,12,110.54,-0.42,40.46,2,2,2,0
COC(C)(C)CCO,0,0,12,118.18,0.79,29.46,1,2,3,0
OCC(O)CO,0,0,12,92.09,-1.67,60.69,3,3,2,0
O=S(=O)(O)O,0,0,10,98.08,-0.65,74.6,2,2,0,0
[Fe+2],0,0,11,55.84,-0.0,0.0,0,0,0,0
CC(C)(C)C(=O)O,0,0,11,102.13,1.12,37.3,1,1,0,0
CC(C)(CO)[N+](=O)[O-],1,1,12,119.12,0.03,63.37,1,3,2,0
CCCCCCCCCCCCS,0,0,12,202.41,4.84,0.0,1,1,10,0
N[C@@H](CCC(=O)N[C@@H](CS)C(=O)NCC(=O)O)C(=O)O,0,0,12,307.33,-2.21,158.82,6,6,9,0
CCCCCCCCCC[N+](C)(C)CCCCCCCCCC,0,0,4,326.63,7.34,0.0,0,0,18,0
CC(=O)OCCOC(C)=O,0,0,12,146.14,0.11,52.6,0,4,3,0
CCCCCCCCCCCCCCCCCC(=O)OCCO,1,1,10,328.54,5.78,46.53,1,3,18,0
CCCCCCCC,0,0,9,114.23,3.37,0.0,0,0,5,0
CCCCCCCCCCCC(=O)OC,0,0,12,214.35,4.08,26.3,0,2,10,0
N#C[S-],0,0,12,58.09,0.01,23.79,0,2,0,0
CC(N)=S,0,0,11,75.14,0.29,26.02,1,1,0,0
CCCCCCCCCCCCCCCCI,0,0,12,352.34,6.9,0.0,0,0,14,0
CCC(C)(C)CC,0,0,11,100.2,2.83,0.0,0,0,2,0
C=CCCC=C,0,0,11,82.15,2.14,0.0,0,0,3,0
CC(C)CC(C)(C)C,0,0,12,114.23,3.08,0.0,0,0,1,0
CCCSC(=O)N(CCC)CCC,0,0,12,203.35,3.37,20.31,0,2,6,0
O=P(OCC(Br)CBr)(OCC(Br)CBr)OCC(Br)CBr,1,1,8,697.61,5.62,44.76,0,4,12,0
ClC(Cl)(Br)Br,0,0,12,242.72,2.87,0.0,0,0,0,0
CCC(C)COC(=O)CC(C)C,0,0,12,172.27,2.62,26.3,0,2,5,0
CC=CC(=O)CCCC,0,0,12,126.2,2.32,17.07,0,1,4,0
CSCCCN=C=S,1,3,8,147.27,1.84,12.36,0,3,4,0
CC(C)(O)C#N,0,0,12,85.11,0.28,44.02,1,2,0,0
NO,0,0,11,33.03,-0.67,46.25,2,2,0,0
[NH3+]O.[NH3+]O,0,0,11,68.08,-2.77,95.74,4,2,0,0
NCCNCCO,0,0,12,104.15,-1.47,58.28,3,3,4,0
CCCC(CCC)C(N)=O,0,0,10,143.23,1.69,43.09,1,1,5,0
CCCCCCCCC\C=C/C=C\C=C/C=C\C=C/C(=O)OCC,0,0,1,330.51,6.47,26.3,0,2,14,0
CCOC(N)=O,0,0,12,89.09,0.1,52.32,1,2,1,0
NC(N)=O,0,0,12,60.06,-0.98,69.11,2,1,0,0
CCC[CH2][Sn]([Cl])([Cl])[Cl],1,1,11,282.19,3.44,0.0,0,0,3,0
CCCOCC(C)O,1,1,12,118.18,0.79,29.46,1,2,4,0
CCCCCCC(CO)CCCC,0,0,12,186.34,3.76,20.23,1,1,9,0
COC(C)CCO,0,0,11,104.15,0.4,29.46,1,2,3,0
CC(C)(S)C(=O)N[C@@H](CS)C(=O)O,0,0,10,223.32,0.19,66.4,4,4,4,0
CCCCOC(=O)CCCCCCCC(=O)OCCCC,0,0,12,300.44,4.4,52.6,0,4,14,0
C=CCBr,0,0,11,120.98,1.57,0.0,0,0,1,0
C=CCOC(=O)CCCCCCCC,0,0,12,198.31,3.47,26.3,0,2,9,0
C=CCSSCCC,0,0,11,148.3,2.96,0.0,0,2,5,0
C=CCNC(N)=S,0,0,12,116.19,0.01,38.05,2,1,2,0
CC(C)C(O)C(C)(C)CO,0,0,12,146.23,1.02,40.46,2,2,3,0
[Cl][Nd]([Cl])[Cl],0,0,10,250.6,2.07,0.0,0,0,0,0
CC(C)CCCCCOC(=O)CCCCC(=O)OCCCCCC(C)C,0,0,11,370.57,6.07,52.6,0,4,17,0
CC(=O)OCCC(C)CC(C)(C)C,0,0,12,186.29,3.01,26.3,0,2,4,0
[Co+2],1,1,12,58.93,-0.0,0.0,0,0,0,0
CCCCCCCCCCCC(=O)OCC(O)CO,0,0,12,274.4,2.8,66.76,2,4,13,0
CN(C)C(=S)[S-].CN(C)C(=S)[S-].[Cu+2],1,3,5,303.99,0.76,6.48,0,4,0,0
CCCCC=O,0,0,12,86.13,1.38,17.07,0,1,3,0
O=C(O)CCCC(=O)O,0,0,12,132.12,0.33,74.6,2,2,4,0
C=C(C#N)C(=O)OCC,1,1,11,125.13,0.63,50.09,0,3,2,0
CC(C)C(Br)C(=O)NC(N)=O,1,1,12,223.07,0.6,72.19,2,2,2,0
OC[C@@H](O)[C@H](O)[C@H](O)[C@@H](O)CO,0,0,12,182.17,-3.59,121.38,6,6,5,0
CC(C)CCCC(C)NCCC(C)C,0,0,2,199.38,3.84,12.03,1,1,8,0
O=S(=O)([O-])CO,0,0,12,111.1,-1.52,77.43,1,4,1,0
C=CCCCCCCCC,0,0,11,140.27,3.92,0.0,0,0,7,0
CC(=O)C(Cl)C(=O)N(C)C,0,0,11,163.6,0.27,37.38,0,2,2,0
COC(=O)CC#N,0,0,12,99.09,0.07,50.09,0,3,1,0
CC(C)CCCCCCN,0,0,12,143.27,2.55,26.02,1,1,6,0
CC(C)NC(=O)NC(C)C,0,0,12,144.22,1.1,41.13,2,1,2,0
CCCCCCCCCCCCCCC(Br)C(=O)O,1,2,8,335.33,5.93,37.3,1,1,14,0
C=CCOCC(O)CO,0,0,12,132.16,-0.46,49.69,2,3,5,0
C=CC(=O)OCCCCCCCC(C)C,0,0,12,212.33,3.71,26.3,0,2,9,0
CCCCC(CC)COC(=O)CC#N,0,0,12,197.28,2.66,50.09,0,3,7,0
CCCCN(CCCC)CCCC,0,0,12,185.35,3.69,3.24,0,1,9,0
O=NN(CCCl)C(=O)NCCCl,1,1,11,214.05,1.16,61.77,1,3,5,0
CCO[Si](OCC)(OCC)OCC,0,0,11,208.33,1.57,36.92,0,4,8,0
CC(C)CC(C)N,0,0,12,101.19,1.38,26.02,1,1,2,0
CCCCCCCCSCCO,0,0,11,190.35,3.07,20.23,1,2,9,0
O=C/C(Cl)=C(/Cl)C(=O)O,1,3,8,168.96,0.96,54.37,1,2,2,0
O=C(O)C(Cl)Cl,0,0,12,128.94,0.87,37.3,1,1,1,0
CCCCCC(=O)OCC,0,0,12,144.21,2.13,26.3,0,2,5,0
CCCCOC(C)=O,0,0,12,116.16,1.35,26.3,0,2,3,0
CCCCCCCCCCCCN,0,0,10,185.35,3.87,26.02,1,1,10,0
CCCCOP(=O)(OCCCC)OCCCC,1,1,12,266.32,4.54,44.76,0,4,12,0
CCC(C)(CCC(C)C)C(=O)O,0,0,12,172.27,2.92,37.3,1,1,5,0
C=CCSSCC=C,1,1,11,146.28,2.74,0.0,0,2,5,0
C=C(C)C(=O)[O][Sn]([CH2]CCC)([CH2]CCC)[CH2]CCC,1,4,5,375.14,5.45,26.3,0,2,11,0
CC(C)CCCC(C)(C)O,0,0,12,144.26,2.58,20.23,1,1,4,0
CCC/C=C/C=O,0,0,12,98.14,1.54,17.07,0,1,3,0
CCCOC(C)=O,0,0,12,102.13,0.96,26.3,0,2,2,0
[Cl][Yb]([Cl])[Cl],0,0,12,279.4,2.07,0.0,0,0,0,0
C=CC(=O)OCCCCCCOC(=O)C=C,1,6,10,226.27,2.01,52.6,0,4,9,0
C=CC(C)(C)CC(=O)OC,0,0,12,142.2,1.76,26.3,0,2,3,0
C=CCCCC,0,0,8,84.16,2.36,0.0,0,0,3,0
C=C(C)C(=O)OCCCCCC,0,0,12,170.25,2.69,26.3,0,2,6,0
N=C(N)N.N=C(N)N.O=C(O)O,0,0,12,180.17,-2.1,209.31,8,3,0,0
CC(C)CC(=O)O,0,0,11,102.13,1.12,37.3,1,1,2,0
CCCCCCCCCCCCCCCCC(=O)O,0,0,12,270.46,5.94,37.3,1,1,15,0
NS(=O)(=O)O,0,0,12,97.09,-1.25,80.39,2,2,0,0
[PbH2+2],1,1,12,209.22,-0.92,0.0,0,0,0,0
CC(C)(C)N(CCO)CCO,0,0,11,161.24,0.07,43.7,2,3,4,0
CC(CO)CO,0,0,12,90.12,-0.39,40.46,2,2,2,0
C=C(C)C(=O)OCCCCCCCCCCCCC,1,1,11,268.44,5.42,26.3,0,2,13,0
C=C(C)C(=O)OCCC[Si](OC)(OC)OC,0,0,12,248.35,1.37,53.99,0,5,8,0
C=CC(C)CCC=C(C)C,0,0,12,138.25,3.55,0.0,0,0,4,0
C=CCCCCCCCCCCC,0,0,12,182.35,5.09,0.0,0,0,10,0
OCC(S)CS,0,0,7,124.23,0.21,20.23,3,3,2,0
C=CCOC(C)=O,0,0,11,100.12,0.74,26.3,0,2,2,0
CCN(CC)C(=O)C(Cl)=C(C)OP(=O)(OC)OC,0,0,12,299.69,2.74,65.07,0,5,7,0
CCCOC(=O)CCCCC(=O)OCCC,0,0,12,230.3,2.45,52.6,0,4,9,0
CCCCCCCCCCN,0,0,12,157.3,3.09,26.02,1,1,8,0
CCCCNP(N)(N)=S,0,0,11,167.22,0.52,64.07,3,1,4,0
CC(C)OC(=O)CCC(=O)OC(C)C,0,0,12,202.25,1.67,52.6,0,4,5,0
OC[C@@H](O)[C@@H](O)CO,0,0,12,122.12,-2.31,80.92,4,4,3,0
N[C@@H](CS)C(=O)O,0,0,10,121.16,-0.67,63.32,3,3,2,0
CC(C)(O)C(Cl)(Cl)Cl,0,0,2,177.46,2.13,20.23,1,1,0,0
CCC(C)CCCC(C)(C)O,1,1,11,158.28,2.97,20.23,1,1,5,0
NC(CS)C(=O)O,0,0,2,121.16,-0.67,63.32,3,3,2,0
CC(C)(C)NC(N)=O,0,0,12,116.16,0.45,55.12,2,1,0,0
CCCCCCCCCCCC[N+](C)(C)C,1,2,8,228.44,4.61,0.0,0,0,11,0
CCCCCCCCCCCCCC[N+](C)(C)C,1,2,6,256.5,5.39,0.0,0,0,13,0
CCO[Si](CCCNC(N)=O)(OCC)OCC,0,0,12,264.4,1.09,82.81,2,4,10,0
CCCCCOC(=O)CCCCC,0,0,11,186.29,3.3,26.3,0,2,8,0
CCCCCCOC(=O)CC,0,0,12,158.24,2.52,26.3,0,2,6,0
CC/C=C\CCOC(=O)C(C)C,0,0,12,170.25,2.54,26.3,0,2,5,0
CC/C=C\CCCCCO,0,0,11,142.24,2.51,20.23,1,1,6,0
CC[N+](C)(CC)CC,0,0,11,116.23,1.49,0.0,0,0,3,0
O=C(O)CF,0,0,11,78.04,0.04,37.3,1,1,1,0
ClCCN(CCCl)CCCl,1,2,12,204.53,2.0,3.24,0,1,6,0
CCCCCCCCCCCCCC/C(O)=N\C(CO)CCCCCCCCCCCCCC,0,0,12,481.85,10.49,52.82,2,2,28,0
O=C(Cl)CCl,0,0,11,112.94,0.99,17.07,0,1,1,0
CC(=O)NO,0,0,2,75.07,-0.49,49.33,2,2,0,0
[Fe+3],0,0,12,55.84,-0.0,0.0,0,0,0,0
CN(C)C(=S)[S-].CN(C)C(=S)[S-].CN(C)C(=S)[S-].[Fe+3],1,1,4,416.51,1.14,9.72,0,6,0,0
CS/C(C)=N/OC(=O)N(C)SN(C)C(=O)O/N=C(\C)SC,0,0,8,354.48,3.08,83.8,0,9,4,0
CCBr,0,0,12,108.97,1.4,0.0,0,0,0,0
ClC(Cl)Br,0,0,9,163.83,2.14,0.0,0,0,0,0
OB(O)O,0,0,12,61.83,-2.05,60.69,3,3,0,0
O=C(O)[C@H](O)[C@@H](O)C(=O)O,0,0,12,150.09,-2.12,115.06,4,4,3,0
COCC(O)CO,0,0,11,106.12,-1.01,49.69,2,3,3,0
CC(C)OC(=O)CCCCC(=O)OC(C)C,0,0,8,230.3,2.45,52.6,0,4,7,0
O=C(O)CC(O)C(=O)O,0,0,12,134.09,-1.09,94.83,3,3,3,0
C=C(C)C(=O)OCCC[Si](Cl)(Cl)Cl,0,0,11,261.61,3.15,26.3,0,2,5,0
CCCCC(CC)(CO)CO,0,0,12,160.26,1.56,40.46,2,2,6,0
CC(C)OCCO,0,0,12,104.15,0.4,29.46,1,2,3,0
CN(C)CCCN(C)C,0,0,11,130.23,0.5,6.48,0,2,4,0
CC(C)CCO,0,0,12,88.15,1.02,20.23,1,1,2,0
C=C(C)C(=O)OCC(C)C,0,0,12,142.2,1.76,26.3,0,2,3,0
C=C(C)C(=O)OCCCCCCCC(C)C,0,0,11,226.36,4.1,26.3,0,2,9,0
CC(=O)CCl,0,0,12,92.53,0.81,17.07,0,1,1,0
CCCCCCC(=O)OCC,0,0,10,158.24,2.52,26.3,0,2,6,0
CCCC(=O)OCC,0,0,11,116.16,1.35,26.3,0,2,3,0
CCOC(=O)CC,0,0,12,102.13,0.96,26.3,0,2,2,0
C=CC(=O)NC(C)(C)C,0,0,12,127.19,1.09,29.1,1,1,1,0
[Cu+2],1,1,8,63.55,-0.0,0.0,0,0,0,0
COC(=O)CCCCC(=O)OC,0,0,12,174.2,0.89,52.6,0,4,5,0
ClCC(Cl)CCl,1,1,12,147.43,2.07,0.0,0,0,2,0
OCCOCCOCCO,0,0,12,150.17,-1.0,58.92,2,4,7,0
OCCN(CCO)CCO,0,0,12,149.19,-1.73,63.93,3,4,6,0
N#CN,0,0,12,42.04,-0.57,49.81,1,2,0,0
C=CCCCCCCC=C,1,1,11,138.25,3.7,0.0,0,0,7,0
CCC[CH2][Sn]([CH2]CCC)([CH2]CCC)[CH2]CCC,1,4,8,347.18,6.64,0.0,0,0,12,0
[Cl][In]([Cl])[Cl],1,2,12,221.18,1.69,0.0,0,0,0,0
CCCCOC(=O)CO,0,0,12,132.16,0.32,46.53,1,3,4,0
CCCC(=O)[O-],0,0,10,87.1,-0.46,40.13,0,2,2,0
CN(C)C(C)(C)CO,1,1,12,117.19,0.32,23.47,1,2,2,0
[As]#[In],0,0,11,189.74,-0.76,0.0,0,0,0,0
COS(=O)(=O)[O-],0,0,12,111.1,-0.91,66.43,0,4,1,0
COCCOC(=O)CC#N,0,0,12,143.14,0.09,59.32,0,4,4,0
COC(C)=O,0,0,12,74.08,0.18,26.3,0,2,0,0
N#CCCN(CCO)CCO,0,0,11,158.2,-0.81,67.49,2,4,6,0
N#CCCCC(C#N)CCC#N,0,0,10,161.21,2.12,71.37,0,3,5,0
CC(O)CC(C)O,0,0,12,104.15,0.14,40.46,2,2,2,0
FCOC(C(F)(F)F)C(F)(F)F,0,0,10,200.05,2.42,9.23,0,1,2,0
FC(F)(F)C(F)(F)C(F)(F)C(F)(F)C(F)(F)F,0,0,10,288.03,4.02,0.0,0,0,2,0
CCCCC/C=C\C/C=C\CCCCCCCC(=O)OCC,1,1,11,308.51,6.36,26.3,0,2,15,0
CC(=O)OCC[N+](C)(C)C,0,0,2,146.21,0.26,26.3,0,2,3,0
C=C[Si](OC(C)=O)(OC(C)=O)OC(C)=O,1,1,11,232.26,0.34,78.9,0,6,4,0
COCCOCCOC,0,0,12,134.18,0.3,27.69,0,3,6,0
CCCCNC(=O)OCC#CI,1,3,9,281.09,1.91,38.33,1,2,4,0
NC(=O)NNC(N)=O,0,0,10,118.1,-1.76,110.24,4,2,0,0
COC(=O)/C=C/C=C(C)/C=C/C=C(C)/C=C/C=C(C)/C=C/C=C(C)\C=C/C(=O)O,1,1,10,394.51,5.81,63.6,1,3,10,0
CC(=O)C(=O)[O-],0,0,12,87.05,-1.67,57.2,0,3,1,0
COCCCCCCCCOCCC[Si](C)(O[Si](C)(C)C)O[Si](C)(C)C,1,2,7,422.83,6.16,36.92,0,4,17,0
O=S(=O)([O-])[O-].[Li+].[Li+],0,0,12,109.94,-7.33,80.26,0,4,0,0
CCCCCBr,0,0,12,151.05,2.57,0.0,0,0,3,0
CS(=O)(=O)Cl,0,0,12,114.55,0.18,34.14,0,2,0,0
NC/C=C/C(=O)O,0,0,2,101.1,-0.41,63.32,2,2,2,0
COCCOC,0,0,12,90.12,0.28,18.46,0,2,3,0
CCOCCOCC,0,0,12,118.18,1.06,18.46,0,2,5,0
O=C(O)CCC(=O)C(=O)O,0,0,12,146.1,-0.5,91.67,2,3,4,0
S=C([S-])NCCNC(=S)[S-],1,1,11,210.37,-0.17,24.06,2,4,3,0
C[N+](=O)[O-],1,1,12,61.04,-0.11,43.14,0,2,0,0
C[N+]([O-])(CCCl)CCCl,0,0,2,172.06,1.41,23.06,0,1,4,0
CCCCC(CC)CO,0,0,12,130.23,2.2,20.23,1,1,5,0
FC(F)(F)C(F)(F)C(F)(F)C(F)(F)C(F)(F)C(F)(F)C(F)(F)C(F)(F)C(F)(F)C(F)(F)F,0,0,12,538.07,7.19,0.0,0,0,7,0
C=CC(=O)[O][Sn]([CH2]CCC)([CH2]CCC)[CH2]CCC,1,4,5,361.11,5.06,26.3,0,2,11,0
CCCCOCCOCCOCCCC,0,0,10,218.34,2.64,27.69,0,3,12,0
C#CC(C)(C)O,0,0,11,84.12,0.39,20.23,1,1,0,0
CCCCCCCCCCO,1,1,12,158.28,3.12,20.23,1,1,8,0
CCCCCCCCCCCCCO,0,0,12,200.37,4.29,20.23,1,1,11,0
CCCCCCCCO,0,0,12,130.23,2.34,20.23,1,1,6,0
CCOCCOCCO,0,0,12,134.18,0.03,38.69,1,3,6,0
CCCCCCCCCC(C)=O,0,0,12,170.3,3.72,17.07,0,1,8,0
CCCCCCCCCCCCCOC(=O)CCSCCC(=O)OCCCCCCCCCCCCC,0,0,11,542.91,10.21,52.6,0,5,30,0
CC(=O)O,0,0,12,60.05,0.09,37.3,1,1,0,0
CC(=O)OC(C)=O,0,0,12,102.09,0.1,43.37,0,3,0,0
CC(=O)C(C)O,0,0,12,88.11,-0.04,37.3,1,2,1,0
O=P(O)(O)CN(CP(=O)(O)O)CP(=O)(O)O,0,0,11,299.05,-1.31,175.83,6,4,6,0
CCC(C)S,0,0,12,90.19,1.71,0.0,1,1,1,0
NCCCNCCCN,0,0,8,131.22,-0.73,64.07,3,3,6,0
CCCCCCCCCCCCCCCCCCO,0,0,12,270.5,6.24,20.23,1,1,16,0
C=CCCCCCCCCCCCCCCCC,0,0,11,252.49,7.04,0.0,0,0,15,0
CCCCCCCC/C=C\CCCCCCCCN,0,0,2,267.5,5.98,26.02,1,1,15,0
CCCCCCCCCCCCCCCC(=O)OC,0,0,12,270.46,5.64,26.3,0,2,14,0
COC(=O)CC(=O)OC,0,0,12,132.12,-0.28,52.6,0,4,2,0
CCCC(C)C,0,0,12,86.18,2.44,0.0,0,0,2,0
CCCCCCCC[N+](CCCCCCCC)(CCCCCCCC)CCCCCCCC,1,2,3,466.9,11.25,0.0,0,0,28,0
CNC(C)CCC=C(C)C,1,1,10,141.26,2.34,12.03,1,1,4,0
O=C(O)C(Cl)(Cl)Cl,0,0,12,163.39,1.44,37.3,1,1,0,0
FC(F)(Cl)C(F)(Cl)Cl,0,0,12,187.38,2.92,0.0,0,0,1,0
CCCCCCCC(=O)OCC(COC(=O)CCCCCCC)OC(=O)CCCCCCC,0,0,12,470.69,7.07,78.9,0,6,23,0
BrC(Br)Br,0,0,12,252.73,2.45,0.0,0,0,0,0
CC/C=C/CCO,0,0,12,100.16,1.33,20.23,1,1,3,0
CC/C=C\CCO,0,0,12,100.16,1.33,20.23,1,1,3,0
COP(=O)(NC(C)=O)SC,0,0,12,183.17,1.24,55.4,1,4,3,0
CC(C)CCCC(=O)O,0,0,12,130.19,1.9,37.3,1,1,4,0
COC(C)(C)CCCC(C)CC=O,0,0,11,186.29,2.81,26.3,0,2,7,0
ClP(Cl)(Cl)(Cl)Cl,0,0,11,208.24,4.31,0.0,0,0,0,0
CCC(Cl)CC(Cl)C(Cl)C(Cl)C(Cl)C(C)Cl,1,2,10,348.96,5.45,0.0,0,0,7,0
C=C[Si](C)(C)O[Si](C)(C)C=C,0,0,12,186.4,2.86,9.23,0,1,4,0
CCCC(C)(COC(N)=O)COC(N)=O,0,0,12,218.25,0.98,104.64,2,4,6,0
O=C([O-])[C@H](O)[C@@H](O)[C@H](O)[C@H](O)CO.O=C([O-])[C@H](O)[C@@H](O)[C@H](O)[C@H](O)CO.[Ba+2],0,0,10,527.62,-10.04,282.56,10,14,10,0
O=C(CO)[C@@H](O)[C@H](O)[C@@H](O)C(=O)[O-].O=C(CO)[C@@H](O)[C@H](O)[C@@H](O)C(=O)[O-],0,0,10,386.26,-9.24,276.24,8,14,10,0
CCCC(=O)OC(=O)CCC,0,0,12,158.2,1.66,43.37,0,3,4,0
CC(C)=CCC/C(C)=C\CO,0,0,12,154.25,2.67,20.23,1,1,4,0
CCCCCCC(O)CCCCCCCCCCC(=O)O,1,2,11,300.48,5.3,57.53,2,2,16,0
CCCCOC(=O)/C=C\C(=O)OCCCC,0,0,7,228.29,2.23,52.6,0,4,8,0
CC(C)=CCC/C(C)=C/CO,1,2,12,154.25,2.67,20.23,1,1,4,0
CC(C)=CCCC(C)CCO,0,0,12,156.27,2.75,20.23,1,1,5,0
CCCCCCCC[N+](C)(C)CCCCCCCC,1,1,6,270.52,5.78,0.0,0,0,14,0
CCCCON=O,0,0,12,103.12,1.48,38.66,0,3,4,0
CCCCCCCOC(C)=O,1,1,12,158.24,2.52,26.3,0,2,6,0
OCC(CBr)(CBr)CBr,0,0,8,324.84,2.15,20.23,1,1,4,0
O=C(O)C(Cl)Br,1,1,11,173.39,1.03,37.3,1,1,1,0
O=C(O)C(Cl)(Cl)Br,0,0,11,207.84,1.6,37.3,1,1,1,0
NC(CCC(=O)O)C(=O)O,0,0,12,147.13,-0.74,100.62,3,3,4,0
OCCCCCCCl,0,0,11,136.62,1.78,20.23,1,1,5,0
O=C[C@@H](O)[C@H](O)[C@H](O)CO,0,0,12,150.13,-2.74,97.99,4,5,4,0
CC(C)=CC(=O)C=C(C)C,0,0,12,138.21,2.49,17.07,0,1,2,0
CC(C)(CCC(=O)O)C(=O)O,0,0,12,160.17,0.96,74.6,2,2,4,0
CC(=O)CCC=C(C)CCC=C(C)C,0,0,12,194.32,4.05,17.07,0,1,6,0
CC(C)(CC(=O)O)C(=O)O,0,0,12,146.14,0.57,74.6,2,2,3,0
CC(=O)C(C)=O,0,0,12,86.09,0.16,34.14,0,2,1,0
C=COCC(C)C,0,0,11,100.16,1.8,9.23,0,1,3,0
C=C(C)C(=O)OCCOCCOCCOC(=O)C(=C)C,0,0,12,286.32,1.26,71.06,0,6,11,0
CC(C)=CC=O,0,0,12,84.12,1.15,17.07,0,1,1,0
CC(C)(C#N)C(C)(C)C#N,0,0,12,136.2,2.09,47.58,0,2,1,0
CN(C)CCN(C)C,0,0,11,116.21,0.11,6.48,0,2,3,0
CSSC,0,0,12,94.2,1.63,0.0,0,2,1,0
CC(C)C(C)C,0,0,8,86.18,2.3,0.0,0,0,1,0
CCC(C)(C)C,0,0,11,86.18,2.44,0.0,0,0,0,0
CC(Cl)(Cl)[N+](=O)[O-],0,0,12,143.96,1.41,43.14,0,2,1,0
CCCCCCCCC=O,0,0,12,142.24,2.94,17.07,0,1,7,0
CC(C)C(=O)O,0,0,11,88.11,0.73,37.3,1,1,1,0
O=[N+]([O-])C(Br)Br,1,2,8,218.83,1.34,43.14,0,2,1,0
CCC(C)C(C)=O,1,1,12,100.16,1.62,17.07,0,1,2,0
CC(C)C=O,0,0,12,72.11,0.84,17.07,0,1,1,0
CC(CCC(=O)O)C(=O)O,0,0,12,146.14,0.57,74.6,2,2,4,0
CCCC(C)C(=O)O,0,0,12,116.16,1.51,37.3,1,1,3,0
NCCCNCCSP(=O)(O)O,0,0,2,214.23,-0.25,95.58,4,4,7,0
CNC(=S)NN,1,1,9,105.17,-1.05,50.08,3,2,0,0
CC(=N\O)/C(C)=N/O,0,0,12,116.12,0.69,65.18,2,4,1,0
CCCCCCCCCCCCBr,0,0,9,249.24,5.3,0.0,0,0,10,0
CC(=O)N[C@@H](C=O)[C@H](O)[C@H](O)[C@@H](O)CO,0,0,10,221.21,-3.23,127.09,5,6,6,0
O=S(=O)(O)C(F)(F)F,0,0,11,150.08,0.39,54.37,1,2,0,0
COCCOCCOCCOCCOC,0,0,11,222.28,0.33,46.15,0,5,12,0
CCO[Si](C)(OCC)OCC,0,0,12,178.3,1.66,27.69,0,3,6,0
CCCCC[Si](OCC)(OCC)OCC,0,0,11,234.41,3.23,27.69,0,3,10,0
O=C(O)CCCCCCCCCCC(=O)O,1,1,12,230.3,3.06,74.6,2,2,11,0
CCC(C)NC(N)=O,0,0,12,116.16,0.45,55.12,2,1,2,0
CCSCCCl,0,0,11,124.64,1.98,0.0,0,1,3,0
CCC[CH2][Sn]([Cl])([Cl])[CH2]CCC,1,5,6,303.85,4.51,0.0,0,0,6,0
C=C(C)C(=O)OCC(CC)CCCC,0,0,11,198.31,3.32,26.3,0,2,7,0
CO[Si](OC)(OC)OC,0,0,11,152.22,0.01,36.92,0,4,4,0
[C-]#N.[Cu+],1,1,12,89.56,0.09,23.79,0,1,0,0
CC(C)(C)C(=O)CCl,0,0,12,134.61,1.84,17.07,0,1,1,0
CCCCC(CC)COP(=O)(O)O,0,0,8,210.21,2.31,66.76,2,2,7,0
CCC(C)(C#N)/N=N/C(C)(C#N)CC,0,0,12,192.27,2.82,72.3,0,4,4,0
CC(S)C(=O)NCC(=O)O,0,0,12,163.2,-0.49,66.4,3,3,3,0
C=CCCCCCCCCC(=O)O,0,0,12,184.28,3.38,37.3,1,1,9,0
[Cd+2],1,3,6,112.41,-0.0,0.0,0,0,0,0
CCCCNC(N)=O,1,1,12,116.16,0.45,55.12,2,1,3,0
N#CCN(CC#N)CCN(CC#N)CC#N,0,0,11,216.25,-0.32,101.64,0,6,7,0
CC(O)C(CO)C(C)O,0,0,12,134.18,-0.64,60.69,3,3,3,0
COCCOCCOCCOCCOCCO,0,0,12,252.31,-0.31,66.38,1,6,14,0
CC(CC(=O)Cl)CC(C)(C)C,0,0,11,176.69,3.21,17.07,0,1,3,0
CC/C=C\CCCCCCCCCCOC(C)=O,0,0,12,254.41,5.03,26.3,0,2,12,0
CC/C=C/C/C=C/C/C=C/CCCCCCCC(=O)OCC,1,1,8,306.49,6.14,26.3,0,2,14,0
C=C(C)C(=O)OCC(C)O,0,0,12,144.17,0.49,46.53,1,3,3,0
CCCCCCCCBr,0,0,12,193.13,3.74,0.0,0,0,6,0
CCCCCCCCCCCCO,0,0,12,186.34,3.9,20.23,1,1,10,0
C=CCCCCCCCCCC,0,0,12,168.32,4.7,0.0,0,0,9,0
CCCCCCCCCCCO,0,0,12,172.31,3.51,20.23,1,1,9,0
COCCOCCOCCO,0,0,12,164.2,-0.34,47.92,1,4,8,0
CCCCCCCCCCCC,0,0,11,170.34,4.93,0.0,0,0,9,0
C[N+](C)(C)CC(O)CCl,0,0,11,152.64,0.29,20.23,1,1,3,0
C=C(C)C(=O)NCCCN(C)C,0,0,12,170.26,0.63,32.34,1,2,5,0
C=C(C)C(=O)OCC(CC)(COC(=O)C(=C)C)COC(=O)C(=C)C,0,0,11,338.4,2.74,78.9,0,6,10,0
CCCCCCCCC(CCCCCC)C(=O)O,0,0,6,256.43,5.41,37.3,1,1,13,0
CCC(CO)CO,0,0,12,104.15,-0.0,40.46,2,2,3,0
CC(CN)CC(C)(C)CCN,0,0,12,158.29,1.35,52.04,2,2,5,0
CC(C)CC(C)(N)C#N,0,0,12,126.2,1.27,49.81,1,2,2,0
CNC(=S)[S-],0,0,12,106.19,0.04,12.03,1,2,0,0
CC(C)COC(=O)CC(C(=O)OCC(C)C)S(=O)(=O)[O-],0,0,11,309.36,0.69,109.8,0,7,8,0
CCCCCCCCCCCCCCCCCC(=O)OCC(O)CO,0,0,12,358.56,5.14,66.76,2,4,19,0
[SnH2+2],0,0,12,120.73,-0.92,0.0,0,0,0,0
COCCO,0,0,11,76.09,-0.37,29.46,1,2,2,0
COC(=O)Cl,0,0,12,94.5,0.99,26.3,0,2,0,0
CCCCCCCCCCCCOCCOS(=O)(=O)[O-],0,0,7,309.45,3.4,75.66,0,5,15,0
CCCCCCCCCCCCCCCCCCOCCO,0,0,12,314.55,6.26,29.46,1,2,19,0
CCCCCCCCCCCCCCCC,0,0,10,226.45,6.49,0.0,0,0,13,0
COC(=O)C(C)O,0,0,12,104.1,-0.46,46.53,1,3,1,0
CNC(=O)O/N=C/C(C)(C)S(C)(=O)=O,0,0,12,222.27,0.15,84.83,1,5,3,0
C=CC(Cl)CCl,0,0,12,125.0,2.02,0.0,0,0,2,0
CNC[C@H](O)[C@@H](O)[C@H](O)[C@H](O)CO,1,1,12,195.21,-3.36,113.18,6,6,6,0
C[N+](C)(C)CCCCCC[N+](C)(C)C,0,0,12,202.39,1.96,0.0,0,0,7,0
COC(=O)CCCCCCCCC(=O)OC,0,0,11,230.3,2.45,52.6,0,4,9,0
O=[Se]([O-])[O-],0,0,11,126.96,-2.88,63.19,0,3,0,0
COC(=O)CCCCCCCC(=O)OC,0,0,11,216.28,2.06,52.6,0,4,8,0
CCOC(=S)[S-],1,2,11,121.21,0.85,9.23,0,3,1,0
CCCCN(CCCC)C(=S)[S-],1,1,12,204.38,2.72,3.24,0,2,6,0
CC(C)(CO)[C@@H](O)C(=O)NCCCC(=O)[O-].CC(C)(CO)[C@@H](O)C(=O)NCCCC(=O)[O-],0,0,8,464.51,-3.98,219.38,6,10,14,0
CCCCCCCCCCCCCCCCBr,0,0,12,305.34,6.86,0.0,0,0,14,0
CC(C)(C)C(=O)CC(=O)C(C)(C)C,0,0,11,184.28,2.61,34.14,0,2,2,0
CCOC(=O)C=CC(=O)O,1,1,12,144.13,0.19,63.6,1,3,3,0
N#CCNCC#N,0,0,12,95.11,-0.38,59.61,1,3,2,0
CC(=O)NCCCS(=O)(=O)[O-].CC(=O)NCCCS(=O)(=O)[O-],1,1,12,360.41,-1.88,172.6,2,8,8,0
OCCCCO,0,0,12,90.12,-0.25,40.46,2,2,3,0
CCCC=NO,0,0,12,87.12,1.25,32.59,1,2,2,0
C/C(=N\O)[C@@H](C)NCC(C)(C)CN[C@H](C)/C(C)=N/O,0,0,2,272.39,1.67,89.24,4,6,8,0
CC[S+](C)CC.O=S(=O)([N-]S(=O)(=O)C(F)(F)F)C(F)(F)F,1,1,10,385.37,2.33,82.38,0,4,4,0
[Cl][Au]([Cl])[Cl],1,3,5,303.33,2.07,0.0,0,0,0,0
NCCNCCNCCNCCN,0,0,10,189.31,-2.33,88.13,5,5,10,0
C=CC(=O)OCCOCCOCCOCCOC(=O)C=C,1,4,8,302.32,0.49,80.29,0,7,14,0
O=C[O-],0,0,12,45.02,-1.63,40.13,0,2,0,0
CCO[Si](CC)(OCC)OCC,0,0,11,192.33,2.05,27.69,0,3,7,0
CCC=O,0,0,12,58.08,0.6,17.07,0,1,1,0
O=C(O)CC(=O)O,1,1,12,104.06,-0.45,74.6,2,2,2,0
CC(=O)C(=O)O,1,1,12,88.06,-0.34,54.37,1,2,1,0
CCCCCCCCCCCCCCC(=O)O,0,0,10,242.4,5.16,37.3,1,1,13,0
CCCCC(=O)O,1,1,12,102.13,1.26,37.3,1,1,3,0
O=[N+]([O-])[O-].[Na+],0,0,12,84.99,-3.24,66.2,0,3,0,0
O=C(O)CN(CC(=O)O)CC(=O)O,1,1,12,191.14,-1.46,115.14,3,4,6,0
N#CCCC(Br)(C#N)CBr,1,1,7,265.94,2.34,47.58,0,2,3,0
CCOP(=O)(OCC)SCCSCC,0,0,11,258.34,3.65,35.53,0,5,9,0
CCCCN,0,0,11,73.14,0.75,26.02,1,1,2,0
N#CCC#N,1,2,7,66.06,0.42,47.58,0,2,0,0
CCNCC,0,0,12,73.14,0.62,12.03,1,1,2,0
CCCCCCCCCC(=O)N(C)C,0,0,12,199.34,3.22,20.31,0,1,8,0
C=CC(=O)[O-].C=CC(=O)[O-].[Zn+2],0,0,10,207.5,-2.16,80.26,0,4,2,0
CC(CCO)CCCC(C)(C)O,0,0,10,174.28,1.95,40.46,2,2,6,0
C=C(C)C(=O)OCCOCCOCCOCCOC(=O)C(=C)C,1,1,11,330.38,1.27,80.29,0,7,14,0
CCCCCl,0,0,11,92.57,2.03,0.0,0,0,2,0
OCCBr,1,1,12,124.97,0.37,20.23,1,1,1,0
CCCCC/C=C\C=C\C(=O)OCC,1,1,7,196.29,3.24,26.3,0,2,7,0
CC(C)CCCO,0,0,11,102.18,1.41,20.23,1,1,3,0
CC/C=C/CCCCCCCCCCOC(C)=O,0,0,12,254.41,5.03,26.3,0,2,12,0
C/C=C/C/C=C\CCCCCCCCOC(C)=O,1,1,9,252.4,4.8,26.3,0,2,11,0
C/C=C/C=C/CCCCCCCO,1,1,11,182.31,3.45,20.23,1,1,8,0
C=CC(=O)OCCCCOC(=O)C=C,1,4,9,198.22,1.22,52.6,0,4,7,0
CCCCCCI,0,0,11,212.07,3.0,0.0,0,0,4,0
CCCCCCCCCCCCCCCBr,0,0,12,291.32,6.47,0.0,0,0,13,0
CCOC(=O)CS,1,1,10,120.17,0.48,26.3,1,3,2,0
CCCOC(=O)C(C)O,0,0,12,132.16,0.32,46.53,1,3,3,0
CC(O)CN(CCN(CC(C)O)CC(C)O)CC(C)O,0,0,12,292.42,-0.89,87.4,4,6,11,0
CC(C)(C#N)/N=N/C(C)(C)C#N,0,0,12,164.21,2.04,72.3,0,4,2,0
CC/C=C\C#N,0,0,11,81.12,1.48,23.79,0,1,1,0
CC(C)S,0,0,11,76.16,1.32,0.0,1,1,0,0
COP(OC)OC,0,0,11,124.08,1.15,27.69,0,3,3,0
C[Se]CC[C@H](N)C(=O)O,0,0,10,196.11,-0.04,63.32,2,2,4,0
CCOC(=O)N(C)C(=O)CSP(=S)(OCC)OCC,1,1,12,329.38,2.63,65.07,0,7,8,0
CC/C=C\CC/C=C/CO,0,0,12,140.23,2.28,20.23,1,1,5,0
C=C(C)CCC[C@H](C)CCO,0,0,12,156.27,2.75,20.23,1,1,6,0
CCCC(C)C(=O)OCC,0,0,11,144.21,1.99,26.3,0,2,4,0
CN(C)C(=S)SC(=S)N(C)C,1,3,6,208.38,1.41,6.48,0,3,0,0
CN(C)C(=S)SSC(=S)N(C)C,1,3,7,240.44,2.06,6.48,0,4,0,0
OC[P+](CO)(CO)CO.OC[P+](CO)(CO)CO,1,1,9,310.22,-2.39,161.84,8,8,8,0
OC[P+](CO)(CO)CO,1,1,11,155.11,-1.2,80.92,4,4,4,0
O=[N+]([O-])C([N+](=O)[O-])([N+](=O)[O-])[N+](=O)[O-],1,1,12,196.03,-1.3,172.56,0,8,4,0
CCCC(CC)CCCCCCCN,0,0,11,199.38,4.11,26.02,1,1,10,0
C=C(C)C(=O)OCC,0,0,12,114.14,1.13,26.3,0,2,2,0
CCOS(C)(=O)=O,0,0,12,124.16,-0.02,43.37,0,3,2,0
COP(=O)(O)OP(=O)(O)OC,0,0,10,206.03,0.5,102.29,2,5,4,0
CCCCC(CC)COCCCN,0,0,9,187.33,2.57,35.25,1,2,9,0
CCCCC(CC)COCCC#N,0,0,12,183.29,3.13,33.02,0,2,8,0
C[Si](C)(C)O[Si](C)(C)C,0,0,12,162.38,2.67,9.23,0,1,2,0
C=C(C)CC(C)(C)C,0,0,12,112.22,3.0,0.0,0,0,1,0
CC(C)=CC(C)(C)C,0,0,12,112.22,3.0,0.0,0,0,0,0
CCC(C=O)CC,0,0,12,100.16,1.62,17.07,0,1,3,0
OCC(Br)=C(Br)CO,0,0,9,245.9,0.97,40.46,2,2,2,0
BrC/C=C/CBr,0,0,11,213.9,2.33,0.0,0,0,2,0
N#CC(Br)Br,1,2,12,198.84,1.63,23.79,0,1,0,0
CCCCCCCCCCCCCCCCCC[N+](C)(C)CCC[Si](OC)(OC)OC,1,2,10,460.84,7.59,27.69,0,3,24,0
C=C(C#N)CCC#N,1,1,12,106.13,1.37,47.58,0,2,2,0
CCCCOCCOCCOCCOCCO,0,0,11,250.33,0.85,57.15,1,5,14,0
O=S(=O)([O-])CCO,0,0,12,125.12,-1.48,77.43,1,4,2,0
C=CCOCC(O)CS(=O)(=O)[O-],0,0,11,195.22,-0.9,86.66,1,5,6,0
C=C(C)C(=O)O,0,0,12,86.09,0.65,37.3,1,1,1,0
NS(=O)(=O)C(F)(F)C(F)(F)C(F)(F)C(F)(F)C(F)(F)C(F)(F)C(F)(F)C(F)(F)F,1,4,9,499.14,4.24,60.16,1,2,7,0
C=CC(C)CCCC(C)(C)O,0,0,12,156.27,2.75,20.23,1,1,5,0
COC(=O)CCC(=O)OC,0,0,12,146.14,0.11,52.6,0,4,3,0
COP(=O)(O)OC,0,0,12,126.05,0.38,55.76,1,3,2,0
CNC(=O)NC,0,0,12,88.11,-0.45,41.13,2,1,0,0
[Cl][Dy]([Cl])[Cl],0,0,10,268.86,2.07,0.0,0,0,0,0
CS(=O)(=O)OCCCCOS(C)(=O)=O,1,1,12,246.31,-0.28,86.74,0,6,7,0
CCCSSCCC,0,0,12,150.31,3.19,0.0,0,2,5,0
CC(C)C[C@H](CN)CC(=O)O,1,1,10,159.23,1.08,63.32,2,2,5,0
NCCC(O)(P(=O)(O)O)P(=O)(O)O,0,0,2,235.07,-1.66,161.31,6,4,4,0
NCCCN(CCO)CCO,0,0,12,162.23,-1.38,69.72,3,4,7,0
N#CC(Cl)(Cl)Cl,0,0,11,144.39,1.88,23.79,0,1,0,0
NC(=O)C(Cl)(Cl)Cl,1,2,12,162.4,0.84,43.09,1,1,0,0
CC(=O)C(Cl)(Cl)Cl,1,1,7,161.42,1.95,17.07,0,1,0,0
CCOCCOC(C)=O,0,0,12,132.16,0.59,35.53,0,3,4,0
CCCCCCBr,0,0,12,165.07,2.96,0.0,0,0,4,0
CCNCCO,1,1,12,89.14,-0.41,32.26,2,2,3,0
FB(F)F,0,0,12,67.81,0.88,0.0,0,0,0,0
CCCCOCCCC,0,0,12,130.23,2.6,9.23,0,1,6,0
CCCCC(CC)CNCC(CC)CCCC,0,0,9,241.46,5.01,12.03,1,1,12,0
CCCCCCCC[N+](C)(CCCCCCCC)CCCCCCCC.O=S(=O)([O-])C(F)(F)F,1,1,2,517.78,8.57,57.2,0,3,21,0
CN(C)N=O,0,0,12,74.08,0.23,32.67,0,2,1,0
CCN(CC)N=O,1,1,12,102.14,1.01,32.67,0,2,3,0
CCC(Cl)CCC(Cl)C(Cl)CC(Cl)C(Cl)C(Cl)CCl,0,0,10,411.46,6.45,0.0,0,0,10,0
OC(O)C(Cl)(Cl)Cl,0,0,11,165.4,0.67,40.46,2,2,0,0
CCCC[P+](CC)(CCCC)CCCC.CCOP(=O)([O-])OCC,0,0,12,384.48,5.95,58.59,0,4,14,0
CCC(C)(CCCC(C)C)OC(C)=O,0,0,12,200.32,3.54,26.3,0,2,6,0
CC/C=C\CCOC(C)=O,0,0,12,142.2,1.91,26.3,0,2,4,0
CC(C)=CCC/C(C)=C/C=C\C(C)=C\C=C\C(C)=C\C=C/C=C(C)/C=C/C=C(C)/C=C\C=C(/C)CCC=C(C)C,1,3,10,536.89,12.94,0.0,0,0,16,0
CCC(O)C(C)(C)C,0,0,11,116.2,1.8,20.23,1,1,1,0
CCC(C)(C)C(=O)O,0,0,9,116.16,1.51,37.3,1,1,2,0
ClC(Cl)=C(Cl)Cl,0,0,10,165.83,3.07,0.0,0,0,0,0
ClC(Cl)C(Cl)Cl,0,0,12,167.85,2.59,0.0,0,0,1,0
ClCC(Cl)(Cl)Cl,0,0,12,167.85,2.6,0.0,0,0,0,0
O=C=NCCCCCCN=C=O,0,0,12,168.2,1.22,58.86,0,4,7,0
CCOC(=O)C(C)O,0,0,12,118.13,-0.07,46.53,1,3,2,0
OCCSCSCCO,0,0,12,168.28,0.39,40.46,2,4,6,0
CC(=O)[O-].[Na+],0,0,12,82.03,-4.24,40.13,0,2,0,0
CC(=O)[O-].[K+],0,0,12,98.14,-4.24,40.13,0,2,0,0
CC(C)CC(C)(O)C#CC(C)(O)CC(C)C,1,2,11,226.36,2.58,40.46,2,2,4,0
CCCCCCCCCCCC(=O)[O][Sn]([CH2]CCC)([CH2]CCC)[O]C(=O)CCCCCCCCCCC,1,2,12,631.57,10.96,52.6,0,4,28,0
O=C(Cl)C(Cl)Cl,0,0,11,147.39,1.56,17.07,0,1,1,0
CCCCCCCCCCCC[N+](C)(C)CCCCCCCCCCCC,1,1,2,382.74,8.9,0.0,0,0,22,0
CC(=O)OC/C=C(\C)CC/C=C(\C)CCC=C(C)C,1,1,12,264.41,4.97,26.3,0,2,8,0
CN(C)CCC#N,0,0,12,98.15,0.46,27.03,0,2,2,0
CO[Si](CCCNCCN)(OC)OC,0,0,12,222.36,-0.2,65.74,2,5,9,0
CC(C)=CCCC(C)=CC(=O)O,0,0,12,168.24,2.76,37.3,1,1,4,0
CCCCO[PH](=O)OCCCC,0,0,12,194.21,3.01,35.53,0,3,8,0
CCCCCCCCCCCCCCCC(=O)OCC(COC(=O)CCCCCCCCCCCCCCC)OC(=O)CCCCCCCCCCCCCCC,0,0,9,807.34,16.43,78.9,0,6,47,0
CC(C)(C)C(=O)NCCCC(=O)O,0,0,11,187.24,1.01,66.4,2,2,4,0
FC(F)(F)C(F)(F)C(F)(F)C(F)(F)C(F)(F)C(F)(F)CCI,0,0,12,474.0,5.55,0.0,0,0,6,0
C/C=C(\C)C(=O)OCC/C=C\CC,0,0,12,182.26,2.85,26.3,0,2,5,0
CC/C=C\CCOC(=O)CCCCC,0,0,12,198.31,3.47,26.3,0,2,8,0
CCCCCCCCCCCCN(CCO)CCO,0,0,3,273.46,3.19,43.7,2,3,15,0
OC[C@@H](O)[C@H](O)[C@@H](O)[C@@H](O)CO,0,0,11,182.17,-3.59,121.38,6,6,5,0
CC(CCO)CC(C)(C)C,0,0,12,144.26,2.44,20.23,1,1,3,0
CCCCCCC[CH2][Sn]([Cl])([Cl])[CH2]CCCCCCC,1,2,4,416.07,7.63,0.0,0,0,14,0
C=CC(C)(O)CC/C=C(\C)CCC=C(C)C,1,1,10,222.37,4.4,20.23,1,1,7,0
CCSC(=O)N(CC)CC,0,0,12,161.27,2.2,20.31,0,2,3,0
CCCCC(CC)COCCO,0,0,12,174.28,2.21,29.46,1,2,8,0
COCCCOCCCOC,0,0,12,162.23,1.08,27.69,0,3,8,0
CCCCCC[C@@H](O)C/C=C\CCCCCCCC(=O)[O-],1,1,10,297.46,3.74,60.36,1,3,15,0
O=N[O-],0,0,12,46.01,0.25,52.49,0,3,0,0
CCCCCCCCCC(=O)N[O-],0,0,9,186.28,2.74,52.16,1,2,8,0
ClCCBr,0,0,12,143.41,1.62,0.0,0,0,1,0
COC(=O)C(C)(C)C,0,0,12,116.16,1.21,26.3,0,2,0,0
CC(Br)C(=O)O,0,0,12,152.97,0.85,37.3,1,1,1,0
O=C(O)CN(CCN(CC(=O)O)CC(=O)O)CCN(CC(=O)O)CC(=O)O,1,1,9,393.35,-2.68,196.22,5,8,16,0
CCCCCCCCCCC(=O)O,0,0,12,186.29,3.6,37.3,1,1,9,0
CCOC(=O)CC(SP(=S)(OC)OC)C(=O)OCC,0,0,11,330.36,2.12,71.06,0,8,9,0
CCOC(=O)CC(SP(=O)(OC)OC)C(=O)OCC,1,1,12,314.3,2.01,88.13,0,8,9,0
S=C([S-])NCCNC(=S)[S-].[Mn+2],1,1,12,265.31,-0.17,24.06,2,4,3,0
OC[C@@H](O)C(O)[C@H](O)CO,0,0,10,152.15,-2.95,101.15,5,5,4,0
C=C(C)C(=O)NCCC[N+](C)(C)C,0,0,12,185.29,0.77,29.1,1,1,5,0
NNC(N)=O,0,0,12,75.07,-1.47,81.14,3,2,0,0
OCCCCCCCCCCCCBr,1,2,8,265.23,4.27,20.23,1,1,11,0
COS(=O)(=O)C(F)(F)F,1,1,10,164.1,0.48,43.37,0,3,1,0
CC(COCCO)OCCO,0,0,12,164.2,-0.61,58.92,2,4,7,0
N#CCC(=O)NN,0,0,2,99.09,-1.11,78.91,2,3,1,0
OCC#CCO,0,0,12,86.09,-1.03,40.46,2,2,0,0
O=C(O)C(Br)CBr,0,0,9,231.87,1.23,37.3,1,1,2,0
CCNS(=O)(=O)C(F)(F)C(F)(F)C(F)(F)C(F)(F)C(F)(F)C(F)(F)C(F)(F)C(F)(F)F,1,1,10,527.2,4.89,46.17,1,2,9,0
C=CC(=O)NC(C)(C)CS(=O)(=O)[O-],0,0,10,206.24,-0.39,86.3,1,4,4,0
CCCCCCCCS(=O)(=O)[O-],0,0,12,193.29,1.89,57.2,0,3,7,0
O=C([O-])CS,0,0,11,91.11,-1.33,40.13,1,3,1,0
CC(C)OB(OC(C)C)OC(C)C,0,0,12,188.08,2.25,27.69,0,3,6,0
CC(C)CCCCCOC(=O)CS,0,0,9,204.34,2.68,26.3,1,3,7,0
CCC(O)OCC(C)OC(O)CC,0,0,12,192.25,0.86,58.92,2,4,7,0
C=CC(=O)OCCC(=O)O,1,1,11,144.13,0.19,63.6,1,3,4,0
CCC(C)(CCC(C)C)C(=O)[O-].CCC(C)(CCC(C)C)C(=O)[O-].[Zn+2],0,0,12,407.91,3.18,80.26,0,4,10,0
O=S(=O)([O-])SSS(=O)(=O)[O-],0,0,11,224.26,-0.71,114.4,0,8,3,0
CCCCCCCCCCCC(=O)OCC,0,0,12,228.38,4.47,26.3,0,2,11,0
CCCCOC(=O)C(C)CC,0,0,11,158.24,2.38,26.3,0,2,5,0
CCCCCCCCCCCCOCCOCCOCCOCCOCCOCCOCCOCCOCCO,1,1,5,582.82,4.05,103.3,1,10,37,0
C=C(C)C(=O)OCCC(C)OC(=O)C(=C)C,0,0,11,226.27,2.0,52.6,0,4,6,0
BrCC(Br)(Br)Br,1,2,8,345.65,3.22,0.0,0,0,0,0
BrC(Br)C(Br)Br,0,0,11,345.65,3.22,0.0,0,0,1,0
C=CC(=C)CCC=C(C)C,1,1,11,136.24,3.48,0.0,0,0,4,0
CS(C)=O,1,1,12,78.14,-0.01,17.07,0,1,0,0
CO,0,0,12,32.04,-0.39,20.23,1,1,0,0
CCCO,0,0,12,60.1,0.39,20.23,1,1,1,0
CNC(=O)OCC[N+](C)(C)C,0,0,9,161.22,0.05,38.33,1,2,3,0
CCCCOC(=O)CCCCCCCCC(=O)OCCCC,0,0,12,314.47,4.79,52.6,0,4,15,0
CCCCCCCCN(C)C,0,0,12,157.3,2.91,3.24,0,1,7,0
CCCCCCCCCCCC(=O)N(C)CC(=O)[O-],0,0,12,270.39,2.12,60.44,0,3,12,0
CCC(C)CO,1,1,12,88.15,1.02,20.23,1,1,2,0
CCCCCC/C=C\CCCCCCCC(=O)O,1,1,11,254.41,5.33,37.3,1,1,13,0
CC(=O)CC(=O)N(C)C,0,0,12,129.16,0.05,37.38,0,2,2,0
CCCCCCCCCCCSCC(=O)O,1,1,9,246.42,4.34,37.3,1,2,12,0
COC(CC(C)CCCC(C)(C)O)OC,0,0,12,218.34,2.57,38.69,1,3,8,0
C=CC(C)(O)CC/C=C(/C)CCC=C(C)C,0,0,10,222.37,4.4,20.23,1,1,7,0
COC(=O)CC(C(C)=O)C(=O)OC,0,0,11,188.18,-0.07,69.67,0,5,4,0
C=CC(C)(O)CCC=C(C)C,0,0,12,154.25,2.67,20.23,1,1,4,0
CCCCC/C=C\C/C=C\CCCCCCCC(=O)O,1,1,12,280.45,5.88,37.3,1,1,14,0
CC/C=C\C/C=C\C/C=C\CCCCCCCC(=O)O,1,3,12,278.44,5.66,37.3,1,1,13,0
COCCC#N,0,0,12,85.11,0.55,33.02,0,2,2,0
O=C(O)CCSSCCC(=O)O,0,0,12,210.28,1.32,74.6,2,4,7,0
CNC(=S)N(C)C,0,0,12,118.2,0.05,15.27,1,1,0,0
CCCOCCC,0,0,12,102.18,1.82,9.23,0,1,4,0
CSC(C)(C)/C=N\O,0,0,11,133.22,1.59,32.59,1,3,2,0
N#CCCCl,0,0,12,89.53,1.14,23.79,0,1,1,0
ClCBr,0,0,11,129.38,1.58,0.0,0,0,0,0
O=C([O-])C(=O)[O-].[Ca+2],0,0,12,128.1,-3.89,80.26,0,4,0,0
C=CC(C)(C)C,0,0,11,84.16,2.22,0.0,0,0,0,0
CCCCCCCCCCCCCCCC[N+](C)(C)C,1,3,7,284.55,6.17,0.0,0,0,15,0
[Br][Ca][Br],0,0,10,199.89,1.31,0.0,0,0,0,0
CCOC(=O)CC(CC(=O)OCC)(OC(C)=O)C(=O)OCC,0,0,11,318.32,0.76,105.2,0,8,9,0
NCCN,0,0,12,60.1,-1.1,52.04,2,2,1,0
OCCC(F)(F)C(F)(F)C(F)(F)C(F)(F)C(F)(F)C(F)(F)F,0,0,12,364.1,4.11,20.23,1,1,6,0
CCCC[P+](C)(CCCC)CCCC.COS(=O)(=O)[O-],0,0,7,328.45,4.13,66.43,0,4,10,0
CN(C)N,0,0,12,60.1,-0.58,29.26,1,2,0,0
CN(C)C=O,0,0,12,73.09,-0.3,20.31,0,1,1,0
CN(C)C(=O)Cl,0,0,12,107.54,0.91,20.31,0,1,0,0
C#CC(O)(/C=C\Cl)CC,0,0,2,144.6,1.51,20.23,1,1,2,0
BrCCCCCCBr,0,0,11,243.97,3.34,0.0,0,0,5,0
O=P([O-])(O)C(Cl)(Cl)P(=O)([O-])O,0,0,10,242.88,-0.83,120.72,2,4,2,0
CCCCOC(CC)OC(C)COC(O)CC,0,0,12,248.36,2.69,47.92,1,4,11,0
NCCOCCOCCN,0,0,10,148.21,-1.06,70.5,2,4,7,0
CCOP(OCC)OCC,0,0,12,166.16,2.32,27.69,0,3,6,0
CC(C)CC(=O)CC(C)CC(C)C,0,0,12,184.32,3.67,17.07,0,1,6,0
C=O,0,0,11,30.03,-0.18,17.07,0,1,0,0
CCCCCCCCCC(=O)NO,1,1,8,187.28,2.63,49.33,2,2,8,0
CCC(C)C(N)C(=O)O,0,0,2,131.18,0.44,63.32,2,2,3,0
CCCCCCC(C)(C)S,0,0,12,160.33,3.67,0.0,1,1,5,0
CC(=O)OC/C=C(/C)CCC=C(C)C,0,0,12,196.29,3.24,26.3,0,2,5,0
CCCC(=O)C(C)=O,0,0,12,114.14,0.94,34.14,0,2,3,0
CCC/C=C/CO,0,0,12,100.16,1.33,20.23,1,1,3,0
CCCCCCCCCCCCCCCCC,1,1,12,240.47,6.88,0.0,0,0,14,0
CCC(C)(CCC(C)C)C(=O)[O-].CCC(C)(CCC(C)C)C(=O)[O-],0,0,12,342.52,3.18,80.26,0,4,10,0
CCOC(=O)/C=C(\C)[O][Ti]([O]/C(C)=C/C(=O)OCC)([O]C(C)C)[O]C(C)C,0,0,10,424.31,3.62,89.52,0,8,12,0
O=C(O)CC(C(=O)O)S(=O)(=O)O,0,0,11,198.15,-1.2,128.97,3,4,4,0
CCCCCCCCCCCCCCCCCCOC[C@H](COP(=O)([O-])OCC[N+](C)(C)C)OC,0,0,9,523.74,6.49,77.05,0,6,27,0
NCCCC(N)(C(=O)O)C(F)F,0,0,11,182.17,-0.23,89.34,3,3,5,0
CCCCCCCCCCCCCCC[C@H](O)[C@@H](N)CO,0,0,10,301.51,4.15,66.48,3,3,16,0
CCCCCCC(O)CO,0,0,11,146.23,1.31,40.46,2,2,6,0
C=CC(=O)OCCCCCC,0,0,12,156.22,2.3,26.3,0,2,6,0
CCCSP(=O)(OCC)SCCC,0,0,12,242.35,4.42,26.3,0,4,8,0
CCOP(=S)(OCC)OC(Cl)C(Cl)(Cl)Cl,1,2,9,336.0,4.24,27.69,0,4,6,0
CCC(=O)OC(=O)CC,0,0,11,130.14,0.88,43.37,0,3,2,0
N#C/C(N)=C(/N)C#N,1,1,12,108.1,-0.84,99.62,2,4,0,0
NCCCCCCN,0,0,12,116.21,0.46,52.04,2,2,5,0
CCC[CH2][Sn]([CH2]CCC)([CH2]CCC)[O][Sn]([CH2]CCC)([CH2]CCC)[CH2]CCC,1,4,6,596.12,9.69,9.23,0,1,20,0
CC(CCl)OC(C)CCl,0,0,12,171.07,2.26,9.23,0,1,4,0
OCC(CO)(CBr)CBr,0,0,12,261.94,0.75,40.46,2,2,4,0
ClCCOCCCl,0,0,12,143.01,1.48,9.23,0,1,4,0
O=C(O)CN(CCN(CC(=O)O)CC(=O)O)CC(=O)O,0,0,12,292.24,-2.07,155.68,4,6,11,0
CCCCCCCCCCCCCCCl,0,0,12,232.84,5.93,0.0,0,0,12,0
CCCCN=C=O,0,0,12,99.13,1.12,29.43,0,2,3,0
OCCSCCO,0,0,12,122.19,-0.3,40.46,2,3,4,0
[P]#[In],0,0,11,145.79,0.48,0.0,0,0,0,0
O=C(O)CC(Cl)C(=O)O,1,2,12,152.53,0.15,74.6,2,2,3,0
N#CCCl,1,1,11,75.5,0.75,23.79,0,1,0,0
CCCC(C)(COC(N)=O)COC(=O)NC(C)C,0,0,12,260.33,2.02,90.65,2,4,7,0
CCCCCCCCCCCCCCCO,0,0,12,228.42,5.07,20.23,1,1,13,0
[Mn+2],1,1,11,54.94,-0.0,0.0,0,0,0,0
CCC(C)Cl,0,0,12,92.57,2.02,0.0,0,0,1,0
CCCCO,0,0,9,74.12,0.78,20.23,1,1,2,0
CC(C)CON=O,0,0,12,103.12,1.34,38.66,0,3,3,0
FC(F)OC(Cl)C(F)(F)F,0,0,12,184.49,2.35,9.23,0,1,2,0
CCCCCCCCOCCC#N,0,0,12,183.29,3.28,33.02,0,2,9,0
CCCCC#N,0,0,12,83.13,1.7,23.79,0,1,2,0
CCCCC(=O)N(C)C,0,0,12,129.2,1.26,20.31,0,1,3,0
C=C(CC(=O)O)C(=O)O,0,0,12,130.1,0.1,74.6,2,2,3,0
CC(C)C(=O)OC(=O)C(C)C,0,0,12,158.2,1.37,43.37,0,3,2,0
CC(O)CCl,0,0,12,94.54,0.61,20.23,1,1,1,0
CCCCN(CCC(=O)OCC)C(C)=O,0,0,12,215.29,1.59,46.61,0,3,7,0
COC(=O)C=C(C)N,0,0,2,115.13,0.02,52.32,1,3,1,0
CC(=O)CCC(=O)[O-].CC(=O)CCC(=O)[O-],1,1,10,230.22,-1.79,114.4,0,6,6,0
O=C([O-])[O-].[Sr+2],0,0,10,147.63,-2.83,63.19,0,3,0,0
CC(C)CCCC(C)N,0,0,1,129.25,2.16,26.02,1,1,4,0
CC(=O)N[C@@H](CCC(=O)O)C(=O)O,0,0,10,189.17,-0.56,103.7,3,3,5,0
C=CC(=O)OC(C)(C)C,0,0,12,128.17,1.51,26.3,0,2,1,0
CC(C)OC(C)C,0,0,12,102.18,1.82,9.23,0,1,2,0
CCCCOC(=O)C(C)O,0,0,12,146.19,0.71,46.53,1,3,4,0
CNC(=S)NC,0,0,12,104.18,-0.29,24.06,2,1,0,0
CCCCCCCCCC[N+](C)(C)[O-],0,0,11,201.35,3.7,23.06,0,1,9,0
CC(C)(N)C#N,0,0,11,84.12,0.25,49.81,1,2,0,0
CCCCCCCCCCC=CC#N,0,0,12,193.33,4.6,23.79,0,1,9,0
CCCCCCC,1,1,11,100.2,2.98,0.0,0,0,4,0
ClCCOCCOCCCl,0,0,12,187.07,1.5,18.46,0,2,7,0
CC(C)=CCC/C(C)=C/CC/C(C)=C/CC/C=C(\C)CC/C=C(\C)CCC=C(C)C,0,0,10,410.73,10.6,0.0,0,0,15,0
NC(=O)CF,0,0,12,77.06,-0.56,43.09,1,1,1,0
CC(C)(C)Cl,1,1,12,92.57,2.02,0.0,0,0,0,0
CC(C)[O][Ti]([O]CCN(CCO)CCO)([O]CCN(CCO)CCO)[O]C(C)C,0,0,11,462.41,-0.74,124.32,4,10,20,0
CCCCCCCCCCCCSC,0,0,12,216.43,5.27,0.0,0,1,11,0
CCCCC(CC)COC(=O)OOC(C)(C)C,0,0,11,246.35,4.09,44.76,0,4,7,0
CCCCC(CC)CO[PH](=O)OCC(CC)CCCC,0,0,12,306.43,5.84,35.53,0,3,14,0
CCCCCCCCCCCCCCCCCCN(C)C,0,0,2,297.57,6.81,3.24,0,1,17,0
CCCCOCCOCCOC(C)=O,0,0,12,204.27,1.38,44.76,0,4,9,0
CCCCOC(=O)CC#N,0,0,11,141.17,1.24,50.09,0,3,4,0
CCCC(CCC)C(=O)O,0,0,12,144.21,2.29,37.3,1,1,5,0
CC(C)(C)NCCO,0,0,12,117.19,0.37,32.26,2,2,2,0
C=CC(N)CCC(=O)O,0,0,10,129.16,0.36,63.32,2,2,4,0
N#CC(Br)(Br)C(N)=O,0,0,9,241.87,0.48,66.88,1,2,1,0
CCCC/C=C/C=C\C=O,1,1,12,138.21,2.49,17.07,0,1,5,0
CC(C)=CCCC(C)CC(=O)O,0,0,11,170.25,2.84,37.3,1,1,5,0
O=C(O)C(O)C(O)C(=O)O,0,0,12,150.09,-2.12,115.06,4,4,3,0
CC(C)CCCC(C)CCCC(C)CCCCC(C)CCCC(C)CCCC(C)C,0,0,1,422.83,11.08,0.0,0,0,21,0
CC(C)(O)C(=O)O,0,0,12,104.1,-0.16,57.53,2,2,1,0
CCCCOP(=O)(O)OCCCC,1,1,11,210.21,2.72,55.76,1,3,8,0
CCCO[Si](OCCC)(OCCC)OCCC,0,0,12,264.44,3.13,36.92,0,4,12,0
CCCC(=O)Cl,0,0,12,106.55,1.55,17.07,0,1,2,0
CCCCCCCCCl,1,1,12,148.68,3.59,0.0,0,0,6,0
CC(Cl)C(=O)O,0,0,11,108.52,0.7,37.3,1,1,1,0
O=C(O)CCCl,0,0,12,108.52,0.7,37.3,1,1,2,0
[O]=[Cd],0,0,11,128.41,-0.12,17.07,0,1,0,0
C=CC(C)(CCC=C(C)C)OC(=O)C(C)C,0,0,12,224.34,3.88,26.3,0,2,6,0
CC(C)OC=O,1,1,12,88.11,0.57,26.3,0,2,2,0
CCOC(=O)/C=C/C(=O)OCC,1,1,12,172.18,0.67,52.6,0,4,4,0
CCC(C)COC(C)=O,0,0,11,130.19,1.6,26.3,0,2,3,0
S=C=S,0,0,12,76.15,1.02,0.0,0,2,0,0
CC(CCl)OP(=O)(OC(C)CCl)OC(C)CCl,0,0,12,327.57,4.03,44.76,0,4,9,0
ClCCOP(OCCCl)OCCCl,0,0,12,269.49,2.98,27.69,0,3,9,0
CCOC(=O)OCC,0,0,12,118.13,1.18,35.53,0,3,2,0
C=CC(=O)OCCOCCOC(=O)C=C,1,5,10,214.22,0.46,61.83,0,5,8,0
CCOCCOCCOCC,1,1,10,162.23,1.08,27.69,0,3,8,0
CCOP(=S)(OCC)SCCSCC,0,0,12,274.41,3.77,18.46,0,5,9,0
COCCOCCO,0,0,12,120.15,-0.36,38.69,1,3,5,0
CCCCCCCC/C=C\CCCCCCCCO,0,0,12,268.48,6.02,20.23,1,1,15,0
ClC(Cl)(Cl)Br,0,0,12,198.27,2.71,0.0,0,0,0,0
O=S(=O)([O-])C(F)(F)C(F)(F)C(F)(F)C(F)(F)C(F)(F)C(F)(F)C(F)(F)C(F)(F)F,0,0,9,499.12,4.5,57.2,0,3,7,0
O=C(O)CO,0,0,11,76.05,-0.94,57.53,2,2,1,0
O=CC=O,1,1,12,58.04,-0.62,34.14,0,2,1,0
O=S(=O)([O-])CCS,0,0,12,141.19,-0.54,57.2,1,4,2,0
CCCCCCCCCCCCSCCOCCO,0,0,11,290.51,4.65,29.46,1,3,16,0
FC(F)(F)COCC(F)(F)F,0,0,9,182.06,2.13,9.23,0,1,2,0
OCC(O)CS,0,0,10,108.16,-0.73,40.46,3,3,2,0
[Be+2],0,0,11,9.01,-0.38,0.0,0,0,0,0
COCCOCCOCCOCCO,0,0,11,208.25,-0.33,57.15,1,5,11,0
CCCCCCCCCCCCCCCCCCCl,0,0,12,288.95,7.49,0.0,0,0,16,0
CC/C(C)=N/O[Si](C)(O/N=C(\C)CC)O/N=C(\C)CC,0,0,11,301.46,3.96,64.77,0,6,9,0
CC(C)(C)C(=O)C(Cl)Cl,0,0,12,169.05,2.41,17.07,0,1,1,0
CCCCCCC(CCCCCCCCCCC(=O)OCC(COC(C)=O)OC(C)=O)OC(C)=O,0,0,12,500.67,5.83,105.2,0,8,22,0
C=CC(C)(CCC=C(C)C)OC=O,0,0,12,182.26,2.85,26.3,0,2,6,0
CCCCCCCCCCCCOC(C)=O,0,0,11,228.38,4.47,26.3,0,2,11,0
CC(C)=CCC/C(C)=C/CC/C(C)=C/CO,0,0,8,222.37,4.4,20.23,1,1,7,0
F[B-](F)(F)F,0,0,12,86.8,1.3,0.0,0,0,0,0
C=CCOC(=O)CCCCCC,0,0,11,170.25,2.69,26.3,0,2,7,0
O=S(=O)(Cl)Cl,0,0,10,134.97,0.71,34.14,0,2,0,0
C=C(Cl)CSC(=S)N(CC)CC,1,1,10,223.79,3.1,3.24,0,2,4,0
O=S(=O)([O-])[S-],0,0,12,112.13,-1.01,57.2,0,4,0,0
C=CC(C)=O,0,0,12,70.09,0.76,17.07,0,1,1,0
CCCCC(CC)COC(=O)CC(C(=O)OCC(CC)CCCC)S(=O)(=O)[O-],1,3,10,421.58,3.81,109.8,0,7,16,0
CC(N)CCCC(C)(C)O,0,0,11,145.25,1.27,46.25,2,2,4,0
CCCCCCCCCCCCOCCCN,0,0,10,243.43,4.27,35.25,1,2,14,0
O=C([O-])CC([S][Au])C(=O)[O-],0,0,10,344.1,-2.56,80.26,0,5,4,0
CC(C)=O,0,0,11,58.08,0.6,17.07,0,1,0,0
O=NN(CCO)CCO,0,0,12,134.14,-1.05,73.13,2,4,5,0
CCCCN(CCCC)N=O,0,0,12,158.24,2.57,32.67,0,2,7,0
OCC(F)(F)F,0,0,11,100.04,0.54,20.23,1,1,0,0
CC(=O)CN(CC(C)=O)N=O,0,0,12,158.16,0.15,66.81,0,4,5,0
CC(=O)C(C)(C)C,0,0,12,100.16,1.62,17.07,0,1,0,0
CC(C)CO,0,0,12,74.12,0.63,20.23,1,1,1,0
CCCCOCCOP(=O)(OCCOCCCC)OCCOCCCC,0,0,10,398.48,4.59,72.45,0,7,21,0
CN(C)CCCCl,0,0,11,121.61,1.18,3.24,0,1,3,0
CCCC/C=C\CCCCCCCCCC=O,1,1,12,238.41,5.44,17.07,0,1,13,0
CCCC/C=C/CCCCO,0,0,10,156.27,2.9,20.23,1,1,7,0
[N-]=[N+]=[N-],0,0,12,42.02,0.87,58.7,0,0,0,0
CCCCN(CCO)CCO,0,0,11,161.24,0.07,43.7,2,3,7,0
CC(C)CCC(=O)CCC(C)C,1,1,11,170.3,3.43,17.07,0,1,6,0
CC(=O)OCC(C)C,0,0,9,116.16,1.21,26.3,0,2,2,0
CC(C)(O)CCC(C)(C)O,0,0,12,146.23,1.31,40.46,2,2,3,0
CCCCCCCCCCCCCC(=O)OC(C)C,0,0,12,270.46,5.64,26.3,0,2,13,0
CCCCCCCCCCCCCCCCC(C(=O)O)C(O)(CC(=O)O)C(=O)O,0,0,1,416.56,4.85,132.13,4,4,20,0
NC(=O)N[C@@H](CCC(=O)O)C(=O)O,0,0,11,190.16,-1.03,129.72,4,3,5,0
CCCCCCCCCCCC(=O)N(C)CC(=O)O,1,2,10,271.4,3.45,57.61,1,2,12,0
ON=CC=NO,0,0,12,88.07,-0.09,65.18,2,4,1,0
CCOC(=O)CC(O)(CC(=O)OCC)C(=O)OCC,0,0,9,276.28,0.19,99.13,1,7,8,0
CCOP(=S)(OCC)SCSP(=S)(OCC)OCC,1,2,10,384.49,5.01,36.92,0,8,12,0
CCOCCO,0,0,12,90.12,0.02,29.46,1,2,3,0
O=P(O)(O)CCCl,0,0,12,144.49,0.4,57.53,2,1,2,0
O=P(OCCCl)(OCCCl)OCCCl,0,0,12,285.49,2.86,44.76,0,4,9,0
CCCCC(CC)COP(=O)(OCC(CC)CCCC)OCC(CC)CCCC,1,2,12,434.64,8.79,44.76,0,4,21,0
N#CC(Cl)Cl,1,1,8,109.94,1.31,23.79,0,1,0,0
NC(=O)C(Cl)Cl,0,0,12,127.96,0.28,43.09,1,1,1,0
CC(Cl)C(C)Cl,0,0,11,127.01,2.24,0.0,0,0,1,0
C[Si](C)(CCCN)O[Si](C)(C)CCCN,0,0,11,248.52,2.11,61.27,2,3,8,0
C=CC(=O)OCCCCO,1,1,9,144.17,0.49,46.53,1,3,5,0
O=CN(CCO)CCO,0,0,12,133.15,-1.57,60.77,2,3,5,0
C=CC(=O)OCCCCCCCC,0,0,12,184.28,3.08,26.3,0,2,8,0
CN(C)C,0,0,12,59.11,0.18,3.24,0,1,0,0
CC=C(Cl)Cl,0,0,11,110.97,2.33,0.0,0,0,0,0
C=CC(N)=O,0,0,12,71.08,-0.34,43.09,1,1,1,0
C=CC(OCC)OCC,0,0,6,130.19,1.57,18.46,0,2,5,0
C=CC=O,1,1,12,56.06,0.37,17.07,0,1,1,0
CC(=O)N[C@@H](CS)C(=O)O,0,0,11,163.2,-0.49,66.4,3,3,3,0
C=CC#N,0,0,12,53.06,0.7,23.79,0,1,0,0
[Zn+2],0,0,12,65.39,-0.0,0.0,0,0,0,0
C=CCOC(=O)/C=C\C(=O)OCC=C,1,1,10,196.2,1.0,52.6,0,4,6,0
C[SiH](C)O[Si](C)(C)O[Si](C)(C)O[SiH](C)C,0,0,11,282.64,2.41,27.69,0,3,6,0
O=C(O)C(Br)Br,1,1,12,217.84,1.19,37.3,1,1,1,0
CC=CC=O,0,0,11,70.09,0.76,17.07,0,1,1,0
O=C([O-])P(=O)([O-])[O-],1,2,12,122.98,-2.76,103.32,0,5,1,0
C=CS(=O)(=O)[O-],0,0,12,107.11,-0.32,57.2,0,3,1,0
CN(C)CCOCCN(C)C,0,0,12,160.26,0.13,15.71,0,3,6,0
CCCOC(=O)NCCCN(C)C,0,0,12,188.27,1.07,41.57,1,3,6,0
CCCCCCCCCC(C)C=O,1,1,9,184.32,3.96,17.07,0,1,9,0
C=CCCCCCCCCC(=O)OCCCC,0,0,12,240.39,4.64,26.3,0,2,12,0
CCCCCCOC(=O)CCCCCCCC(=O)OCCCCCC,0,0,11,356.55,5.96,52.6,0,4,18,0
CCCCCCCCCCCCCCCC[N+](C)(C)CC,1,3,6,298.58,6.56,0.0,0,0,16,0
CC(C#N)CCC#N,0,0,12,108.14,1.45,47.58,0,2,2,0
CC(=O)N[C@@H](CC(C)C)C(=O)O,0,0,11,173.21,0.62,66.4,2,2,4,0
CCCCCC(O)/C=C/C=O,0,0,10,156.22,1.68,37.3,1,2,6,0
CC(=O)NCCCCCC(=O)O,0,0,11,173.21,0.77,66.4,2,2,6,0
O=C(O)CCCCCCCCCCCBr,0,0,7,279.22,4.37,37.3,1,1,11,0
CCCCCCCCCCCCCCCCSCC(COC)COP(=O)([O-])OCC[N+](C)(C)C,0,0,9,525.78,6.67,67.82,0,6,26,0
C=C(C)C(=O)OCCCC,0,0,9,142.2,1.91,26.3,0,2,4,0
CC(C)(C)OC=O,0,0,11,102.13,0.96,26.3,0,2,1,0
C=C[Si](OCCOC)(OCCOC)OCCOC,0,0,12,280.39,0.64,55.38,0,6,13,0
CCCCCCCCCCCl,0,0,12,176.73,4.37,0.0,0,0,8,0
CCC(C)(C)OC,1,1,11,102.18,1.82,9.23,0,1,2,0
CCCCCON=O,0,0,12,117.15,1.87,38.66,0,3,5,0
CN(N=O)C(N)=O,1,1,12,103.08,-0.32,75.76,1,3,1,0
CC(C)=CCCC(C)CCOC=O,0,0,9,184.28,2.93,26.3,0,2,7,0
CCOC(=O)C(=O)OCC,0,0,12,146.14,0.11,52.6,0,4,2,0
CCO[Si](CCCS)(OCC)OCC,0,0,12,238.42,2.35,27.69,1,4,9,0
CCN(CC)C(C)=O,0,0,12,115.18,0.87,20.31,0,1,2,0
O=S(=O)([O-])O.[Na+],0,0,11,120.06,-3.99,77.43,1,3,0,0
N#C[N-]C#N,0,0,12,66.04,0.32,61.68,0,2,0,0
ClSC(Cl)(Cl)Cl,0,0,11,185.89,3.2,0.0,0,1,0,0
CCC=CC#N,0,0,10,81.12,1.48,23.79,0,1,1,0
CC=CCC#N,0,0,9,81.12,1.48,23.79,0,1,1,0
CCCCCC[C@@H](O)C/C=C\CCCCCCCC(=O)O,0,0,10,298.47,5.08,57.53,2,2,15,0
[NH2][Pt]([NH2])([Cl])[Cl],1,1,11,298.03,0.2,52.04,2,2,0,0
C=CCOC(=O)COCCC(C)C,0,0,11,186.25,1.78,35.53,0,3,7,0
CCOC(=S)SSC(=S)OCC,0,0,12,242.41,3.01,18.46,0,6,2,0
CCCCCCCCCC[N+](C)(CCCCCCCCCC)CCC[Si](OC)(OC)OC,0,0,3,474.87,7.98,27.69,0,3,25,0
CCCCCCCCCCCCCCCC(=O)OC[C@H](COP(=O)([O-])OCC[N+](C)(C)C)OC(=O)CCCCCCCCCCCCCCC,0,0,10,734.05,10.61,111.19,0,8,38,0
CCCCCCCOC(=O)CCC,0,0,12,186.29,3.3,26.3,0,2,8,0
CCOP(=S)(OCC)OP(=S)(OCC)OCC,0,0,11,322.33,3.6,46.15,0,7,10,0
CC(C)CCCCCCOC(=O)CCCCC(=O)OCCCCCCC(C)C,0,0,12,398.63,6.85,52.6,0,4,19,0
CCC(O)OCCCOC,0,0,12,148.2,0.77,38.69,1,3,6,0
CC(N)=O,0,0,12,59.07,-0.51,43.09,1,1,0,0
CC=O,1,2,4,44.05,0.21,17.07,0,1,0,0
COC(=O)/C=C\C(=O)OC,1,1,11,144.13,-0.11,52.6,0,4,2,0
CC#N,0,0,12,41.05,0.53,23.79,0,1,0,0
N[C@@H](CCC(=O)N[C@@H](CSSC[C@H](NC(=O)CC[C@H](N)C(=O)O)C(=O)NCC(=O)O)C(=O)NCC(=O)O)C(=O)O,1,4,9,612.64,-3.88,317.64,10,12,21,0
CCOC(=O)CC(C(C)=O)C(C)=O,0,0,12,186.21,0.73,60.44,0,4,5,0
C=C(C)C(=O)OCC(C)(C)COC(=O)C(=C)C,0,0,12,240.3,2.25,52.6,0,4,6,0
C=C[Si](OC)(OC)OC,0,0,12,148.23,0.59,27.69,0,3,4,0
CCCCCCCCCCCCCCCCCC(=O)[O-].OCC[NH+](CCO)CCO,1,3,10,433.67,1.85,105.26,4,5,22,0
CN(C)CCN(C)CCN(C)C,0,0,10,173.3,0.04,9.72,0,3,6,0
CCCCSCCCC,0,0,12,146.3,3.32,0.0,0,1,6,0
OCCO,0,0,12,62.07,-1.03,40.46,2,2,1,0
CCN(N=O)C(N)=O,0,0,12,117.11,0.07,75.76,1,3,2,0
O=C(O)[C@H](O)[C@@H](O)[C@H](O)[C@H](O)CO,0,0,12,196.16,-3.49,138.45,6,6,5,0
CCCCC/C=C\C/C=C\CCCCCCCC(=O)OC,1,2,11,294.48,5.97,26.3,0,2,14,0
COS(C)(=O)=O,0,0,12,110.13,-0.41,43.37,0,3,1,0
C=C(C)C(=O)OC,0,0,12,100.12,0.74,26.3,0,2,1,0
CN(N=O)C(=N)N[N+](=O)[O-],1,1,9,147.09,-0.68,111.69,2,5,2,0
CCN(CC)CCO,0,0,12,117.19,0.32,23.47,1,2,4,0
O=[N+]([O-])[O-].[NH4+],0,0,12,80.04,0.14,102.7,1,3,0,0
O=C(O)CS,0,0,12,92.12,0.0,37.3,2,2,1,0
CC(CO)(CO)C(=O)O,0,0,12,134.13,-0.94,77.76,3,3,3,0
OCCOCCOCCOCCOCCO,0,0,12,238.28,-0.96,77.38,2,6,13,0
NCCS,0,0,12,77.15,-0.13,26.02,2,2,1,0
O[C@@H]([C@H](O)[C@H](O)CBr)[C@H](O)CBr,0,0,12,307.97,-0.78,80.92,4,4,5,0
CCCCCCCCN(C)CCCCCCCC,0,0,12,255.49,5.64,3.24,0,1,14,0
C=COCCOCCOC=C,0,0,12,158.2,1.32,27.69,0,3,8,0
CN(C)CCCNCCC#N,0,0,12,155.25,0.44,39.06,1,3,6,0
C=CC(=O)OCCOCCOCC,1,1,11,188.22,0.77,44.76,0,4,8,0
CO[Si](C)(OC)OC,0,0,11,136.22,0.49,27.69,0,3,3,0
CN(C)P(=O)(N(C)C)N(C)C,0,0,12,179.2,0.78,26.79,0,1,3,0
CCCCCC(N)=O,0,0,12,115.18,1.05,43.09,1,1,4,0
CCCCCCC(O)CCCCCCCCCCC(=O)OC,0,0,11,314.51,5.39,46.53,1,3,16,0
CCCCOCCOCCOC(=O)CCCCC(=O)OCCOCCOCCCC,0,0,12,434.57,3.3,89.52,0,8,23,0
CC(C)OC(=S)[S-],1,1,8,135.23,1.24,9.23,0,3,1,0
CNC(=O)ON=C(C)SC,0,0,12,162.21,1.04,50.69,1,4,1,0
CCCOC(OCCC)OCCC,0,0,12,190.28,2.55,27.69,0,3,9,0
COC(=O)CCCCC(=O)O,0,0,11,160.17,0.8,63.6,1,3,5,0
CC[N+](CC)(CC)CC,0,0,12,130.25,1.88,0.0,0,0,4,0
CCOC(=O)CC(=O)CCl,1,3,8,164.59,0.75,43.37,0,3,4,0
C=C(C)C(=O)OCCCCCCOC(=O)C(=C)C,1,1,12,254.33,2.79,52.6,0,4,9,0
CNC(=O)CSP(=S)(OC)OC,0,0,12,229.26,0.98,47.56,1,5,5,0
BrC(Br)C(Br)(Br)Br,1,1,8,424.55,3.94,0.0,0,0,0,0
CCCCCCCC/C=C\CCCCCCCC(=O)N(CCO)CCO,0,0,5,369.59,4.84,60.77,2,3,19,0
CCOC(=O)CBr,0,0,10,167.0,0.94,26.3,0,2,2,0
CCCC(=O)OCCC(C)C,0,0,12,158.24,2.38,26.3,0,2,5,0
O=[Se](O)O,1,3,7,128.97,-1.61,57.53,2,1,0,0
NC(N)=[Se],0,0,11,123.02,-1.84,52.04,2,2,0,0
O=C([O-])[C@H](O)[C@H](O)[C@@H](O)[C@H](O)[C@H](O)CO,0,0,12,225.17,-5.47,161.51,6,8,6,0
CC(C)CCCCCCCCCCCCCCC(=O)O,1,1,9,284.48,6.19,37.3,1,1,15,0
CCOS(=O)(=O)OCC,0,0,12,154.19,0.3,52.6,0,4,4,0
C=CC(=O)CCCCC,0,0,12,126.2,2.32,17.07,0,1,5,0
C=CC(C)(CCC=C(C)C)OC(=O)CC(C)C,0,0,12,238.37,4.27,26.3,0,2,7,0
CNC(C)=O,0,0,12,73.09,-0.25,29.1,1,1,0,0
C=C(C)CS(=O)(=O)[O-],0,0,12,135.16,0.11,57.2,0,3,2,0
CCCCOC(=O)CCS,0,0,9,162.25,1.65,26.3,1,3,5,0
CCCCCCCCOCCCN,0,0,9,187.33,2.71,35.25,1,2,10,0
CC(C)OP(=O)(CP(=O)(OC(C)C)OC(C)C)OC(C)C,0,0,11,344.33,5.03,71.06,0,6,10,0
C=CC(=O)NCOCC(C)C,0,0,11,157.21,0.92,38.33,1,2,5,0
CCCCCCCCC,0,0,12,128.26,3.76,0.0,0,0,6,0
CCOC(=O)N(C)N=O,0,0,12,132.12,0.76,58.97,0,4,2,0
CNCCS(=O)(=O)[O-],0,0,12,138.17,-1.25,69.23,1,4,3,0
CCO[Si](CCCCl)(OCC)OCC,1,1,12,240.8,2.66,27.69,0,3,9,0
CCCCCCCCCCCC(C)=O,1,1,11,198.35,4.5,17.07,0,1,10,0
CCOC(=O)CCC(=O)OCC,0,0,12,174.2,0.89,52.6,0,4,5,0
FC(F)(F)C(Cl)(Cl)Cl,0,0,12,187.38,2.92,0.0,0,0,0,0
N#CCC(=O)O,0,0,12,85.06,-0.02,61.09,1,2,1,0
CCSCC,0,0,11,90.19,1.76,0.0,0,1,2,0
ClCCl,0,0,12,84.93,1.42,0.0,0,0,0,0
C=CCOC(=O)C(=C)C,0,0,12,126.15,1.29,26.3,0,2,3,0
OCC(Br)CBr,0,0,10,217.89,1.14,20.23,1,1,2,0
NCCCC(=O)O,0,0,10,103.12,-0.19,63.32,2,2,3,0
CCC(C)C=O,0,0,12,86.13,1.23,17.07,0,1,2,0
C[Si](C)(C)Cl,1,1,12,108.64,2.06,0.0,0,0,0,0
CCC(Cl)C(Cl)C(Cl)CC(Cl)C(Cl)C(C)Cl,1,1,10,348.96,5.45,0.0,0,0,7,0
O=[N+]([O-])C(Cl)(Cl)Cl,0,0,12,164.38,1.59,43.14,0,2,0,0
CCC(=O)[O-].CCC(=O)[O-],0,0,9,146.14,-1.71,80.26,0,4,2,0
O=C([O-])CCl,0,0,12,93.49,-1.02,40.13,0,2,1,0
OCCCO,0,0,12,76.09,-0.64,40.46,2,2,2,0
CC(C)=CCCC(C)CC=O,0,0,11,154.25,2.96,17.07,0,1,5,0
COCC(C)OC(C)=O,1,2,8,132.16,0.58,35.53,0,3,3,0
O=C(O)CCCCCCCCCC(=O)O,0,0,10,216.28,2.67,74.6,2,2,10,0
CCCCCSCCCCC,0,0,12,174.35,4.1,0.0,0,1,8,0
C=CC(=O)OCC(COC(=O)C=C)(COC(=O)C=C)COC(=O)C=C,1,3,4,352.34,0.89,105.2,0,8,12,0
CC(S)C(C)S,0,0,12,122.26,1.62,0.0,2,2,1,0
CCCCCC/C=C/C=O,0,0,12,140.23,2.71,17.07,0,1,6,0
CCCC(=O)OC,0,0,12,102.13,0.96,26.3,0,2,2,0
CC(CN(CCN(CC(C)OCCO)CC(C)OCCO)CC(C)OCCO)OCCO,1,1,12,468.63,-0.82,124.32,4,10,23,0
O=[Se]=O,1,2,8,110.96,-0.62,34.14,0,2,0,0
ClC/C=C\CCl,0,0,11,125.0,2.02,0.0,0,0,2,0
CC(C)(C)C(=O)C(=O)O,0,0,12,130.14,0.69,54.37,1,2,1,0
CCOC(=O)NC(O)C(Cl)(Cl)Cl,0,0,12,236.48,1.42,58.56,2,3,2,0
COC(=O)CS,0,0,11,106.15,0.09,26.3,1,3,1,0
O=C([O-])C(F)(F)C(F)(F)C(F)(F)C(F)(F)C(F)(F)C(F)(F)C(F)(F)F,1,1,11,413.06,3.11,40.13,0,2,6,0
O=S(=O)([O-])C(F)(F)C(F)(F)C(F)(F)C(F)(F)C(F)(F)C(F)(F)F,0,0,11,399.1,3.23,57.2,0,3,5,0
CCOC(=O)C(C)C(C)=O,0,0,12,144.17,0.77,43.37,0,3,3,0
ClCC(Br)CBr,0,0,11,236.33,2.38,0.0,0,0,2,0
BrCCBr,0,0,12,187.86,1.78,0.0,0,0,1,0
C=CC(C)(O)CCC=C(C)CCC=C(C)C,1,1,11,222.37,4.4,20.23,1,1,7,0
CCCCCCCCCCCCOCCO,1,1,11,230.39,3.92,29.46,1,2,13,0
CCCCCCCC/C=C\CCCCCCCC(=O)OC,0,0,10,296.49,6.2,26.3,0,2,15,0
O=C(O)C(=O)O,0,0,11,90.03,-0.84,74.6,2,2,0,0
IC(I)=C(I)I,1,2,4,531.64,3.85,0.0,0,0,0,0
O=P([O-])([O-])OP(=O)([O-])[O-],1,1,9,173.94,-3.34,135.61,0,7,2,0
CNC(=O)ON=C(CSC)C(C)(C)C,0,0,11,218.32,2.11,50.69,1,4,3,0
CCCCCCCCS,0,0,10,146.3,3.28,0.0,1,1,6,0
N#CCCSCCC#N,0,0,11,140.21,1.55,47.58,0,3,4,0
C/C=C(\C)C=O,0,0,12,84.12,1.15,17.07,0,1,1,0
CCOCCOCCOCCO,0,0,12,178.23,0.05,47.92,1,4,9,0
CC(Cl)C(Cl)Cl,0,0,12,147.43,2.42,0.0,0,0,1,0
CCN(CC)CC,0,0,12,101.19,1.35,3.24,0,1,3,0
C#CC(C)(O)CC(C)C,0,0,11,126.2,1.42,20.23,1,1,2,0
CC(C)(Cl)[N+](=O)[O-],0,0,11,123.54,1.24,43.14,0,2,1,0
C=CC(=C)CCCC(C)(C)OC(C)=O,0,0,12,196.29,3.24,26.3,0,2,6,0
C=CC(C)(O)CC/C=C(\C)CC,0,0,12,168.28,3.06,20.23,1,1,5,0
CCC(Cl)[N+](=O)[O-],0,0,11,123.54,1.24,43.14,0,2,2,0
CCCC(CCC)(C(=O)OCC)C(=O)OCC,0,0,2,244.33,2.7,52.6,0,4,8,0
C=C(C)C(=O)OCC(O)CO,0,0,2,160.17,-0.54,66.76,2,4,4,0
N#CSCC(=O)[O-],0,0,2,116.12,-1.05,63.92,0,4,2,0
CC(=O)OCC(C)OC(C)=O,0,0,12,160.17,0.5,52.6,0,4,3,0
CC(C)CCCC(C)CC=O,0,0,12,156.27,3.04,17.07,0,1,6,0
C=C(C)C(=O)[O-],0,0,12,85.08,-0.69,40.13,0,2,1,0
C=CCCCCCCCCC(=O)OCC,0,0,12,212.33,3.86,26.3,0,2,10,0
CCN(CC)CCCl,1,2,10,135.64,1.57,3.24,0,1,4,0
CCS(=O)(=O)C(C)(C)S(=O)(=O)CC,0,0,12,228.33,0.59,68.28,0,4,4,0
O=C(O)CN(CCOCCOCCN(CC(=O)O)CC(=O)O)CC(=O)O,0,0,2,380.35,-2.04,174.14,4,8,17,0
C=CCO,0,0,12,58.08,0.16,20.23,1,1,1,0
C=CCCl,1,1,11,76.53,1.41,0.0,0,0,1,0
C=CCN=C=S,0,0,12,99.16,1.28,12.36,0,2,2,0
C=CCOC(=O)CC(C)C,0,0,12,142.2,1.76,26.3,0,2,4,0
CCCCNCC,0,0,12,101.19,1.4,12.03,1,1,4,0
O=S([O-])CO,0,0,11,95.1,-1.18,60.36,1,3,1,0
CCSC(=O)Cl,1,1,9,124.59,2.1,17.07,0,2,1,0
C=CC(=O)OCC(C)C,0,0,12,128.17,1.37,26.3,0,2,3,0
CCCBr,0,0,12,122.99,1.79,0.0,0,0,1,0
OCCCl,0,0,12,80.51,0.22,20.23,1,1,1,0
CCC#N,0,0,12,55.08,0.92,23.79,0,1,0,0
O=C(O)CC(O)(CC(=O)O)C(=O)O,0,0,12,192.12,-1.25,132.13,4,4,5,0
CCCCCCCCCCCC[N+](C)(C)CC(=O)[O-],0,0,11,271.44,2.73,40.13,0,2,13,0
CCCCCCCCC(CO)CCCCCC,0,0,12,242.45,5.32,20.23,1,1,13,0
C=CCOCC(O)CCl,0,0,10,150.6,0.79,29.46,1,2,5,0
CCCCCCCCOC(=O)CCCCCCCCC(=O)OCCCCCCCC,0,0,12,426.68,7.91,52.6,0,4,23,0
O=C([O-])CC(O)C(=O)[O-],0,0,2,132.07,-3.76,100.49,1,5,3,0
CC(O)C(=O)O.CCCCCCCCCCCCCCNCCO,1,1,8,347.54,3.72,89.79,4,4,16,0
CC(=O)CCC=C(C)CC/C=C(\C)CC/C=C(\C)CCC=C(C)C,0,0,11,330.56,7.5,17.07,0,1,12,0
CCCCCCCC/C=C\CCCCCCCC(=O)N(C)CC(=O)O,1,1,8,353.55,5.57,57.61,1,2,17,0
CCCCCCCCCCCCCCN(CCO)CCO,0,0,5,301.51,3.97,43.7,2,3,17,0
CC(O)CO,0,0,12,76.09,-0.64,40.46,2,2,1,0
C/C(Cl)=C/CCl,0,0,8,125.0,2.37,0.0,0,0,1,0
CCO[Si](CCC#N)(OCC)OCC,0,0,12,217.34,1.95,51.48,0,4,8,0
CCO[Si](CCCN)(OCC)OCC,0,0,12,221.37,1.38,53.71,1,4,9,0
CC(=O)OC/C=C(\C)CCC=C(C)C,0,0,12,196.29,3.24,26.3,0,2,5,0
BrCCCCBr,1,1,12,215.92,2.56,0.0,0,0,3,0
CC(C)CCCC(C)CCO,0,0,11,158.28,2.83,20.23,1,1,6,0
NNC(=O)CCCCC(=O)NN,1,1,11,174.2,-1.47,110.24,4,4,5,0
CCCCCCCCCC(=O)OCC,0,0,11,200.32,3.69,26.3,0,2,9,0
O=S(=O)([O-])OOS(=O)(=O)[O-],1,1,12,192.13,-2.14,132.86,0,8,3,0
O=[N+]([O-])[O-].[K+],0,0,12,101.1,-3.24,66.2,0,3,0,0
CCCNCCC,0,0,10,101.19,1.4,12.03,1,1,4,0
CCC(O)OC(O)CC,0,0,12,134.17,0.46,49.69,2,3,4,0
CCN(CC)CCN,0,0,2,116.21,0.29,29.26,1,2,4,0
CS(=O)(=O)O,0,0,12,96.11,-0.5,54.37,1,2,0,0
C[Si](C)(C)C,0,0,12,88.23,1.95,0.0,0,0,0,0
[Cl][Zn][Cl],0,0,12,136.3,1.38,0.0,0,0,0,0
CCCCCCCCCCCCCCCCOS(=O)(=O)[O-],0,0,11,321.5,4.94,66.43,0,4,16,0
ClC/C=C/CCl,1,1,9,125.0,2.02,0.0,0,0,2,0
CC(Cl)Cl,0,0,10,98.96,1.81,0.0,0,0,0,0
ClCCCl,0,0,12,98.96,1.46,0.0,0,0,1,0
CCCCOC(=O)CCC(=O)OCCCC,1,1,12,230.3,2.45,52.6,0,4,9,0
CCC(=O)[O-],0,0,12,73.07,-0.85,40.13,0,2,1,0
COCCCN,0,0,12,89.14,-0.02,35.25,1,2,3,0
CC(C)N(C(=O)SCC(Cl)=C(Cl)Cl)C(C)C,0,0,12,304.67,4.84,20.31,0,2,4,0
CCCCN(CCCC)CCCCCCN(CCCC)CCCC,0,0,12,340.64,6.35,6.48,0,2,19,0
CC(C)CCCCCCCOC(=O)CCCCC(=O)OCCCCCCCC(C)C,0,0,11,426.68,7.63,52.6,0,4,21,0
CCCCCCCC[Si](OCC)(OCC)OCC,0,0,8,276.49,4.4,27.69,0,3,13,0
CCCCC(CC)CO[N+](=O)[O-],0,0,11,175.23,2.41,52.37,0,3,7,0
NC(=S)NC(N)=S,1,1,12,135.22,-0.94,64.07,3,2,0,0
CCOC(C)OCC,0,0,12,118.18,1.41,18.46,0,2,4,0
CC(Cl)(Cl)C(=O)[O-],0,0,12,141.96,-0.07,40.13,0,2,1,0
C=CC(O)CCCCC,0,0,11,128.22,2.11,20.23,1,1,5,0
[CH3][Sn]([Cl])([Cl])[Cl],0,0,12,240.11,2.27,0.0,0,0,0,0
C=CCS(=O)(=O)[O-],0,0,12,121.14,-0.28,57.2,0,3,2,0
O=P([O-])(O)OP(=O)([O-])O,0,0,12,175.96,-2.08,129.95,2,5,2,0
C=CCCCCCCCCOC(C)=O,0,0,12,198.31,3.47,26.3,0,2,9,0
CCCCCCCCCOC(C)=O,0,0,12,186.29,3.3,26.3,0,2,8,0
COC(=O)C=C(C)CCC=C(C)C,0,0,12,182.26,2.85,26.3,0,2,4,0
CC(=O)OCC=C(C)C,0,0,12,128.17,1.52,26.3,0,2,2,0
CC(=O)OC(C)(C)C,0,0,12,116.16,1.35,26.3,0,2,0,0
NC(=O)NO,0,0,12,76.05,-0.96,75.35,3,2,0,0
COC(=O)OC,0,0,12,90.08,0.4,35.53,0,3,0,0
CCCCCC[N+](=O)[O-],0,0,9,131.18,1.84,43.14,0,2,5,0
O=[N+]([O-])CCO,0,0,11,91.07,-0.74,63.37,1,3,2,0
CN(CCCl)CCCl,1,3,7,156.06,1.4,3.24,0,1,4,0
C=C(Cl)Cl,0,0,12,96.94,1.94,0.0,0,0,0,0
N=C(N)S(=O)O,0,0,12,108.12,-0.9,87.17,3,2,0,0
C=COC(C)=O,0,0,11,86.09,0.69,26.3,0,2,1,0
COP(=O)(OC)OC,0,0,12,140.07,1.03,44.76,0,4,3,0
CCC(C)(O)CCC=C(C)C,0,0,11,156.27,2.89,20.23,1,1,4,0
CC(=O)NCCO,1,1,12,103.12,-0.89,49.33,2,2,2,0
CCCCOCCOC(=O)CCCCCCCCC(=O)OCCOCCCC,0,0,10,402.57,4.83,71.06,0,6,21,0
C=C(C)C(=O)OCCCCCCCCCCCC,0,0,12,254.41,5.03,26.3,0,2,12,0
CCCCCCCCCCCCCCCC(=O)OC(C)C,0,0,12,298.51,6.42,26.3,0,2,15,0
NCCCCCCNCCCCCCN,0,0,12,215.38,1.61,64.07,3,3,12,0
CC(CC(C)C)=NO,0,0,12,115.18,1.88,32.59,1,2,2,0
C=CC(=O)OCCC#N,1,2,10,125.13,0.63,50.09,0,3,3,0
CO[Si](CCCNCCC[Si](OC)(OC)OC)(OC)OC,0,0,12,341.55,1.11,67.41,1,7,14,0
C=C[Si](OCC)(OCC)OCC,0,0,11,190.31,1.76,27.69,0,3,7,0
N#CNC(=N)N,0,0,12,84.08,-1.05,85.69,3,2,0,0
CCCCCCCCCCCC[N+](C)(C)CCCS(=O)(=O)[O-],0,0,12,335.55,3.92,57.2,0,3,15,0
CC(=O)C(=O)CC(C)C,1,1,12,128.17,1.19,34.14,0,2,3,0
CCCCN(CC)C(=O)SCCC,0,0,12,203.35,3.37,20.31,0,2,6,0
[Cl][Ni][Cl],0,0,10,129.6,1.38,0.0,0,0,0,0
CCCCNC(=N)NC(=N)N,1,1,2,157.22,-0.21,97.78,5,2,3,0
CCOP(=S)(Cl)OCC,0,0,9,188.62,2.52,18.46,0,3,4,0
COP(=S)(Cl)OC,0,0,12,160.56,1.74,18.46,0,3,2,0
CCCCCCOC(=O)C(C)CC,0,0,12,186.29,3.16,26.3,0,2,7,0
[Cl][Sb]([Cl])[Cl],1,4,10,228.12,1.69,0.0,0,0,0,0
COCC(C)N,0,0,12,89.14,-0.02,35.25,1,2,2,0
CNC(=O)ON=C(SC)C(=O)N(C)C,1,1,12,219.27,0.11,71.0,1,5,1,0
CCCCCCCCCCCCCC[P+](CCCCCC)(CCCCCC)CCCCCC,1,1,2,483.87,12.45,0.0,0,0,28,0
CCC(CO)(CO)CO,0,0,12,134.17,-0.64,60.69,3,3,4,0
CCC(C)N,0,0,12,73.14,0.74,26.02,1,1,1,0
COC(C)(C)OC,0,0,12,104.15,1.02,18.46,0,2,2,0
CC(CO)(CO)CO,0,0,11,120.15,-1.03,60.69,3,3,3,0
CCC[N+](=O)[O-],0,0,12,89.09,0.67,43.14,0,2,2,0
CC(C)[N+](=O)[O-],0,0,12,89.09,0.67,43.14,0,2,1,0
O=C(O)CC[N+](=O)[O-],0,0,12,119.08,-0.26,80.44,1,3,3,0
CC[C@@H](CO)NCCN[C@@H](CC)CO,0,0,12,204.31,-0.29,64.52,4,4,9,0
[O]=[Bi][Cl],0,0,9,260.43,0.19,17.07,0,1,0,0
CCCCCCCC/C=C\CCCCCCCC(=O)OCCOC(=O)CCCCCCC/C=C\CCCCCCCC,1,1,10,590.97,12.15,52.6,0,4,33,0
CCCCCCCC/C=C\CCCCCCCCOCCO,1,2,5,312.54,6.03,29.46,1,2,18,0
CCCCCCCC/C=C\CCCCCCCC(=O)OCCO,1,1,10,326.52,5.56,46.53,1,3,17,0
O=C(O)C(F)(F)C(F)(F)C(F)(F)C(F)(F)C(F)(F)C(F)(F)F,1,1,11,364.06,3.81,37.3,1,1,5,0
[Br-].[Na+],0,0,12,102.89,-5.99,0.0,0,0,0,0
CC(CO)(CO)[N+](=O)[O-],0,0,11,135.12,-0.99,83.6,2,4,3,0
CCC(C)(C)O,0,0,11,88.15,1.17,20.23,1,1,1,0
CC(CC=O)CC(C)(C)C,0,0,11,142.24,2.65,17.07,0,1,3,0
CCCCCCCCCCCCCCCCCCOS(=O)(=O)[O-],0,0,8,349.56,5.72,66.43,0,4,18,0
CCCCCCCCCCCCCOP(=O)(O)O,0,0,6,280.34,4.41,66.76,2,2,13,0
N#C/C=C/C#N,1,4,8,78.07,0.59,47.58,0,2,0,0
CC(C)NC(C)C,0,0,11,101.19,1.39,12.03,1,1,2,0
CC(C)N=C=NC(C)C,0,0,10,126.2,1.98,24.72,0,2,2,0
CC(C)CC(=O)CC(C)C,1,1,12,142.24,2.65,17.07,0,1,4,0
O=C(NC(O)C(Cl)(Cl)Cl)NC(O)C(Cl)(Cl)Cl,0,0,12,354.83,1.66,81.59,4,3,2,0
CC[C@@H](N)CO,0,0,11,89.14,-0.28,46.25,2,2,2,0
CC=C(CC)C(=O)NC(N)=O,1,1,10,156.18,0.54,72.19,2,2,2,0
CC(O)CN(CC(C)O)CC(C)O,1,1,12,191.27,-0.57,63.93,3,4,6,0
C=CC(=O)OCC(C)O,1,2,10,130.14,0.1,46.53,1,3,3,0
CC(C)=CCCC(C)C=O,0,0,11,140.23,2.57,17.07,0,1,4,0
CC(C)CCOC(=O)CC(C)C,0,0,12,172.27,2.62,26.3,0,2,5,0
CCCCN(CCCC)C(=O)N(CCCC)CCCC,1,1,10,284.49,4.91,23.55,0,1,12,0
CN(C)NC(=O)CCC(=O)O,1,1,12,160.17,-0.56,69.64,2,3,4,0
OCCCCC(O)CO,0,0,11,134.18,-0.5,60.69,3,3,5,0
CCCCCCCCOS(=O)(=O)[O-],0,0,12,209.29,1.82,66.43,0,4,8,0
CCCCCCCCCCOS(=O)(=O)[O-],0,0,11,237.34,2.6,66.43,0,4,10,0
CCCCP(CCCC)CCCC,0,0,11,202.32,4.87,0.0,0,0,9,0
CCOC(=N)CC(=O)OCC,0,0,12,159.18,0.95,59.38,1,4,4,0
N[C@@H](CSCCCO)C(=O)O,0,0,2,179.24,-0.49,83.55,3,4,6,0
N=C(N)NCCCCNC(=N)N,1,2,10,172.24,-1.27,123.8,6,2,5,0
CCN(CC)N(O)N=O.CCNCC,0,0,9,206.29,1.23,68.17,2,5,6,0
O=C(O)[C@@H](O)[C@H](O)[C@H](O)[C@@H](O)C(=O)O,0,0,12,210.14,-3.4,155.52,6,6,5,0
CCCCCCCC[N+](C)(CCCCCCCC)CCCCCCCC.O=S(=O)([N-]S(=O)(=O)C(F)(F)F)C(F)(F)F,0,0,3,648.86,9.57,82.38,0,4,23,0
CCCCCC(=O)O,0,0,12,116.16,1.65,37.3,1,1,4,0
O=C(O)CCCCC(=O)O,0,0,12,146.14,0.72,74.6,2,2,5,0
CCCCCC=O,0,0,12,100.16,1.77,17.07,0,1,4,0
CCCCCC/C=C/CCCCCCCC(=O)O,1,1,12,254.41,5.33,37.3,1,1,13,0
CCCCCCCCCCCCCCCC(=O)O,1,2,12,256.43,5.55,37.3,1,1,14,0
O=C(C(Cl)(Cl)Cl)C(Cl)(Cl)Cl,0,0,12,264.75,3.3,17.07,0,1,0,0
CCCCCCC(=O)O,0,0,12,130.19,2.04,37.3,1,1,5,0
CCCC(=O)CC,1,1,12,100.16,1.77,17.07,0,1,3,0
CC(C)C#N,1,1,12,69.11,1.17,23.79,0,1,0,0
CC[N+](=O)[O-],0,0,12,75.07,0.28,43.14,0,2,1,0
CCCC[N+](=O)[O-],0,0,12,103.12,1.06,43.14,0,2,3,0
CNC(=O)O/N=C/C(C)(C)S(C)=O,0,0,12,206.27,0.49,67.76,1,4,3,0
II,0,0,7,253.81,1.77,0.0,0,0,0,0
C[N+](C)(C)CCOC(=O)CCC(=O)OCC[N+](C)(C)C,0,0,12,290.4,0.27,52.6,0,4,9,0
O=C(O)CCC(=O)O,0,0,12,118.09,-0.06,74.6,2,2,3,0
CCCCC(CC)COC(=O)CS,0,0,12,204.33,2.68,26.3,1,3,7,0
C=CC(=O)[O-],0,0,10,71.05,-1.08,40.13,0,2,1,0
C=CC[N+](C)(C)CC=C,0,0,12,126.22,1.43,0.0,0,0,4,0
CCOC(=O)/C=C(C)/C=C/C[C@@H](C)CCCC(C)C,1,1,9,266.42,4.9,26.3,0,2,9,0
COC(C)(C)CCC[C@H](C)C/C=C/C(C)=C/C(=O)OC(C)C,1,1,9,310.48,5.06,35.53,0,3,10,0
CCCCCCCCS(=O)(=O)Cl,1,1,12,212.74,2.92,34.14,0,2,7,0
O=C([O-])C(Cl)(Cl)Cl,0,0,12,162.38,0.11,40.13,0,2,0,0
CCC(CC)C(=O)O,0,0,12,116.16,1.51,37.3,1,1,3,0
CCC(CO)(CO)[N+](=O)[O-],0,0,12,149.15,-0.6,83.6,2,4,4,0
CCC(CC)CO,0,0,11,102.18,1.41,20.23,1,1,3,0
O=C(CCl)NCO,1,1,12,123.54,-0.71,49.33,2,2,2,0
SCCCCCCCCS,0,0,11,178.37,3.19,0.0,2,2,7,0
CC(=O)OC(C)C,0,0,10,102.13,0.96,26.3,0,2,1,0
C=CC(C)(O)CCCC(C)CCCC(C)CCCC(C)C,0,0,12,296.54,6.36,20.23,1,1,13,0
CCCCCCCCCCCCCCN(C)C,0,0,12,241.46,5.25,3.24,0,1,13,0
CCCCCCCCCCCCCCO,0,0,12,214.39,4.68,20.23,1,1,12,0
CCCCCCCCCCCCCCCCN(C)C,0,0,12,269.52,6.03,3.24,0,1,15,0
OCCOCCOCCOCCO,1,1,12,194.23,-0.98,68.15,2,5,10,0
CCCCCCOCCOCCO,0,0,12,190.28,1.59,38.69,1,3,10,0
CC(C)CC(C)CC(O)CC(C)C,0,0,12,186.34,3.47,20.23,1,1,6,0
CCC(N)(CO)CO,0,0,12,119.16,-0.92,66.48,3,3,3,0
O=C(Cl)C(Cl)(Cl)Cl,0,0,12,181.83,2.12,17.07,0,1,0,0
COC(=O)CC(=O)C(C)(C)C,0,0,12,158.2,1.16,43.37,0,3,2,0
COC(=O)C(Br)CBr,0,0,8,245.9,1.32,26.3,0,2,2,0
CC(C)(CO)[C@@H](O)C(=O)NCCC(=O)[O-].CC(C)(CO)[C@@H](O)C(=O)NCCC(=O)[O-],1,2,9,436.46,-4.76,219.38,6,10,12,0
ClC=C(Cl)Cl,0,0,11,131.39,2.5,0.0,0,0,0,0
ClCC(Cl)Cl,0,0,10,133.41,2.03,0.0,0,0,1,0
CC(Cl)(Cl)Cl,0,0,12,133.41,2.38,0.0,0,0,0,0
FC(Cl)(Cl)Cl,1,2,11,137.37,2.28,0.0,0,0,0,0
COP(=O)(OC)C(O)C(Cl)(Cl)Cl,1,1,11,257.44,2.16,55.76,1,4,3,0
C[C@@H](N)C(=O)O,0,0,1,89.09,-0.58,63.32,2,2,1,0
C=C(C)C(=O)OCCO,0,0,12,130.14,0.1,46.53,1,3,3,0
C=CC(=O)OCCO,1,2,12,116.12,-0.29,46.53,1,3,3,0
C#CC(O)CCCCC,0,0,11,126.2,1.56,20.23,1,1,4,0
C[Si](C)=O,0,0,11,74.15,0.67,17.07,0,1,0,0
CN(C)CCOCCN(C)CCO,0,0,12,190.29,-0.51,35.94,1,4,8,0
CCCCOC(=O)CCC(C)=O,0,0,12,172.22,1.7,43.37,0,3,6,0
ClCC=CCCl,0,0,10,125.0,2.02,0.0,0,0,2,0
CC(=O)NNC(C)=O,0,0,11,116.12,-0.83,58.2,2,2,0,0
CCCCC(CC)COC(=O)CCCCC(=O)OCC(CC)CCCC,0,0,11,370.57,6.07,52.6,0,4,17,0
CCOC(=O)CC#N,0,0,12,113.12,0.46,50.09,0,3,2,0
CCCC(C)CO,0,0,10,102.18,1.41,20.23,1,1,3,0
CCOC(=O)CCl,0,0,11,122.55,0.79,26.3,0,2,2,0
COC(=O)CC(C)=O,0,0,12,116.12,0.14,43.37,0,3,2,0
C=C(C)C(=O)OCCN(CC)CC,0,0,12,185.27,1.45,29.54,0,3,6,0
O=S(=O)([O-])CC(S)CS,0,0,10,187.29,-0.24,57.2,2,5,3,0
CCOC(=O)NCCC[Si](OCC)(OCC)OCC,0,0,12,293.44,2.17,66.02,1,5,11,0
CCO[Si](CC(C)C)(OCC)OCC,1,1,11,220.38,2.69,27.69,0,3,8,0
O=[N+]([O-])C(Br)(CO)CO,1,1,11,199.99,-0.66,83.6,2,4,3,0
OCCCBr,0,0,12,138.99,0.76,20.23,1,1,2,0
CCCCCOC(=O)CCC,0,0,11,158.24,2.52,26.3,0,2,6,0
CCCCCC(=O)CC,0,0,12,128.21,2.55,17.07,0,1,5,0
CCN(CCO)CCO,1,1,11,133.19,-0.71,43.7,2,3,5,0
CCOC(OCC)OCC,0,0,12,148.2,1.38,27.69,0,3,6,0
CCOC(=O)C(F)(F)F,0,0,12,142.08,1.11,26.3,0,2,1,0
C=C[C@@H](C)CCC=C(C)C,0,0,12,138.25,3.55,0.0,0,0,4,0
SCCSCCS,0,0,12,154.33,1.58,0.0,2,3,4,0
CCCCNC(C)(C)[PH](=O)O,0,0,10,179.2,1.58,49.33,2,2,5,0
CCCCCCC#N,0,0,12,111.19,2.48,23.79,0,1,4,0
O=C(O)CCCCCC(=O)O,0,0,11,160.17,1.11,74.6,2,2,6,0
CCO[Si](CCCSSSSCCC[Si](OCC)(OCC)OCC)(OCC)OCC,0,0,8,538.97,6.54,55.38,0,10,23,0
C=COC(=O)C(C)(CC)CCC(C)C,0,0,12,198.31,3.53,26.3,0,2,6,0
CCCCCCCCSCC,0,0,12,174.35,4.1,0.0,0,1,8,0
O=S(O)C[O][Na],1,1,10,118.09,-0.73,46.53,1,2,2,0
C=COCCOCCOCCOC=C,0,0,12,202.25,1.34,36.92,0,4,11,0
CCC(C)C(=O)O,0,0,12,102.13,1.12,37.3,1,1,2,0
CC(C)CC#N,0,0,12,83.13,1.56,23.79,0,1,1,0
CC(=O)CCC=C(C)C,0,0,12,126.2,2.32,17.07,0,1,3,0
CCCC=C(C=O)CC,0,0,12,126.2,2.32,17.07,0,1,4,0
C=CC(=O)OCC(CC)CCCC,0,0,12,184.28,2.93,26.3,0,2,7,0
CCCCC(C=O)CC,0,0,12,128.21,2.4,17.07,0,1,5,0
CCCC(O)C(CC)CO,0,0,12,146.23,1.17,40.46,2,2,5,0
CCCCC(CC)C(=O)O,0,0,12,144.21,2.29,37.3,1,1,5,0
CC(=O)N[C@@H](CC(=O)N[C@@H](CCC(=O)O)C(=O)O)C(=O)O,0,0,10,304.25,-1.6,170.1,5,5,9,0
CCCCCCCCCCCCCCCCCC#N,0,0,12,265.48,6.77,23.79,0,1,15,0
COP(C)(=O)OC,0,0,12,124.08,1.1,35.53,0,3,2,0
C/C=C(C)/C=C/C=C(C)C,1,1,12,136.24,3.48,0.0,0,0,2,0
CC(=O)N(C)C,0,0,12,87.12,0.09,20.31,0,1,0,0
CNC(=O)O/N=C(\C)C(C)S(C)(=O)=O,0,0,11,222.27,0.15,84.83,1,5,3,0
CC(=O)CC(C)=O,0,0,12,100.12,0.55,34.14,0,2,2,0
CN(C)C(=S)[S-].CN(C)C(=S)[S-].[Zn+2],1,6,7,305.83,0.76,6.48,0,4,0,0
CCCCN(CCCC)C(=S)[S-].CCCCN(CCCC)C(=S)[S-].[Zn+2],1,6,10,474.16,5.44,6.48,0,4,12,0
CC(C)C(C)(N)C#N,0,0,11,112.18,0.88,49.81,1,2,1,0
CC(O)C(=O)[O-].CC(O)C(=O)[O-],0,0,12,178.14,-3.77,120.72,2,6,2,0
[Ca+2].[Cl-].[Cl-],0,0,12,110.98,-6.37,0.0,0,0,0,0
CCC(C)OC(C)CC,0,0,12,130.23,2.6,9.23,0,1,4,0
CCCOCCOCCO,0,0,12,148.2,0.42,38.69,1,3,7,0
CC(CC(=O)O)CC(C)(C)C,0,0,11,158.24,2.53,37.3,1,1,3,0
C=C(C)C(=O)OCCOC(=O)CC(C)=O,0,0,12,214.22,0.63,69.67,0,5,6,0
CCOC(=O)C(C)(C)C,0,0,12,130.19,1.6,26.3,0,2,1,0
CCCCCCCCCCCCCCCCCl,0,0,12,260.89,6.71,0.0,0,0,14,0
CCCCCCCCCI,0,0,10,254.16,4.17,0.0,0,0,7,0
CCCCCCCCCCCCI,0,0,12,296.24,5.34,0.0,0,0,10,0
COC(=O)/C=C\C(=O)O,1,1,12,130.1,-0.2,63.6,1,3,2,0
CC(=O)OCCC(C)C,0,0,12,130.19,1.6,26.3,0,2,3,0
CCCCCCCCCCCCCCCCCC[N+](C)(C)C,0,0,2,312.61,6.95,0.0,0,0,17,0
CCOCCOCCOC(C)=O,0,0,12,176.21,0.6,44.76,0,4,7,0
CCCCOCCOC(C)=O,0,0,12,160.21,1.37,35.53,0,3,6,0
CCCCCCCCCCCCN(C)C,0,0,12,213.41,4.47,3.24,0,1,11,0
CCCCCCOCCO,0,0,12,146.23,1.58,29.46,1,2,7,0
CC(=O)C=C(C)C,0,0,12,98.14,1.54,17.07,0,1,1,0
CC(C)(CO)C(O)C(=O)NCCC(=O)NCCSSCCNC(=O)CCNC(=O)C(O)C(C)(C)CO,0,0,10,554.73,-1.63,197.32,8,10,19,0
CCCCCCCCCCCCCC(=O)OCC(COP(=O)([O-])OCC[N+](C)(C)C)OC(=O)CCCCCCCCCCCCC,0,0,9,677.94,9.05,111.19,0,8,34,0
C[N+](C)(C)CC(O)CC(=O)[O-],0,0,12,161.2,-1.81,60.36,1,3,4,0
CC(C)Br,0,0,12,122.99,1.79,0.0,0,0,0,0
C[SiH](O[Si](C)(C)C)O[Si](C)(C)C,0,0,12,222.51,2.54,18.46,0,2,4,0
[SbH6+3],0,0,11,127.81,-1.99,0.0,0,0,0,0
O=[N+]([O-])OCC(CO[N+](=O)[O-])(CO[N+](=O)[O-])CO[N+](=O)[O-],0,0,12,316.13,-1.19,209.48,0,12,12,0
ClC(Cl)C(Cl)(Cl)Cl,0,0,12,202.3,3.16,0.0,0,0,0,0
CC(=O)N(O)CCCCCNC(=O)CCC(=O)N(O)CCCCCNC(=O)CCC(=O)N(O)CCCCCN,0,0,11,560.69,0.92,205.84,6,9,23,0
CCCCC(C)C(=O)O,0,0,12,130.19,1.9,37.3,1,1,4,0
NC=O,0,0,12,45.04,-0.9,43.09,1,1,0,0
CC(=O)OC(C)C[N+](C)(C)C,0,0,12,160.24,0.64,26.3,0,2,3,0
COC(=O)/C=C(\C)OP(=O)(OC)OC,1,1,8,224.15,1.48,71.06,0,6,5,0
CCS(=O)(=O)CCSP(=O)(OC)OC,1,1,12,262.29,1.56,69.67,0,6,7,0
O=C(Cl)OCCOCCOC(=O)Cl,0,0,12,231.03,1.75,61.83,0,5,6,0
O=P(O)(O)O,0,0,12,97.99,-0.93,77.76,3,1,0,0
C=C(C)C(N)=O,0,0,12,85.11,0.05,43.09,1,1,1,0
CCCCCCOC(=O)CC(CC(=O)OCCCCCC)(OC(=O)CCC)C(=O)OCCCCCC,0,0,12,514.7,6.22,105.2,0,8,23,0
C=CC(=O)OCCCC,1,2,12,128.17,1.52,26.3,0,2,4,0
O=C(O)CC(C(=O)O)C(CC(=O)O)C(=O)O,0,0,12,234.16,-0.66,149.2,4,4,7,0
CCCCC(CC)C(=O)OC(C)C,0,0,11,186.29,3.15,26.3,0,2,6,0
CC(O)CN(CCCN(C)C)CCCN(C)C,0,0,12,245.41,0.57,29.95,1,4,10,0
CN(C)CCCNCCCN(C)C,0,0,12,187.33,0.48,18.51,1,3,8,0
O=C([O-])[C@H](O)[C@@H](O)[C@H](O)[C@H](O)CO,0,0,12,195.15,-4.83,141.28,5,7,5,0
CCC[N+](CCC)(CCC)CCC,0,0,12,186.36,3.44,0.0,0,0,8,0
NC(CSCC(=O)O)C(=O)O,0,0,2,179.2,-0.78,100.62,3,4,5,0
C[N+](C)(C)CCOC(N)=O,0,0,11,147.2,-0.21,52.32,1,2,3,0
CC(=O)CCC(=O)O,0,0,12,116.12,0.44,54.37,1,2,3,0
CCCCCCCC=O,0,0,12,128.22,2.55,17.07,0,1,6,0
CCCCCCCCCCCCCCCCCC(=O)O,1,2,12,284.48,6.33,37.3,1,1,16,0
CCCCCCCCC(=O)O,0,0,12,158.24,2.82,37.3,1,1,7,0
O=C(O)CCCCCCCC(=O)O,1,2,12,188.22,1.89,74.6,2,2,8,0
CCCC(=O)C(=O)O,0,0,11,116.12,0.44,54.37,1,2,3,0
O=C(O)CC(=O)C(=O)O,0,0,11,132.07,-0.89,91.67,2,3,3,0
CCCCCCCC(=O)O,0,0,12,144.21,2.43,37.3,1,1,6,0
CCCCN(CCCC)C(=S)[S][Ni][S]C(=S)N(CCCC)CCCC,0,0,11,467.46,6.74,6.48,0,4,14,0
[Ni+2],0,0,11,58.69,-0.0,0.0,0,0,0,0
CCCCCCCCCCCCCCCC(=O)OC[C@@H](COP(=O)([O-])OCC[N+](C)(C)C)OC(=O)CCCCCCCCCCCCCCC,1,1,9,734.05,10.61,111.19,0,8,38,0
CCCCCC,0,0,12,86.18,2.59,0.0,0,0,3,0
CCCCCC(C)=O,1,1,12,114.19,2.16,17.07,0,1,4,0
CCOC(=O)CCCCCCCCC(=O)OCC,0,0,11,258.36,3.23,52.6,0,4,11,0
CC(=O)CCC(C)C,0,0,12,114.19,2.01,17.07,0,1,3,0
O=C([O-])CN(CCN(CC(=O)[O-])CC(=O)[O-])CC(=O)[O-].[Fe+3],1,1,12,344.06,-7.41,167.0,0,10,11,0
C=CC(=O)NC(C)(C)CS(=O)(=O)O,1,1,12,207.25,-0.04,83.47,2,3,4,0
C=CC(=O)OCC(CC)(COC(=O)C=C)COC(=O)C=C,1,4,5,296.32,1.57,78.9,0,6,10,0
CC(CN)CCCN,0,0,11,116.21,0.32,52.04,2,2,4,0
O=[N+]([O-])[O][Cd][O][N+](=O)[O-],1,2,6,236.42,-0.68,104.74,0,6,4,0
CCCCN(CCCCO)N=O,0,0,12,174.24,1.54,52.9,1,3,8,0
CCCCN(N=O)C(=N)N[N+](=O)[O-],1,2,9,189.18,0.49,111.69,2,5,5,0
CC(Cl)COP(=O)(OCC(C)Cl)OCC(C)Cl,0,0,12,327.57,4.03,44.76,0,4,9,0
CCOC(=O)C(Cl)C(C)=O,0,0,12,164.59,0.75,43.37,0,3,3,0
COC(=O)C(C)=O,0,0,11,102.09,-0.25,43.37,0,3,1,0
CC(=O)OCC(COC(C)=O)OC(C)=O,1,2,12,218.2,0.04,78.9,0,6,5,0
CCCCC(CC)COC(C)=O,1,1,12,172.27,2.77,26.3,0,2,6,0
CCCCC(CC)COC(=O)CCCCCCCC(=O)OCC(CC)CCCC,0,0,12,412.66,7.24,52.6,0,4,20,0
N[C@@H](COP(=O)(O)O)C(=O)O,0,0,11,185.07,-1.49,130.08,4,4,4,0
COCC(=O)O,0,0,12,90.08,-0.28,46.53,1,2,2,0
NC(=O)CC[C@@H](N)C(=O)O,0,0,12,146.15,-1.34,106.41,3,3,4,0
CC(C)C[C@@H](N)C(=O)O,0,0,12,131.18,0.44,63.32,2,2,3,0
NNC(N)=S,1,2,11,91.14,-1.31,64.07,3,2,0,0
COC(=O)NCCC[Si](OC)(OC)OC,1,1,11,237.33,0.61,66.02,1,5,7,0
CCCOCCOCCOCCO,0,0,12,192.25,0.44,47.92,1,4,10,0
CCCCS(=O)(=O)Cl,0,0,12,156.63,1.36,34.14,0,2,3,0
C=C(C)C(=O)OCCOCCOC(=O)C(=C)C,0,0,11,242.27,1.24,61.83,0,5,8,0
CCCCC(CC)C(=O)[O-].CCCCC(CC)C(=O)[O-].[Ba+2],1,1,12,423.74,1.52,80.26,0,4,10,0
NC(N)=S,1,1,12,76.12,-0.81,52.04,2,1,0,0
CCC(C)(O)CCCC(C)C,0,0,12,158.28,2.97,20.23,1,1,5,0
CC(=O)OC(C)OC(C)=O,0,0,12,146.14,0.46,52.6,0,4,2,0
CCOC(=O)Cl,0,0,12,108.52,1.38,26.3,0,2,1,0
NS(=O)(=O)[O-],0,0,12,96.09,-1.59,83.22,1,3,0,0
COCCl,0,0,12,80.51,0.83,9.23,0,1,1,0
C[N+](C)(C)CCCl,0,0,10,122.62,0.93,0.0,0,0,2,0
CCOP(=S)(OCC)SCCl,0,0,11,234.71,3.21,18.46,0,4,6,0
C=CC(=O)CC,0,0,11,84.12,1.15,17.07,0,1,2,0
N=C(N)NCCC[C@H](N)C(=O)O,0,0,2,174.2,-1.34,125.22,5,3,5,0
C[CH2][Ge]([Cl])([CH2]C)[CH2]C,1,1,12,195.25,3.23,0.0,0,0,3,0
COP(=O)(OC)OC(Br)C(Cl)(Cl)Br,1,6,11,380.78,3.65,44.76,0,4,5,0
CCO,0,0,12,46.07,-0.0,20.23,1,1,0,0
CC(C)=CCC/C(C)=C/COC=O,0,0,12,182.26,2.85,26.3,0,2,6,0
CC(C)(CO)C(O)C(=O)NCCCO,0,0,11,205.25,-1.14,89.79,4,4,6,0
CCOP(=O)(Cl)Cl,0,0,12,162.94,2.61,26.3,0,2,2,0
CCC[CH2][Sn]([Cl])([CH2]CCC)[CH2]CCC,1,3,6,325.51,5.57,0.0,0,0,9,0
COC(C)(OC)OC,0,0,11,120.15,0.6,27.69,0,3,3,0
CCOCC(=O)O,0,0,12,104.1,0.11,46.53,1,2,3,0
CCCCCCCCCOC(=O)CCCCC(=O)OCCCCCCC,0,0,11,370.57,6.35,52.6,0,4,19,0
CCCCCCCCCCCCCCCC(=O)OCC,0,0,12,284.48,6.03,26.3,0,2,15,0
CCCCCCOC(=O)C(C)C,1,1,11,172.27,2.77,26.3,0,2,6,0
COC(C)(C)CC(C)=O,0,0,12,130.19,1.39,26.3,0,2,3,0
NCCCC(O)(P(=O)([O-])O)P(=O)(O)O,0,0,2,248.09,-1.91,164.14,5,5,5,0
COC(C)COC(C)COC(C)CO,1,1,12,206.28,0.82,47.92,1,4,8,0
COC(=O)CCCC(=O)OC,0,0,12,160.17,0.5,52.6,0,4,4,0
OCCOCC#CCOCCO,0,0,10,174.2,-0.99,58.92,2,4,6,0
NCCOCCN,0,0,11,104.15,-1.08,61.27,2,3,4,0
CCCCOC(=O)C(=O)OCCCC,0,0,12,202.25,1.67,52.6,0,4,6,0
OCCN(CCO)CCN(CCO)CCO,0,0,11,236.31,-2.44,87.4,4,6,11,0
CCCCCCC=O,0,0,12,114.19,2.16,17.07,0,1,5,0
CCCCCCCCCCCC(=O)O,0,0,12,200.32,3.99,37.3,1,1,10,0
O=C(O)CCl,0,0,10,94.5,0.31,37.3,1,1,1,0
CCC(C)SSC(C)CC,0,0,11,178.37,3.96,0.0,0,2,5,0
C#CC(O)C(CC)CCCC,0,0,12,154.25,2.2,20.23,1,1,5,0
CCCCCCCCCCCCCC=O,1,1,12,212.38,4.89,17.07,0,1,12,0
O=CC(Br)(Br)Br,1,5,7,280.74,2.02,17.07,0,1,0,0
CCCCCCCCCCCCCC(=O)O,0,0,12,228.38,4.77,37.3,1,1,12,0
O=C(O)C(Br)(Br)Br,1,1,12,296.74,1.91,37.3,1,1,0,0
CCCCCCCO,0,0,12,116.2,1.95,20.23,1,1,5,0
N#CCCCCC#N,0,0,12,108.14,1.59,47.58,0,2,3,0
CCCCCCO,0,0,11,102.18,1.56,20.23,1,1,4,0
CCCCCCN,1,1,11,101.19,1.53,26.02,1,1,4,0
OCCNCCO,0,0,12,105.14,-1.44,52.49,3,3,4,0
C=C(C)CNCC,1,1,12,99.18,1.17,12.03,1,1,3,0
CCCCC(CC)C(=O)OCCOCCOCCOCCOC(=O)C(CC)CCCC,1,1,12,446.63,4.56,80.29,0,7,22,0
CC[Si](OC(C)=O)(OC(C)=O)OC(C)=O,0,0,12,234.28,0.63,78.9,0,6,4,0
CCCOCC(C)OCC(C)O,0,0,11,176.26,1.2,38.69,1,3,7,0
O=C(CS)OCCOC(=O)CS,1,2,10,210.28,-0.07,52.6,2,6,5,0
CCN(CC)C(=O)N(CC)CC,0,0,12,172.27,1.79,23.55,0,1,4,0
C=C(C)CCl,0,0,12,90.55,1.8,0.0,0,0,1,0
CCCCCCCCCCl,1,1,12,162.7,3.98,0.0,0,0,7,0
CCCCCCCCCCCCCl,1,2,12,204.78,5.15,0.0,0,0,10,0
CCCCCCCCCCCC(=O)N(CCO)CCO,0,0,10,287.44,2.72,60.77,2,3,14,0
C=CC(C)(CCC=C(C)C)OC(C)=O,0,0,12,196.29,3.24,26.3,0,2,5,0
OCC(CO)(CO)CO,0,0,12,136.15,-2.06,80.92,4,4,4,0
CCCCC(=O)Cl,0,0,7,120.58,1.94,17.07,0,1,3,0
CC(=O)N[C@@H]([C@@H](O)[C@H](O)[C@H](O)CO)[C@@H](O)CC(=O)C(=O)O,0,0,10,309.27,-4.03,184.62,7,8,9,0
CCCCCCC(=O)CCCCCC/C=C/C[C@@H](O)[C@H](O)[C@@](N)(CO)C(=O)O,0,0,12,401.54,2.31,141.08,5,6,18,0
CCC(=O)OCCC(C)CCC=C(C)C,1,1,11,212.33,3.71,26.3,0,2,7,0
CCCCCCCCCCCC(=O)O.OCCN(CCO)CCO,0,0,8,349.51,2.26,101.23,4,5,16,0
CCCCCCCCC(=O)OCC(C)OC(=O)CCCCCCCC,0,0,12,356.55,5.96,52.6,0,4,17,0
CCCCCCCCCCOC(C)=O,1,1,12,200.32,3.69,26.3,0,2,9,0
CCN(CC)C(=S)SSC(=S)N(CC)CC,1,6,9,296.55,3.62,6.48,0,4,4,0
CCC(C)Br,0,0,12,137.02,2.18,0.0,0,0,1,0
N#CCBr,0,0,12,119.95,0.9,23.79,0,1,0,0
O=C(O)CBr,0,0,11,138.95,0.47,37.3,1,1,1,0
O=S(=O)(O)F,0,0,12,100.07,-0.24,54.37,1,2,0,0
O=C(Cl)/C=C/C(=O)Cl,1,1,12,152.96,1.07,34.14,0,2,2,0
CCCCCCCCOC(C)=O,0,0,12,172.27,2.91,26.3,0,2,7,0
O=C(O)CCSCCC(=O)O,0,0,12,178.21,0.67,74.6,2,3,6,0
CC(C[N+](C)(C)C)OC(N)=O,0,0,12,161.22,0.18,52.32,1,2,3,0
FC(F)(F)C(Cl)Br,0,0,12,197.38,2.51,0.0,0,0,0,0
CCC(C)C(C)(COC(N)=O)COC(N)=O,0,0,2,232.28,1.23,104.64,2,4,6,0
OC[C@@H](O)[C@@H](O)[C@H](O)[C@H](O)CO,0,0,12,182.17,-3.59,121.38,6,6,5,0
CC(O)CCO,1,2,12,90.12,-0.25,40.46,2,2,2,0
O=C(O)CCS,0,0,12,106.15,0.39,37.3,2,2,2,0
N=C(N)N[N+](=O)[O-],0,0,12,104.07,-1.34,105.04,3,3,1,0
CC(C)(C)OOC(C)(C)C,0,0,12,146.23,2.53,18.46,0,2,1,0
CCCCNCCCC,0,0,10,129.25,2.18,12.03,1,1,6,0
CCCCN(CCO)CCCC,0,0,11,173.3,1.88,23.47,1,2,8,0
CC(C)(C)NCCNC(C)(C)C,0,0,11,172.32,1.76,24.06,2,2,3,0
CC(C)=CCC/C(C)=C/CC/C(C)=C/CCC(=O)OC/C=C(\C)CCC=C(C)C,0,0,11,400.65,8.42,26.3,0,2,14,0
CN(C)CCOCCO,0,0,12,133.19,-0.44,32.7,1,3,5,0
FC(F)(F)C(F)(F)C(F)(F)C(F)(F)CCI,1,1,12,373.98,4.28,0.0,0,0,4,0
CC/C=C\CCOC(=O)CC,0,0,12,156.22,2.3,26.3,0,2,5,0
CO[PH](=O)OC,0,0,12,110.05,0.67,35.53,0,3,2,0
C=CC(C)(CCC=C(C)C)OC(=O)CC,0,0,12,210.32,3.63,26.3,0,2,6,0
CCOC(=O)CC([O-])C(=O)OCC,0,0,12,189.19,-0.77,75.66,0,5,5,0
C=CC(=O)OCC(C)OCC(C)OCC(C)OC(=O)C=C,1,4,6,300.35,1.64,71.06,0,6,11,0
C/C=C(/C)C#N,0,0,12,81.12,1.48,23.79,0,1,0,0
C=CC(=O)OCC[N+](C)(C)C,1,1,12,158.22,0.42,26.3,0,2,4,0
CCCCCC(CO)CCC,0,0,12,158.28,2.98,20.23,1,1,7,0
CS(=O)(=O)OCC(O)C(O)COS(C)(=O)=O,0,0,9,278.3,-2.34,127.2,2,8,7,0
C=CCN(CC=C)CC=C,1,1,11,137.23,1.85,3.24,0,1,6,0
O=C(NCO)NCO,0,0,12,120.11,-1.81,81.59,4,3,2,0
CC(C)(Cl)Cl,0,0,12,112.99,2.2,0.0,0,0,0,0
CCCCCCCCCCCCCCCCOP(=O)([O-])OCC[N+](C)(C)C,0,0,10,407.58,5.68,58.59,0,4,20,0
C=CCCC#N,0,0,12,81.12,1.48,23.79,0,1,2,0
C=CC/C=C/C,0,0,10,82.15,2.14,0.0,0,0,2,0
CCCCOC(=O)CC,0,0,12,130.19,1.74,26.3,0,2,4,0
CCSC(=O)N(CC(C)C)CC(C)C,0,0,12,217.38,3.47,20.31,0,2,5,0
CCCCCCCCCCC,0,0,10,156.31,4.54,0.0,0,0,8,0
CCCCCCCCCCC=O,1,1,12,170.3,3.72,17.07,0,1,9,0
CCCCCCCCCCCCC(=O)O,0,0,10,214.35,4.38,37.3,1,1,11,0
O=C(O)CCCCCCCCCCCC(=O)O,0,0,12,244.33,3.45,74.6,2,2,12,0
O=C(CCl)C(Cl)Cl,1,6,8,161.42,1.6,17.07,0,1,2,0
CCCCCCCC(=O)N(C)C,0,0,12,171.28,2.44,20.31,0,1,6,0
CN(C)CCCCCCN(C)C,0,0,12,172.32,1.67,6.48,0,2,7,0
N#[C][Au-][C]#N,1,4,5,249.0,0.03,47.58,0,2,0,0
ClC(Cl)(Cl)Cl,0,0,12,153.82,2.55,0.0,0,0,0,0
CCC(Br)(CC)C(=O)NC(N)=O,0,0,12,237.1,1.13,72.19,2,2,3,0
CC(O)C(C)O,0,0,12,90.12,-0.25,40.46,2,2,1,0
CCCCCCCCCCCCCCCCCBr,0,0,11,319.37,7.25,0.0,0,0,15,0
C/C=C(\C)C(C)=O,0,0,12,98.14,1.54,17.07,0,1,1,0
CCCCC(CC)C(=O)OCCOCCOCCOC(=O)C(CC)CCCC,0,0,12,402.57,4.54,71.06,0,6,19,0
CCCSC(=O)Cl,0,0,12,138.62,2.49,17.07,0,2,2,0
CC(O)COC(C)(C)C,0,0,9,132.2,1.18,29.46,1,2,2,0
FC(F)(F)C(F)(F)C(F)(F)C(F)(F)C(F)(F)C(F)(F)C(F)(F)C(F)(F)Br,0,0,12,498.96,6.35,0.0,0,0,6,0
C=CCCCCCCCCC(=O)OC,0,0,10,198.31,3.47,26.3,0,2,9,0
CC(O)C(=O)O,1,1,12,90.08,-0.55,57.53,2,2,1,0
CCC(=O)C(=O)CC,0,0,12,114.14,0.94,34.14,0,2,3,0
ClC=CCCl,0,0,12,110.97,1.98,0.0,0,0,1,0
NCCS(=O)(=O)O,1,3,12,125.15,-1.17,80.39,2,3,2,0
CC(C)C(=O)OCC(C)(C)C(OC(=O)C(C)C)C(C)C,1,2,12,286.41,3.44,52.6,0,4,7,0
CCCCCCCN,0,0,11,115.22,1.92,26.02,1,1,5,0
CCOP(O)OCC,0,0,12,138.1,1.28,38.69,1,3,4,0
C[Si](C)(C)O[Si](O)(O)O,0,0,10,168.3,-0.75,69.92,3,4,2,0
C=C(C)C(=O)OCCOP(=O)(O)O,0,0,11,210.12,0.21,93.06,2,4,5,0
FC(Cl)(Cl)C(F)(Cl)Cl,0,0,12,203.83,3.19,0.0,0,0,1,0
CCC(CC)C(C)CCOC(C)=O,0,0,11,186.29,3.01,26.3,0,2,6,0
O=CCCCC=O,1,3,11,100.12,0.55,34.14,0,2,4,0
N#[C][Fe-2]([C]#N)([C]#N)([C]#N)([C]#N)[N]=O,1,1,12,215.94,0.3,148.38,0,7,1,0
C#CCOC(=O)/C=C(C)/C=C/CC(C)CCCC(C)C,0,0,11,276.42,4.52,26.3,0,2,9,0
COC(C)(C)CCCC(C)C/C=C/C(C)=C/C(=O)OC(C)C,1,3,11,310.48,5.06,35.53,0,3,10,0
CCCCCCCCCCC(CO)CCCCCCCC,0,0,12,298.56,6.88,20.23,1,1,17,0
CN(C)C(=S)[S-],1,1,9,120.22,0.38,3.24,0,2,0,0
C=CC(=O)NCOCCCC,1,1,12,157.21,1.06,38.33,1,2,6,0
CCCCCCCCCC#N,0,0,11,153.27,3.65,23.79,0,1,7,0
ClCCCCBr,0,0,11,171.47,2.4,0.0,0,0,3,0
CCCCCCCCCCCBr,0,0,10,235.21,4.91,0.0,0,0,9,0
CCCCCCCCCBr,0,0,12,207.16,4.13,0.0,0,0,7,0
CCCCCCOC(=O)CCCCC,0,0,12,200.32,3.69,26.3,0,2,9,0
O=C(O)C(F)(F)C(F)(F)C(F)(F)C(F)(F)C(F)(F)C(F)(F)C(F)(F)C(F)(F)C(F)(F)C(F)(F)F,0,0,8,564.09,6.35,37.3,1,1,9,0
CC=C(C)C(=O)OCCC(C)CCC=C(C)C,0,0,12,238.37,4.27,26.3,0,2,7,0
C=C(C)C(=O)OCCC(F)(F)C(F)(F)C(F)(F)C(F)(F)C(F)(F)C(F)(F)F,0,0,12,432.18,5.23,26.3,0,2,8,0
CCCCCCOC(=O)CCC,0,0,12,172.27,2.91,26.3,0,2,7,0
CCCCCCCCCCCCSC#N,0,0,10,227.42,5.12,23.79,0,2,11,0
[Cl][Sn]([Cl])([Cl])[Cl],0,0,12,260.52,2.38,0.0,0,0,0,0
CC(O)(P(=O)([O-])O)P(=O)([O-])O,0,0,12,204.01,-2.26,140.95,3,5,2,0
O=[Si]=O,0,0,12,60.08,-0.62,34.14,0,2,0,0
CCCCOC(=O)[C@H](C)O,0,0,12,146.19,0.71,46.53,1,3,4,0
CCCOC(=O)CC,0,0,11,116.16,1.35,26.3,0,2,3,0
CC(COC(C)(C)C)OCCCO,0,0,12,190.28,1.59,38.69,1,3,6,0
CCOP(=S)(OCC)SCSC(C)(C)C,0,0,11,288.44,4.51,18.46,0,5,7,0
CCCCOCCOCCO,0,0,12,162.23,0.81,38.69,1,3,8,0
O=C(O)/C=C/C(=O)O,1,3,11,116.07,-0.29,74.6,2,2,2,0
O=C(O)/C=C\C(=O)O,0,0,12,116.07,-0.29,74.6,2,2,2,0
CCC(C)=O,0,0,12,72.11,0.99,17.07,0,1,1,0
CCCC(=O)O,0,0,12,88.11,0.87,37.3,1,1,2,0
CCCC=O,0,0,12,72.11,0.99,17.07,0,1,2,0
CCC(=O)OC,0,0,12,88.11,0.57,26.3,0,2,1,0
CN=C=S,0,0,12,73.12,0.72,12.36,0,2,0,0
CC(C)=CCO,0,0,12,86.13,0.94,20.23,1,1,1,0
COP(=O)(OC)O/C(C)=C/C(=O)N(C)C,0,0,11,237.19,1.4,65.07,0,5,5,0
ClCCOCOCCCl,0,0,12,173.04,1.45,18.46,0,2,6,0
CC(C)=CCl,1,2,12,90.55,2.15,0.0,0,0,0,0
CN(C)CCCN(C)CCCN(C)C,0,0,10,201.36,0.82,9.72,0,3,8,0
NCCCOCCOCCOCCCN,1,1,11,220.31,-0.27,79.73,2,5,12,0
CN(C)CCO,1,1,12,89.14,-0.46,23.47,1,2,2,0
C[As](C)(=O)O,1,1,12,138.0,0.11,37.3,1,1,0,0
O=C(O)C(F)(F)C(F)(F)C(F)(F)C(F)(F)C(F)(F)C(F)(F)C(F)(F)C(F)(F)F,1,2,9,464.07,5.08,37.3,1,1,7,0
O=C(O)C(F)(F)C(F)(F)C(F)(F)C(F)(F)C(F)(F)F,0,0,10,314.05,3.17,37.3,1,1,4,0
O=C(O)C(F)(F)C(F)(F)C(F)(F)C(F)(F)C(F)(F)C(F)(F)C(F)(F)C(F)(F)C(F)(F)F,0,0,10,514.08,5.72,37.3,1,1,8,0
O=C(O)C(F)(F)C(F)(F)C(F)(F)C(F)(F)C(F)(F)C(F)(F)C(F)(F)F,1,1,11,414.06,4.45,37.3,1,1,6,0
O=S(=O)(O)C(F)(F)C(F)(F)C(F)(F)C(F)(F)C(F)(F)C(F)(F)C(F)(F)C(F)(F)F,0,0,8,500.13,4.84,54.37,1,2,7,0
CC(C)CC(=O)N[C@H](C(=O)N[C@H](C(=O)N[C@@H](CC(C)C)[C@@H](O)CC(=O)N[C@@H](C)C(=O)N[C@@H](CC(C)C)[C@@H](O)CC(=O)O)C(C)C)C(C)C,0,0,11,685.9,1.47,223.26,8,8,22,0
FC(F)(F)C(F)(F)C(F)(F)C(F)(F)C(F)(F)C(F)(F)F,0,0,10,338.04,4.65,0.0,0,0,3,0
CCCCOCC(C)O,0,0,10,132.2,1.18,29.46,1,2,5,0
C=C(C)C(=O)OCC[N+](C)(C)C,0,0,11,172.25,0.81,26.3,0,2,4,0
CC(C)C(=O)OCC(C)(C)C(O)C(C)C,0,0,12,216.32,2.23,46.53,1,3,5,0
C=C(C)C#N,0,0,12,67.09,1.09,23.79,0,1,0,0
COP(N)(=O)SC,0,0,12,141.13,1.06,52.32,1,3,2,0
CCCCSP(=O)(SCCCC)SCCCC,0,0,12,314.52,6.69,17.07,0,4,12,0
CCOC(=O)CCC(C)=O,0,0,11,144.17,0.92,43.37,0,3,4,0
CNC(=O)CSP(=O)(OC)OC,0,0,12,213.19,0.87,64.63,1,5,5,0
C=CC(C)=CCC=C(C)C,1,1,11,136.24,3.48,0.0,0,0,3,0
CCOC(=O)CC(C)C,0,0,12,130.19,1.6,26.3,0,2,3,0
CCCCCCCCCCCCN(CCCCCCCCCCCC)CCCCCCCCCCCC,0,0,12,522.0,13.05,3.24,0,1,33,0
C=C(C)C(=O)OCCCCCCCCCCOC(=O)C(=C)C,0,0,12,310.43,4.35,52.6,0,4,13,0
O=S(=O)([O-])CC(O)CCl,0,0,11,173.6,-0.87,77.43,1,4,3,0
C=CCOCC(CC)(CO)COCC=C,0,0,12,214.3,1.78,38.69,1,3,10,0
CCC(C)(CCC(C)C)C(=O)[O][Sn]([CH3])([CH3])[O]C(=O)C(C)(CC)CCC(C)C,1,2,10,491.3,6.48,52.6,0,4,12,0
CC(C)CP(=S)([S-])CC(C)C,1,1,12,209.34,3.24,0.0,0,2,4,0
CCCCCCCCCCCC#N,0,0,12,181.32,4.43,23.79,0,1,9,0
C=C(C)C(=O)OCCOCC,0,0,11,158.2,1.14,35.53,0,3,5,0
CCNC(=O)NC(=O)/C(C#N)=N/OC,0,0,11,198.18,-0.64,103.58,2,5,3,0
OC[C@@H](O)[C@@H](O)[C@H](O)[C@@H](O)CO,0,0,12,182.17,-3.59,121.38,6,6,5,0
CCCCCCCCCCCCOS(=O)(=O)O.OCCN(CCO)CCO,0,0,12,415.59,1.99,127.53,4,7,18,0
C=CCNCC=C,0,0,12,97.16,0.95,12.03,1,1,4,0
CCCCC/C=C/C=C/C=O,1,2,9,152.24,2.88,17.07,0,1,6,0
CCCCCCCCCC,1,1,12,142.29,4.15,0.0,0,0,7,0
C=C(C)C(=O)OCCCCCCCCCC,0,0,11,226.36,4.25,26.3,0,2,10,0
C=CC(=O)NC(C)(C)CC(C)=O,0,0,12,169.22,1.05,46.17,1,2,4,0
CC(=O)CC(C)(C)O,0,0,12,116.16,0.74,37.3,1,2,2,0
O=C([O-])C(Cl)Cl,0,0,12,127.93,-0.46,40.13,0,2,1,0
NNC(=S)NN,1,2,11,106.15,-1.8,76.1,4,3,0,0
CCCCC/C=C\CCC=O,0,0,12,154.25,3.1,17.07,0,1,7,0
CCCC(C)C(O)CC,0,0,12,130.23,2.19,20.23,1,1,4,0
C=C/C(C)=C/C/C=C(\C)CCC=C(C)C,1,2,11,204.36,5.2,0.0,0,0,6,0
CCCCCCCCCCCCCCOS(=O)(=O)[O-],0,0,10,293.45,4.16,66.43,0,4,14,0
CCCCCCOC(=O)CCCCC(=O)OCCCCCC,0,0,11,314.47,4.79,52.6,0,4,15,0
CCCCCCCCCC(=O)OC,0,0,12,186.29,3.3,26.3,0,2,8,0
OC/C=C/CO,1,1,10,88.11,-0.47,40.46,2,2,2,0
O=CCCl,0,0,12,78.5,0.42,17.07,0,1,1,0
CC(C)N(C(=O)SCC(Cl)=CCl)C(C)C,1,1,4,270.23,4.28,20.31,0,2,4,0
NC(N)=O.OO,0,0,12,94.07,-0.96,109.57,4,3,0,0
CCCCCCCC(=O)Cl,0,0,12,162.66,3.11,17.07,0,1,6,0
CCCCCOC(C)=O,1,1,12,130.19,1.74,26.3,0,2,4,0
CCCCCCCCCCCCCC,0,0,12,198.39,5.71,0.0,0,0,11,0
CCCCCCCCCCCCC,0,0,12,184.37,5.32,0.0,0,0,10,0
OCCCCCCO,0,0,11,118.18,0.53,40.46,2,2,5,0
C=CCCCCCCCCCCCCCC,0,0,11,224.43,6.26,0.0,0,0,13,0
CCCCCCCCCCCCCCC,0,0,12,212.42,6.1,0.0,0,0,12,0
NC(=O)CI,0,0,9,184.96,-0.09,43.09,1,1,1,0
IC(I)I,1,1,10,393.73,2.58,0.0,0,0,0,0
C=CCOCC(CO)(COCC=C)COCC=C,0,0,12,256.34,1.57,47.92,1,4,13,0
COC(=O)CCCC(=O)O,0,0,10,146.14,0.41,63.6,1,3,4,0
FC(F)OC(F)(F)C(F)Cl,0,0,12,184.49,2.35,9.23,0,1,3,0
CCCN(CC)C(CC)C(=O)Nc1c(C)cccc1C,0,0,10,276.42,3.75,32.34,1,2,7,1
O=S(=O)(Cl)c1ccccc1,0,0,12,176.62,1.61,34.14,0,2,1,1
COc1cc(O)cc(O)c1,0,0,8,140.14,1.11,49.69,2,3,1,1
O=C(O)[C@H](O)c1ccccc1,0,0,11,152.15,0.8,57.53,2,2,2,1
Nc1ccccc1S(=O)(=O)O,0,0,11,173.19,0.52,80.39,2,3,1,1
Oc1c(Cl)c(Cl)c(Cl)c(Cl)c1Cl,1,4,8,266.34,4.66,20.23,1,1,0,1
CNC(=O)Nc1ccc(Cl)c(Cl)c1,1,1,10,219.07,2.74,41.13,2,1,1,1
CC(=O)Nc1ccc(C)c(Cl)c1,0,0,10,183.64,2.61,29.1,1,1,1,1
CC(C)N(c1ccccc1)C(C)C,0,0,12,177.29,3.31,3.24,0,1,3,1
CCc1cccc(C)c1,0,0,12,120.19,2.56,0.0,0,0,1,1
CC(C)CCCCCCCOP(OCCCCCCCC(C)C)Oc1ccccc1,0,0,11,438.63,9.32,27.69,0,3,20,1
CCOP(=S)(CC)Sc1ccccc1,1,1,11,246.34,4.14,9.23,0,3,5,1
COCCCC/C(=N\OCCN)c1ccc(C(F)(F)F)cc1,0,0,8,318.34,3.2,56.84,1,4,9,1
Cc1ccccc1CCO,0,0,12,136.19,1.53,20.23,1,1,2,1
CC(C)COC(=O)c1ccccc1,0,0,11,178.23,2.5,26.3,0,2,3,1
Nc1ccc(N)c([N+](=O)[O-])c1,1,3,10,153.14,0.76,95.18,2,4,1,1
O=C(O)c1cc(Cl)cc(Cl)c1O,0,0,11,207.01,2.4,57.53,2,2,1,1
O=[N+]([O-])c1cc([As](=O)(O)O)ccc1O,0,0,12,263.04,-1.14,120.9,3,4,2,1
C=CCOc1c(Br)cc(Br)cc1Br,1,1,11,370.87,4.54,9.23,0,1,3,1
Cc1ccc(C(=O)O)cc1[N+](=O)[O-],0,0,12,181.15,1.6,80.44,1,3,2,1
Cc1cc(C(=O)O)ccc1[N+](=O)[O-],0,0,12,181.15,1.6,80.44,1,3,2,1
O=C([O-])c1ccccc1O,0,0,11,137.11,-0.24,60.36,1,3,1,1
NC(=O)c1ccccc1,0,0,12,121.14,0.79,43.09,1,1,1,1
CC(C)NC[C@@H](O)COc1ccc(CC(N)=O)cc1,0,0,12,266.34,0.45,84.58,3,4,8,1
Nc1ccc([N+](=O)[O-])cc1N,1,5,11,153.14,0.76,95.18,2,4,1,1
O=[N+]([O-])c1cc(C(F)(F)F)cc([N+](=O)[O-])c1Cl,1,2,7,270.55,3.18,86.28,0,4,2,1
CNCC(=O)c1ccc(O)c(O)c1,0,0,2,181.19,0.5,69.56,3,4,3,1
Cc1ccc(N)c(N)c1,1,6,11,122.17,1.16,52.04,2,2,0,1
O=[N+]([O-])c1ccc([As](=O)(O)O)cc1,0,0,11,247.04,-0.84,100.67,2,3,2,1
ONc1ccccc1,1,2,9,109.13,1.49,32.26,2,2,1,1
O=CC(=O)c1ccccc1,0,0,11,134.13,1.07,34.14,0,2,2,1
ClCc1ccc(Cl)cc1Cl,0,0,9,195.48,3.73,0.0,0,0,1,1
Cc1ccc(C(=O)C(=O)[O-])cc1C,0,0,2,177.18,0.24,57.2,0,3,2,1
CC(=O)c1ccccc1O,0,0,11,136.15,1.59,37.3,1,2,1,1
O=C(O)Cc1c(Cl)ccc(Cl)c1Cl,1,1,12,239.49,3.27,37.3,1,1,2,1
Cc1ccc(C(C)(C)C)cc1,0,0,12,148.25,3.29,0.0,0,0,0,1
Nc1cc(Cl)cc(Cl)c1,0,0,12,162.02,2.58,26.02,1,1,0,1
CC(C)(C)c1cc([N+](=O)[O-])cc(C(C)(C)C)c1O,1,1,4,251.33,3.9,63.37,1,3,1,1
O=Cc1ccc(C(=O)O)cc1,1,1,12,150.13,1.2,54.37,1,2,2,1
CC(C)(O)c1ccccc1,0,0,9,136.19,1.91,20.23,1,1,1,1
ClCc1ccccc1Cl,0,0,10,161.03,3.08,0.0,0,0,1,1
Cc1ccc([N+](=O)[O-])c([N+](=O)[O-])c1,1,1,10,182.13,1.81,86.28,0,4,2,1
N#CCc1cccc(C(F)(F)F)c1,0,0,11,185.15,2.77,23.79,0,1,1,1
COc1cccc(Br)c1,0,0,12,187.04,2.46,9.23,0,1,1,1
CC(O)COc1ccccc1,0,0,12,152.19,1.45,29.46,1,2,3,1
CC(C)OC(=O)Nc1cccc(Cl)c1,1,1,9,213.66,3.3,38.33,1,2,2,1
CC(C)OC(=O)Nc1ccccc1,1,1,11,179.22,2.64,38.33,1,2,2,1
CCCCC(CC)COC(=O)c1ccc(C(=O)OCC(CC)CCCC)c(C(=O)OCC(CC)CCCC)c1,1,1,12,546.79,8.81,78.9,0,6,21,1
O=C(O)c1ccc(O)cc1O,0,0,12,154.12,0.8,77.76,3,3,1,1
NC(=O)OCC(COC(N)=O)c1ccccc1,0,0,12,238.24,0.96,104.64,2,4,5,1
CCNC(C)Cc1cccc(C(F)(F)F)c1,0,0,9,231.26,3.25,12.03,1,1,4,1
CCOP(=S)(NC(C)C)Oc1ccccc1C(=O)OC(C)C,1,2,10,345.4,3.89,56.79,1,5,8,1
COc1ccc(C=CC(=O)OCCC(C)C)cc1,0,0,6,248.32,3.3,35.53,0,3,6,1
CC(C)Cc1ccc([C@@H](C)C(=O)NS(C)(=O)=O)cc1,0,0,10,283.39,2.06,63.24,1,3,5,1
NC(=O)OCC(O)COc1ccc(Cl)cc1,0,0,9,245.66,1.18,81.78,2,4,5,1
CC(C)COC(=O)COc1cc(Cl)c(Cl)cc1Cl,0,0,10,311.59,4.22,35.53,0,3,5,1
COC(=O)c1ccc(C)cc1,0,0,12,150.18,1.78,26.3,0,2,1,1
CC(=O)C=Cc1ccccc1,1,1,12,146.19,2.29,17.07,0,1,2,1
C=CCc1ccc(O)c(OC)c1,0,0,12,164.2,2.13,29.46,1,2,3,1
COc1c(Br)cc(Br)c(C)c1Br,0,0,11,358.86,4.29,9.23,0,1,1,1
NS(=O)(=O)c1ccccc1OC(F)(F)F,0,0,12,241.19,1.23,69.39,1,3,2,1
NS(=O)(=O)c1ccc(C(=O)O)cc1,0,0,12,201.2,0.03,97.46,2,3,2,1
O=C(Cl)c1cc(C(=O)Cl)cc(C(=O)Cl)c1,1,2,9,265.48,2.82,51.21,0,3,3,1
Cc1cc(O)cc(C)c1Cl,1,1,12,156.61,2.66,20.23,1,1,0,1
COC(=O)c1ccc(CBr)cc1,1,3,11,229.07,2.37,26.3,0,2,2,1
S=C=NCc1ccccc1,1,3,9,149.22,2.29,12.36,0,2,2,1
ClCc1ccccc1,0,0,12,126.59,2.43,0.0,0,0,1,1
OCc1ccccc1,0,0,12,108.14,1.18,20.23,1,1,1,1
CC(=O)OCc1ccccc1,0,0,12,150.18,1.75,26.3,0,2,2,1
CCOc1ccc(N)cc1,1,2,11,137.18,1.67,35.25,1,2,2,1
CCOc1cccc(N)c1,0,0,11,137.18,1.67,35.25,1,2,2,1
CCC(Cc1c(I)cc(I)c(O)c1I)C(=O)O,0,0,6,571.92,3.86,57.53,2,2,4,1
CCOc1cc(NC(C)=O)ccc1C(=O)OC,0,0,11,237.25,1.83,64.63,1,4,4,1
COc1ccc(N)cc1N,1,5,10,138.17,0.86,61.27,2,3,1,1
O=C=Nc1ccc(Cl)cc1,1,1,7,153.57,2.31,29.43,0,2,1,1
CC(C)OC(=O)c1ccccc1C(=O)OC(C)C,0,0,12,250.29,2.82,52.6,0,4,4,1
CCCCC(CC)COC(=O)c1ccccc1O,0,0,2,250.34,3.77,46.53,1,3,7,1
C=Cc1ccc(S(=O)(=O)[O-])cc1,1,1,10,183.21,1.23,57.2,0,3,2,1
O=[N+]([O-])c1cc(C(F)(F)F)c(Cl)c([N+](=O)[O-])c1Cl,0,0,3,305.0,3.83,86.28,0,4,2,1
Nc1cc(C(F)(F)F)ccc1S,1,1,1,193.19,2.58,26.02,2,2,0,1
CC(=O)SCC(CC(=O)c1ccc(C)cc1)C(=O)O,0,0,12,280.35,2.55,71.44,1,4,6,1
CC(C)(C)NC[C@H](O)c1ccc(O)cc1Cl,0,0,12,243.73,2.47,52.49,3,3,3,1
CCCCC/C=C\C/C=C\CCCCCCCC(=O)NC(C)c1ccccc1,1,1,12,383.62,7.68,29.1,1,1,16,1
CC(NN)c1ccccc1,0,0,10,136.2,1.21,38.05,2,2,2,1
O=Cc1ccc(Cl)cc1,0,0,8,140.57,2.15,17.07,0,1,1,1
CCN(C)C(=O)Oc1cccc([C@H](C)N(C)C)c1,0,0,12,250.34,2.76,32.78,0,3,4,1
CCN(CC)C(C)C(=O)c1ccccc1,0,0,11,205.3,2.6,20.31,0,2,5,1
Cc1cccc(C(=O)O)c1[N+](=O)[O-],0,0,12,181.15,1.6,80.44,1,3,2,1
CCN(CC)c1ccc(N)cc1,1,4,8,164.25,2.12,29.26,1,2,3,1
C=CCOc1ccc(CC(=O)O)cc1Cl,1,4,10,226.66,2.53,46.53,1,2,5,1
NNc1ccc(C(=O)O)cc1,1,1,9,152.15,0.67,75.35,3,3,2,1
CCCCCCOc1ccccc1C(=O)O,0,0,11,222.28,3.34,46.53,1,2,7,1
CCc1cccc(C)c1N(C(=O)CCl)[C@@H](C)COC,1,1,9,283.8,3.16,29.54,0,2,6,1
CCOc1ccc([N+](=O)[O-])cc1,1,3,7,167.16,1.99,52.37,0,3,3,1
CCCCN(CCCC)CCCOC(=O)c1ccc(N)cc1,0,0,12,306.45,3.72,55.56,1,4,11,1
CC(C)c1ccc(C(C)C)cc1,0,0,12,162.28,3.93,0.0,0,0,2,1
O=C(O)CNC(=O)c1ccccc1,0,0,12,179.18,0.5,66.4,2,2,3,1
CC(=O)Oc1c(C)cc(OCC(O)CNC(C)C)c(C)c1C,1,3,9,309.41,2.27,67.79,2,5,7,1
O=Cc1cccc(Br)c1,0,0,12,185.02,2.26,17.07,0,1,1,1
CC(C)C[C@@H](NC(=O)[C@@H](O)[C@H](N)Cc1ccccc1)C(=O)O,1,1,10,308.38,0.53,112.65,4,4,8,1
Cc1cccc(C)c1NC(=O)CN(CC(=O)O)CC(=O)O,0,0,11,294.31,0.71,106.94,3,4,7,1
CCc1ccc(O)c(OC)c1,0,0,12,152.19,1.96,29.46,1,2,2,1
NS(=O)(=O)c1cc(Cl)c(Cl)c(S(N)(=O)=O)c1,0,0,9,305.16,0.29,120.32,2,4,2,1
C=CCc1ccc(OC)c(OC)c1,1,1,12,178.23,2.43,18.46,0,2,4,1
CCN(CC)CCNC(=O)COc1ccc(OC)cc1,1,1,12,280.37,1.53,50.8,1,4,9,1
COc1cc(CC(C)N)c(OC)cc1Br,0,0,9,274.16,2.36,44.48,1,3,4,1
COC(=O)CCc1ccc(OCC(O)CNC(C)C)cc1,0,0,12,295.38,1.53,67.79,2,5,9,1
CC(C)c1cccc(C(C)C)c1O,1,1,12,178.27,3.64,20.23,1,1,2,1
COc1cc(OC)c(OC)cc1C=O,0,0,11,196.2,1.52,44.76,0,4,4,1
N=C(N)c1ccccc1,0,0,12,120.15,0.97,49.87,2,1,1,1
Cc1ccc(C(N)=O)cc1N,0,0,12,150.18,0.68,69.11,2,2,1,1
C[C@](N)(Cc1ccc(O)c(O)c1)C(=O)O,0,0,12,211.22,0.44,103.78,4,4,3,1
CCC(C)Nc1c([N+](=O)[O-])cc(C(C)(C)C)cc1[N+](=O)[O-],1,1,10,295.34,4.01,98.31,1,5,5,1
c1ccccc1,0,0,11,78.11,1.69,0.0,0,0,0,1
O=Cc1ccccc1,0,0,12,106.12,1.5,17.07,0,1,1,1
Clc1ccc(C(Cl)(Cl)Cl)cc1Cl,1,1,8,264.37,4.82,0.0,0,0,0,1
O=C(CBr)c1ccccc1,1,2,10,199.05,2.26,17.07,0,1,2,1
COc1ccc(C=O)cc1O,0,0,10,152.15,1.21,46.53,1,3,2,1
CCN(CC)CCNC(=O)c1ccc(N)cc1,0,0,12,235.33,1.34,58.36,2,3,6,1
CC(C)(C)c1cc(C(C)(C)C)c(O)c(C(C)(C)C)c1,1,1,11,262.44,5.28,20.23,1,1,0,1
CCCCNC(=O)NS(=O)(=O)c1ccc(C)cc1,0,0,12,270.35,1.78,75.27,2,3,5,1
C=CCc1ccc(OC)cc1,0,0,11,148.2,2.42,9.23,0,1,3,1
COC(=O)c1ccc(NC(C)=O)cc1OC,0,0,2,223.23,1.44,64.63,1,4,3,1
COC(=O)c1cc(Cl)c(NC(C)=O)cc1OC,0,0,2,257.67,2.09,64.63,1,4,3,1
Nc1ccc([N+](=O)[O-])c(C(F)(F)F)c1,0,0,2,206.12,2.2,69.16,1,3,1,1
CCOC(=O)c1ccc(O)c(O)c1,0,0,2,182.17,1.27,66.76,2,4,2,1
CC(=O)c1ccc(O)c(C(N)=O)c1,0,0,2,179.17,0.69,80.39,2,3,2,1
CCCC(=O)Nc1ccc(O)c(C(C)=O)c1,0,0,2,221.26,2.33,66.4,2,3,4,1
CC(=O)CC(=O)Nc1ccc(C)cc1C,0,0,11,205.26,2.22,46.17,1,2,3,1
COc1cc(Cl)c(OC)cc1N,1,1,11,187.63,1.94,44.48,1,3,2,1
CCOC(=O)c1ccccc1C,0,0,11,164.2,2.17,26.3,0,2,2,1
CCCCCCCCOC(=O)c1cc(O)c(O)c(O)c1,1,1,3,282.34,3.32,86.99,3,5,8,1
C=CC(=O)OCCOc1ccccc1,1,2,8,192.21,1.79,35.53,0,3,5,1
Cc1cc(C)c(N)c(Cl)c1,0,0,12,155.63,2.54,26.02,1,1,0,1
CCCOC(=O)c1ccccc1,0,0,12,164.2,2.25,26.3,0,2,3,1
Cc1ccc(N(CCO)CCO)cc1,0,0,11,195.26,0.79,43.7,2,3,5,1
CCC(=O)Nc1cccc(N)c1,0,0,12,164.21,1.62,55.12,2,2,2,1
CCC(C(=O)NC(=O)NC(C)=O)c1ccccc1,0,0,12,248.28,1.55,75.27,2,3,3,1
O=C(O)CNC(=O)CNC(=O)CNC(=O)CSC(=O)c1ccccc1,0,0,12,367.38,-1.01,141.67,4,6,9,1
Nc1ccc(F)cc1,0,0,10,111.12,1.41,26.02,1,1,0,1
CCOc1cc(OCC)c(C(C)=O)cc1OCC,0,0,8,252.31,3.09,44.76,0,4,7,1
CCN(CC)c1cccc(O)c1,1,2,9,165.24,2.24,23.47,1,2,3,1
NC(=S)Nc1ccccc1,0,0,12,152.22,1.34,38.05,2,1,1,1
CNP(=O)(OC)Oc1ccc(C(C)(C)C)cc1Cl,1,1,10,291.72,3.99,47.56,1,3,4,1
CC(=O)NNc1ccccc1,0,0,11,150.18,1.15,41.13,2,2,2,1
CCOc1ccc(NC(=O)CC(C)O)cc1,0,0,12,223.27,1.79,58.56,2,3,5,1
CC(O)c1ccccc1,0,0,12,122.17,1.74,20.23,1,1,1,1
CCOc1ccc(NC(N)=O)cc1,0,0,11,180.21,1.58,64.35,2,2,3,1
CCOc1ccccc1C(N)=O,1,1,11,165.19,1.18,52.32,1,2,3,1
COP(=S)(OC)Oc1ccc([N+](=O)[O-])cc1,1,2,12,263.21,2.49,70.83,0,6,5,1
COc1cc(N)ccc1C,1,1,10,137.18,1.59,35.25,1,2,1,1
CC(=O)c1ccccc1,0,0,12,120.15,1.89,17.07,0,1,1,1
Nc1ccc([N+](=O)[O-])cc1[N+](=O)[O-],1,1,9,183.12,1.09,112.3,1,5,2,1
CC[N+](CC)(CC)CCOc1cccc(OCC[N+](CC)(CC)CC)c1OCC[N+](CC)(CC)CC,0,0,12,510.83,5.45,27.69,0,3,21,1
O=C(Cl)c1cc(Cl)cc(Cl)c1,0,0,11,209.46,3.37,17.07,0,1,1,1
COC(=O)c1cccc(Cl)c1,0,0,12,170.59,2.13,26.3,0,2,1,1
O=[N+]([O-])c1ccc(Cl)cc1,0,0,12,157.56,2.25,43.14,0,2,1,1
Cc1cc([N+](=O)[O-])ccc1N,0,0,10,152.15,1.49,69.16,1,3,1,1
Cc1c(N)cccc1[N+](=O)[O-],0,0,9,152.15,1.49,69.16,1,3,1,1
COC(CNC(=O)c1ccccc1OCC(=O)O)[CH2][Hg][OH],0,0,8,483.87,0.3,105.09,3,5,9,1
CCCc1ccccc1,0,0,11,120.19,2.64,0.0,0,0,2,1
CC(=O)Nc1cc([As](=O)(O)O)ccc1O,0,0,12,275.09,-1.09,106.86,4,3,2,1
OCc1ccccc1O,0,0,11,124.14,0.88,40.46,2,2,1,1
CCCOc1ccc(C(=O)OCCN(CC)CC)cc1N,1,1,12,294.39,2.56,64.79,1,5,9,1
CCN(CC)CCNC(=O)c1ccc(NS(C)(=O)=O)cc1,0,0,8,313.42,1.13,78.51,2,4,8,1
CC(C)(C)c1ccc(O)c(O)c1,1,6,11,166.22,2.4,40.46,2,2,0,1
CCCCOC(=O)c1ccccc1N,0,0,10,193.25,2.23,52.32,1,3,4,1
Cc1cccc(C(=O)O)c1O,0,0,12,152.15,1.4,57.53,2,2,1,1
[S-]c1ccccc1,0,0,12,109.17,1.59,0.0,0,1,0,1
CC(C)(C)c1ccc(C=O)cc1,0,0,12,162.23,2.8,17.07,0,1,1,1
COc1ccc(N)cc1,1,2,12,123.15,1.28,35.25,1,2,1,1
CC(C)c1cccc(C(C)C)c1N,0,0,12,177.29,3.52,26.02,1,1,2,1
O=C(O)c1cc(C(=O)O)c(C(=O)O)cc1C(=O)O,0,0,10,254.15,0.48,149.2,4,4,4,1
Nc1ccc(S(=O)(=O)O)c(N)c1,0,0,10,188.21,0.1,106.41,3,4,1,1
CCO[Si](OCC)(OCC)c1ccccc1,0,0,12,240.38,1.94,27.69,0,3,7,1
CCOC(=O)c1ccc(OC(=O)CCCCCNC(=N)N)cc1,1,1,12,321.38,1.81,114.5,3,5,9,1
CC(C)OC(=O)COc1ccc(Cl)cc1Cl,0,0,12,263.12,3.32,35.53,0,3,4,1
CCCCC(CC)COC(=O)COc1ccc(Cl)cc1Cl,0,0,12,333.25,5.13,35.53,0,3,9,1
CN(C)C(=O)Nc1ccc(Cl)c(Cl)c1,1,2,12,233.1,3.09,32.34,1,1,1,1
CC(Oc1cc(Cl)ccc1Cl)C(=O)O,0,0,10,235.07,2.85,46.53,1,2,3,1
CC(Oc1ccc(Cl)cc1Cl)C(=O)O,0,0,11,235.07,2.85,46.53,1,2,3,1
CCCCOC(=O)COc1ccc(Cl)cc1Cl,0,0,12,277.15,3.72,35.53,0,3,6,1
O=C(O)COc1ccc(Cl)cc1Cl,0,0,12,221.04,2.46,46.53,1,2,3,1
O=[N+]([O-])c1cccc(Cl)c1Cl,0,0,12,192.0,2.9,43.14,0,2,1,1
O=[N+]([O-])c1ccc(Cl)cc1Cl,0,0,11,192.0,2.9,43.14,0,2,1,1
O=[N+]([O-])c1ccc(Cl)c(Cl)c1,1,1,12,192.0,2.9,43.14,0,2,1,1
CCN(CC)C(=O)SCc1ccc(Cl)cc1,0,0,11,257.79,4.04,20.31,0,2,4,1
COC(=O)NC(=S)Nc1ccccc1NC(=S)NC(=O)OC,0,0,11,342.4,1.79,100.72,4,6,2,1
CC(C)(C)c1cc(CCC(=O)NN)cc(C(C)(C)C)c1O,0,0,10,292.42,2.91,75.35,3,3,3,1
CCCCOCCOC(=O)c1ccccc1C(=O)OCCOCCCC,1,2,11,366.45,3.63,71.06,0,6,14,1
COC(=O)c1cc(S(N)(=O)=O)ccc1OC,0,0,2,245.26,0.13,95.69,1,5,3,1
C=CC(=O)OCC(O)COc1ccccc1,1,1,6,222.24,1.16,55.76,1,4,6,1
CN(C)C(=O)CNC(=O)Cc1ccccc1,0,0,12,220.27,0.43,49.41,1,2,4,1
C=CCOc1cc(Cl)ccc1C(=O)NCCN(CC)CC,1,1,11,310.83,2.98,41.57,1,3,9,1
O=[N+]([O-])c1ccc(Cl)c(Cl)c1Cl,1,1,10,226.45,3.56,43.14,0,2,1,1
O=[N+]([O-])c1cc(Cl)c(Cl)cc1Cl,1,1,12,226.45,3.56,43.14,0,2,1,1
Oc1ccc(Cl)c(Cl)c1Cl,1,1,8,197.45,3.35,20.23,1,1,0,1
O=[N+]([O-])c1c(Cl)cc(Cl)cc1Cl,0,0,10,226.45,3.56,43.14,0,2,1,1
O=[N+]([O-])c1cc(Cl)c(Cl)c(Cl)c1,0,0,9,226.45,3.56,43.14,0,2,1,1
Oc1cc(Cl)cc(Cl)c1Cl,1,3,9,197.45,3.35,20.23,1,1,0,1
Oc1c(Cl)ccc(Cl)c1Cl,1,2,12,197.45,3.35,20.23,1,1,0,1
ClC(Cl)c1ccccc1,0,0,12,161.03,3.16,0.0,0,0,1,1
Cc1cc(C)c(O)c(C)c1,0,0,12,136.19,2.32,20.23,1,1,0,1
Cc1cc(O)ccc1O,1,2,8,124.14,1.41,40.46,2,2,0,1
O=C(Cl)OCc1ccccc1,0,0,12,170.6,2.56,26.3,0,2,2,1
C[C@](N)(Cc1ccc(O)cc1)C(=O)O,0,0,2,195.22,0.74,83.55,3,3,3,1
Cc1ccccc1O,0,0,12,108.14,1.7,20.23,1,1,0,1
CCN(CCO)c1cccc(C)c1,0,0,12,179.26,1.81,23.47,1,2,4,1
CCN(CC)c1ccccc1,0,0,12,149.24,2.53,3.24,0,1,3,1
CC(=O)CC(=O)c1ccccc1,1,1,11,162.19,1.85,34.14,0,2,3,1
O=CC=Cc1ccccc1,0,0,12,132.16,1.9,17.07,0,1,2,1
O=C/C=C/c1ccccc1,1,2,12,132.16,1.9,17.07,0,1,2,1
BrCCc1ccccc1,0,0,9,185.06,2.62,0.0,0,0,2,1
COc1cc(C)ccc1C(C)C,0,0,12,164.25,3.13,9.23,0,1,2,1
O=CCCc1ccccc1,1,1,11,134.18,1.82,17.07,0,1,3,1
CC(C)c1ccc(C(=O)N=C(N)N)cc1S(C)(=O)=O,0,0,11,283.35,0.63,115.61,2,3,3,1
CC(C)NCC(O)c1ccccc1Cl,0,0,12,213.71,2.37,32.26,2,2,4,1
CCCCOC(=O)c1ccccc1,1,1,12,178.23,2.64,26.3,0,2,4,1
Cc1c(Cl)cccc1Cl,0,0,11,161.03,3.3,0.0,0,0,0,1
CCOc1ccccc1O,0,0,12,138.17,1.79,29.46,1,2,2,1
CC(C)c1ccc(O)c(C(C)C)c1,1,1,9,178.27,3.64,20.23,1,1,2,1
CC(C)C(=O)OCCOc1ccccc1,0,0,12,208.26,2.26,35.53,0,3,5,1
Cc1ccccc1C,0,0,12,106.17,2.3,0.0,0,0,0,1
CN(C)Cc1cc(C(C)(C)C)c(O)c(C(C)(C)C)c1,1,1,10,263.42,4.05,23.47,1,2,2,1
CCC(C)(C)c1cc(O)c(C(C)(C)CC)cc1O,1,2,7,250.38,4.47,40.46,2,2,4,1
CC(C)(C)NCC(O)c1ccc(O)c(CO)c1,0,0,12,239.31,1.31,72.72,4,4,4,1
O=C(O)C[C@H](NC(=O)OCc1ccccc1)C(=O)O,1,1,12,267.24,0.84,112.93,3,4,6,1
CCOC(=O)c1ccccc1C(=O)OCC,0,0,12,222.24,2.04,52.6,0,4,4,1
CCCCOC(=O)c1ccccc1C(=O)OCCCC,1,1,12,278.35,3.6,52.6,0,4,8,1
O=[N+]([O-])c1ccc(O)cc1C(F)(F)F,1,1,4,207.11,2.32,63.37,1,3,1,1
NC(=O)c1ccccc1N,0,0,12,136.15,0.37,69.11,2,2,1,1
Clc1c(Cl)c(Cl)c(Cl)c(Cl)c1Cl,0,0,11,284.78,5.61,0.0,0,0,0,1
C[N+](C)(C)Cc1ccccc1,0,0,12,150.24,1.89,0.0,0,0,2,1
COc1cccc(C=O)c1,0,0,12,136.15,1.51,26.3,0,2,2,1
Cc1ccccc1CCl,0,0,12,140.61,2.73,0.0,0,0,1,1
CCC(C)c1cccc(C(C)CC)c1O,1,1,11,206.33,4.42,20.23,1,1,4,1
NCCc1ccc(O)cc1,1,1,12,137.18,0.89,46.25,2,2,2,1
CCCCCCCCCCCC[N+](C)(C)CCOc1ccccc1,1,1,4,334.57,6.06,9.23,0,1,15,1
NCC(O)c1ccc(O)cc1,0,0,12,153.18,0.38,66.48,3,3,2,1
CCCOC(=O)c1ccc(O)cc1,1,3,9,180.2,1.96,46.53,1,3,3,1
CCCCC(CC)COC(=O)c1ccc(O)cc1,1,3,9,250.34,3.77,46.53,1,3,7,1
CC(=O)c1ccc(Cl)c(Cl)c1Cl,0,0,9,223.49,3.85,17.07,0,1,1,1
CCCCCCCOC(=O)c1ccc(O)cc1,1,3,11,236.31,3.52,46.53,1,3,7,1
CC(C)COC(=O)c1ccccc1C(=O)OCC(C)C,1,2,12,278.35,3.31,52.6,0,4,6,1
CC(C)CCCCCCOC(=O)c1ccccc1C(=O)OCCCCCCC(C)C,0,0,12,418.62,7.21,52.6,0,4,16,1
CCOC(=O)C=Cc1ccccc1,0,0,12,176.22,2.26,26.3,0,2,3,1
COC(=O)c1ccc(O)cc1,0,0,12,152.15,1.18,46.53,1,3,1,1
CCOC(=O)c1ccc(O)cc1,1,1,11,166.18,1.57,46.53,1,3,2,1
CCCCCCCCOc1ccc(C(=O)O)cc1,1,1,6,250.34,4.12,46.53,1,2,9,1
CC(C)C(=O)Nc1ccc([N+](=O)[O-])c(C(F)(F)F)c1,1,3,11,276.21,3.21,72.24,1,3,3,1
O=C(O)CCCOc1ccc(Cl)cc1Cl,0,0,8,249.09,3.24,46.53,1,2,5,1
C=Cc1ccc(C)cc1,0,0,12,118.18,2.64,0.0,0,0,1,1
NC(=O)Nc1ccc(Cl)c(Cl)c1,1,1,9,205.04,2.48,55.12,2,1,1,1
O=C(O)c1cccc(C(F)(F)F)c1,0,0,12,190.12,2.4,37.3,1,1,1,1
COC(=O)c1ccc(OC)cc1,0,0,10,166.18,1.48,35.53,0,3,2,1
Nc1ccc(Cl)cc1[N+](=O)[O-],1,1,10,172.57,1.83,69.16,1,3,1,1
Cc1ccc(OC(=O)CC(C)C)cc1,0,0,11,192.26,2.95,26.3,0,2,3,1
CC(C)(C)OC(=O)c1ccccc1C(=O)O,0,0,11,222.24,2.34,63.6,1,3,2,1
COc1cc(/C=C/C(N)=O)cc(OC)c1OC,0,0,2,237.25,1.21,70.78,1,4,5,1
CC(C)(O)C(=O)c1ccccc1,0,0,12,164.2,1.64,37.3,1,2,2,1
Cc1cccc(C)c1,1,2,12,106.17,2.3,0.0,0,0,0,1
Cc1ccc(N)c(C)c1,1,1,12,121.18,1.89,26.02,1,1,0,1
Oc1cccc(Cl)c1,0,0,11,128.56,2.05,20.23,1,1,0,1
O=C(O)c1cc(C(=O)O)cc(S(=O)(=O)[O-])c1,0,0,12,245.19,-0.01,131.8,2,5,3,1
O=Cc1ccccc1[N+](=O)[O-],1,1,10,151.12,1.41,60.21,0,3,2,1
O=Cc1ccc([N+](=O)[O-])cc1,1,1,10,151.12,1.41,60.21,0,3,2,1
CC(N)C(=O)OC(C)(C)Cc1ccc(Cl)cc1,0,0,11,255.74,2.55,52.32,1,3,4,1
C=CCc1ccccc1OCC(O)CNC(C)C,0,0,11,249.35,2.15,41.49,2,3,8,1
CCOc1ccc(NC(C)=O)cc1N,1,1,8,194.23,1.63,64.35,2,3,3,1
CCCOC(=O)Cc1ccc(OCC(=O)N(CC)CC)c(OC)c1,0,0,12,337.42,2.44,65.07,0,5,10,1
CNC(=O)Oc1cc(C)c(N(C)C)c(C)c1,0,0,9,222.29,2.09,41.57,1,3,2,1
CCC(C)(C)c1ccc(O)cc1,1,3,12,164.25,3.08,20.23,1,1,2,1
Cc1c(N)cccc1Cl,0,0,10,141.6,2.23,26.02,1,1,0,1
Cc1ccc(Cl)cc1,0,0,12,126.59,2.65,0.0,0,0,0,1
Nc1ccc(Br)cc1,1,1,12,172.03,2.03,26.02,1,1,0,1
Cc1ccc(O)c(C)c1,0,0,12,122.17,2.01,20.23,1,1,0,1
Cc1ccc(O)cc1,1,1,12,108.14,1.7,20.23,1,1,0,1
Cc1ccc(C)cc1,0,0,12,106.17,2.3,0.0,0,0,0,1
CCCNC(=O)NS(=O)(=O)c1ccc(Cl)cc1,0,0,12,276.75,1.74,75.27,2,3,4,1
CCCCNS(=O)(=O)c1ccccc1,0,0,10,213.3,1.77,46.17,1,2,5,1
C=C(C)c1cccc(C(=C)C)c1,0,0,11,158.24,3.75,0.0,0,0,2,1
CC(C)(C)c1cc([N+](=O)[O-])cc([N+](=O)[O-])c1O,1,3,8,240.21,2.51,106.51,1,5,2,1
CNC(=N)NC(=O)Nc1c(C)cccc1C,0,0,12,220.28,1.58,77.01,4,2,1,1
[NH3+]c1ccccc1,0,0,12,94.14,0.56,27.64,1,0,0,1
NC(=S)c1c(Cl)cccc1Cl,0,0,12,206.1,2.63,26.02,1,1,1,1
CC(C)c1ccc(S(=O)(=O)[O-])cc1,0,0,12,199.25,1.71,57.2,0,3,2,1
CCCCCCCCCCCCCCCS(=O)(=O)Oc1ccccc1,0,0,12,368.58,6.49,43.37,0,3,16,1
Cc1ccccc1Br,0,0,12,171.04,2.76,0.0,0,0,0,1
CNC(=O)Oc1cccc(C(C)C)c1,0,0,11,193.25,2.53,38.33,1,2,2,1
CCC(=O)Nc1ccc(O)cc1,0,0,12,165.19,1.74,49.33,2,2,2,1
CC(=O)Oc1cc(C(C)C)c(OCCN(C)C)cc1C,0,0,12,279.38,2.98,38.77,0,4,6,1
CCN(CC)CCNC(C(=O)OCCC(C)C)c1ccccc1,0,0,11,320.48,3.25,41.57,1,4,11,1
CCNC(=O)/C=C/c1cccc(Br)c1,0,0,8,254.13,2.6,29.1,1,1,3,1
CN(C)c1ccc(SC#N)cc1,1,2,7,178.26,2.33,27.03,0,3,2,1
Cc1cccc(OCC(O)CNC(C)(C)C)c1C,0,0,2,251.37,2.43,41.49,2,3,5,1
CC(CC=O)c1ccccc1,0,0,10,148.2,2.38,17.07,0,1,3,1
CCOC(=O)CCc1ccccc1,0,0,12,178.23,2.18,26.3,0,2,4,1
CCOC(=O)CC(=O)c1ccccc1,0,0,10,192.21,1.82,43.37,0,3,4,1
CCC(=O)OC(C)c1ccccc1,0,0,12,178.23,2.7,26.3,0,2,3,1
CC(C)NCC(O)c1ccc(NS(C)(=O)=O)cc1,1,1,12,272.37,1.09,78.43,3,4,6,1
O=C(Cl)c1c(Cl)c(Cl)c(C(=O)Cl)c(Cl)c1Cl,0,0,12,340.8,5.06,34.14,0,2,2,1
CN(N=O)c1ccccc1,0,0,12,136.15,1.8,32.67,0,2,2,1
Cc1ccc(S(=O)(=O)N[C@@H](CCCCN)C(=O)CCl)cc1,1,2,7,332.85,1.58,89.26,2,4,9,1
CC(C)(C)NCC(O)c1ccccc1Cl,0,0,11,227.74,2.76,32.26,2,2,3,1
Cc1ccc(S(=O)(=O)O)cc1.O,0,0,11,190.22,0.42,85.87,1,2,1,1
Nc1ccc(O)c(N)c1,1,1,11,124.14,0.56,72.27,3,3,0,1
Cc1ccc(N)cc1N,1,2,11,122.17,1.16,52.04,2,2,0,1
CCCCCCCCCCCCc1ccc(O)cc1,1,3,6,262.44,5.86,20.23,1,1,11,1
OCCN(CCO)c1cccc(Cl)c1,0,0,12,215.68,1.13,43.7,2,3,5,1
COc1ccccc1NC(=O)CC(C)=O,1,2,12,207.23,1.61,55.4,1,3,4,1
CCOC(=O)[C@@](C)(N)Cc1ccc(O)c(O)c1,0,0,10,239.27,0.92,92.78,3,5,4,1
Cc1ccc(C(C)C)c(O)c1,1,1,12,150.22,2.82,20.23,1,1,1,1
BrCCOc1ccccc1,0,0,12,201.06,2.46,9.23,0,1,3,1
COP(N)(=S)Oc1ccccc1C(=O)OC(C)C,1,1,11,289.29,2.46,70.78,1,5,5,1
CC(C)CCCCCOC(=O)c1ccccc1C(=O)OCCCCCC(C)C,0,0,12,390.56,6.43,52.6,0,4,14,1
CCCCCCCCCC(CC)c1ccc(S(=O)(=O)O)cc1.OCCN(CCO)CCO,0,0,11,475.69,3.83,118.3,4,6,17,1
COc1c(Cl)ccc(Cl)c1C(=O)O,0,0,12,221.04,2.7,46.53,1,2,2,1
Brc1ccc(Br)cc1,0,0,12,235.91,3.21,0.0,0,0,0,1
Cc1ccccc1OCC(=O)O,0,0,12,166.18,1.46,46.53,1,2,3,1
CCCCCC(CC)OC(=O)CCCOc1ccc(Cl)cc1Cl,0,0,12,361.31,6.05,35.53,0,3,11,1
Fc1c(F)c(F)c(Br)c(F)c1F,0,0,11,246.96,3.14,0.0,0,0,0,1
CCCCc1ccc(O)cc1,1,1,9,150.22,2.73,20.23,1,1,3,1
C/C=C(\C)C(=O)OCc1ccccc1,0,0,11,190.24,2.7,26.3,0,2,3,1
CC(=O)Oc1ccc([N+](=O)[O-])cc1CCl,1,1,10,229.62,2.26,69.44,0,4,3,1
CC(C)(C)c1ccccc1,0,0,12,134.22,2.98,0.0,0,0,0,1
CCOC(=O)COc1ccc(C)cc1,1,1,12,194.23,1.94,35.53,0,3,4,1
N#CC(O)c1ccccc1,0,0,11,133.15,1.24,44.02,1,2,1,1
O=C(NO)c1ccccc1,0,0,9,137.14,0.81,49.33,2,2,1,1
Nc1ccccc1C(=O)OCC(O)CO,0,0,1,211.22,-0.22,92.78,3,5,4,1
CCOC(=O)Oc1ccc(CCNC(=O)[C@H](CCSC)NC(C)=O)cc1OC(=O)OCC,0,0,1,470.54,2.67,129.26,2,9,12,1
N#CCc1ccccc1[N+](=O)[O-],1,1,12,162.15,1.66,66.93,0,3,2,1
O=[N+]([O-])c1ccc(CCO)cc1,0,0,10,167.16,1.13,63.37,1,3,3,1
O=[N+]([O-])c1cccc(O)c1,1,3,12,139.11,1.3,63.37,1,3,1,1
O=[N+]([O-])c1ccccc1CCO,0,0,11,167.16,1.13,63.37,1,3,3,1
CCc1ccc(Br)cc1,0,0,10,185.06,3.01,0.0,0,0,1,1
O=C([O-])c1cc(C(=O)O)cc(S(=O)(=O)O)c1,0,0,11,245.19,-1.0,131.8,2,5,3,1
CN(C)CCOC(=O)COc1ccc(Cl)cc1,0,0,12,257.72,1.82,38.77,0,4,6,1
N=C(N)NC(=N)NCCc1ccccc1,1,1,11,205.27,0.24,97.78,5,2,3,1
COc1cc([N+](=O)[O-])ccc1N,0,0,11,168.15,1.19,78.39,1,4,2,1
CCOC(=O)c1ccc(N(C)C)cc1,1,2,11,193.25,1.93,29.54,0,3,3,1
CC(C)C(=O)OCCc1ccccc1,0,0,12,192.26,2.43,26.3,0,2,4,1
CC(=O)OCC=Cc1ccccc1,0,0,12,176.22,2.26,26.3,0,2,3,1
CCNc1cccc(C)c1,0,0,12,135.21,2.43,12.03,1,1,2,1
CNc1ccccc1,0,0,12,107.16,1.73,12.03,1,1,1,1
COc1ccc(OC)c(OC)c1,0,0,10,168.19,1.71,27.69,0,3,3,1
COc1ccc(N)c(C)c1,0,0,11,137.18,1.59,35.25,1,2,1,1
CCCCCCC[N+](CC)(CC)CCCCc1ccc(Cl)cc1,1,1,9,338.99,6.49,0.0,0,0,13,1
CC(C)CCCCCCCOC(=O)c1ccccc1C(=O)OCCCCCCCC(C)C,0,0,12,446.67,7.99,52.6,0,4,18,1
CC(=O)c1ccc(C(C)=O)cc1,0,0,11,162.19,2.09,34.14,0,2,2,1
CCCCCCCCCOC(=O)c1ccccc1C(=O)OCCCCCCCCC,0,0,12,418.62,7.5,52.6,0,4,18,1
O=CCc1ccccc1,1,1,11,120.15,1.43,17.07,0,1,2,1
CCN(CC)C(=O)/C(C#N)=C/c1cc(O)c(O)c([N+](=O)[O-])c1,1,2,9,305.29,1.78,127.7,2,6,5,1
Cc1ccccc1S,0,0,11,124.21,2.28,0.0,1,1,0,1
CC(C)=CCOC(=O)c1ccccc1,0,0,11,190.24,2.81,26.3,0,2,3,1
COc1cc(CCC(C)=O)ccc1O,0,0,12,194.23,1.92,46.53,1,3,4,1
N[C@H](C(=O)O)c1ccc(O)cc1,0,0,2,167.16,0.48,83.55,3,3,2,1
O=C(O)c1ccc(O)c(O)c1,0,0,12,154.12,0.8,77.76,3,3,1,1
O=C(CCCl)NCc1ccccc1,0,0,2,197.67,1.93,29.1,1,1,4,1
COc1ccc(/C=C/C(=O)O)cc1,0,0,10,178.19,1.79,46.53,1,2,3,1
O=[N+]([O-])c1ccc([O-])cc1,1,1,11,138.1,0.67,66.2,0,3,1,1
O=S(=O)([O-])c1ccc(O)cc1,0,0,11,173.17,0.3,77.43,1,4,1,1
CC(=O)Nc1ccc(S(N)(=O)=O)cc1,0,0,12,214.25,0.29,89.26,2,3,2,1
CC(=O)c1ccc(C)cc1,0,0,12,134.18,2.2,17.07,0,1,1,1
CCCCNc1ccccc1,0,0,12,149.24,2.9,12.03,1,1,4,1
FC(F)(F)c1ccc(Cl)cc1Cl,0,0,11,215.0,4.01,0.0,0,0,0,1
Cc1cc(O)c(C)c(C)c1O,0,0,1,152.19,2.02,40.46,2,2,0,1
CCCCNC(=O)NS(=O)(=O)c1ccc(N)cc1,0,0,12,271.34,1.06,101.29,3,4,5,1
COc1ccccc1O,0,0,12,124.14,1.4,29.46,1,2,1,1
COCC(=O)Nc1c(I)c(C(=O)NCC(O)CO)c(I)c(C(=O)N(C)CC(O)CO)c1I,0,0,2,791.12,-0.41,168.66,6,8,11,1
O=Cc1ccccc1C=O,1,5,10,134.13,1.31,34.14,0,2,2,1
COC(=O)Nc1ccc(Cl)c(Cl)c1,1,1,11,220.05,3.17,38.33,1,2,1,1
C#CC(C)(C)NC(=O)c1cc(Cl)cc(Cl)c1,0,0,12,256.13,3.14,29.1,1,1,2,1
Nc1cc(Cl)c(N)c(Cl)c1,1,3,12,177.03,2.16,52.04,2,2,0,1
Nc1c(Cl)cc([N+](=O)[O-])cc1Cl,1,1,12,207.02,2.48,69.16,1,3,1,1
C=C(C)C(=O)Nc1ccc(Cl)c(Cl)c1,1,4,10,230.09,3.51,29.1,1,1,2,1
Oc1cc(Cl)c(Cl)cc1Cl,1,1,11,197.45,3.35,20.23,1,1,0,1
CCCCc1ccccc1,0,0,12,134.22,3.03,0.0,0,0,3,1
NNC(=O)OCc1ccccc1,1,1,11,166.18,0.79,64.35,2,3,2,1
CC(C)c1ccc(C#N)cc1,0,0,12,145.2,2.68,23.79,0,1,1,1
COc1cc(C)cc(O)c1,0,0,11,138.17,1.71,29.46,1,2,1,1
CCCCCCOC(=O)c1ccccc1,0,0,12,206.29,3.42,26.3,0,2,6,1
O=[N+]([O-])c1ccccc1CCl,1,2,12,171.58,2.33,43.14,0,2,2,1
O=[N+]([O-])c1ccc(CCl)cc1,0,0,11,171.58,2.33,43.14,0,2,2,1
O=C(Cl)c1ccc([N+](=O)[O-])cc1,0,0,11,185.57,1.97,60.21,0,3,2,1
O=[N+]([O-])c1cccc(CCl)c1,1,1,12,171.58,2.33,43.14,0,2,2,1
O=C(Cl)c1cccc([N+](=O)[O-])c1,0,0,12,185.57,1.97,60.21,0,3,2,1
O=C(Cl)c1ccccc1[N+](=O)[O-],0,0,11,185.57,1.97,60.21,0,3,2,1
Nc1ccc(S(=O)(=O)[O-])cc1,1,1,12,172.19,0.17,83.22,1,4,1,1
CCCCN(CCCC)C(C(N)=O)c1ccc(OC)cc1,0,0,2,292.42,3.12,55.56,1,3,10,1
CCN(CC)CC(=O)Nc1c(C)cccc1C,0,0,12,234.34,2.58,32.34,1,2,5,1
CCN(CC)CCNC(=O)c1cc(Cl)c(N)cc1OC,0,0,12,299.8,2.0,67.59,2,4,7,1
COc1ccccc1N,1,1,12,123.15,1.28,35.25,1,2,1,1
Nc1ccccc1,1,1,12,93.13,1.27,26.02,1,1,0,1
CC(COc1ccc(C(C)(C)C)cc1)OS(=O)OCCCl,0,0,12,334.87,3.6,44.76,0,4,8,1
Nc1ccccc1C(=O)O,0,0,12,137.14,0.97,63.32,2,2,1,1
CCN[C@H](C)Cc1cccc(C(F)(F)F)c1,0,0,12,231.26,3.25,12.03,1,1,4,1
CN[C@H](C)Cc1ccccc1,0,0,9,149.24,1.84,12.03,1,1,3,1
CN[C@@H](C)Cc1ccccc1,0,0,10,149.24,1.84,12.03,1,1,3,1
C[C@@H](N)C(=O)c1ccccc1,0,0,10,149.19,1.22,43.09,1,2,2,1
C[C@H](N)C(=O)c1ccccc1,0,0,12,149.19,1.22,43.09,1,2,2,1
CCN[C@@H](C)Cc1ccccc1,0,0,12,163.26,2.23,12.03,1,1,4,1
CCN[C@@H](C)Cc1cccc(C(F)(F)F)c1,0,0,12,231.26,3.25,12.03,1,1,4,1
CC(=O)[O][Hg][c]1ccccc1,1,6,7,336.74,0.87,26.3,0,2,2,1
NC(=O)c1ccccc1C(N)=O,0,0,9,164.16,-0.12,86.18,2,2,2,1
NC(=O)c1c(Cl)cccc1Cl,0,0,10,190.03,2.09,43.09,1,1,1,1
CNC(=O)Oc1ccc(N(C)C)c(C)c1,1,1,11,208.26,1.78,41.57,1,3,2,1
CCCCCCOC(=O)c1ccc(O)cc1,1,4,10,222.28,3.13,46.53,1,3,6,1
NC[C@H](O)c1ccc(O)c(O)c1,0,0,11,169.18,0.09,86.71,4,4,2,1
CC(C)OC(=O)c1ccccc1,0,0,12,164.2,2.25,26.3,0,2,2,1
CN/C=N/c1ccc(C)cc1C,0,0,12,162.24,2.18,24.39,1,1,2,1
Fc1cccc(Cl)c1CCl,1,1,11,179.02,3.22,0.0,0,0,1,1
COc1ccc(C(=O)/C(Br)=C\C(=O)[O-])cc1,1,5,10,284.08,0.91,66.43,0,4,4,1
Cc1cc(Cl)ccc1/N=C/N(C)C,0,0,12,196.68,2.87,15.6,0,1,2,1
CCOc1cc(OCC)c(C(=O)CCC(=O)O)cc1OCC,1,1,9,310.35,2.93,82.06,1,5,10,1
CC(C)c1ccc(O)cc1,0,0,10,136.19,2.52,20.23,1,1,1,1
Cc1cccc(N)c1N,1,3,11,122.17,1.16,52.04,2,2,0,1
O=C([O-])COc1ccc(Cl)cc1Cl,0,0,12,220.03,1.12,49.36,0,3,3,1
CC(C)(N=C=O)c1cccc(C(C)(C)N=C=O)c1,0,0,11,244.29,2.83,58.86,0,4,4,1
Oc1cccc(O)c1,0,0,12,110.11,1.1,40.46,2,2,0,1
CCCCCC(=O)OCCc1ccccc1,0,0,12,220.31,3.35,26.3,0,2,7,1
C=CCOc1ccccc1OCC(O)CNC(C)C,0,0,11,265.35,1.99,50.72,2,4,9,1
OCCNCc1ccccc1,0,0,12,151.21,0.77,32.26,2,2,4,1
COC(=O)Cc1ccccc1,0,0,12,150.18,1.4,26.3,0,2,2,1
CC(=O)Nc1ccccc1,0,0,12,135.17,1.64,29.1,1,1,1,1
CCNc1cc(O)ccc1C,1,1,10,151.21,2.13,32.26,2,2,2,1
COP(=S)(OC)Oc1ccc(SC)c(C)c1,1,2,12,278.33,3.61,27.69,0,5,5,1
CN(C)C(=O)Nc1cccc(C(F)(F)F)c1,0,0,12,232.2,2.8,32.34,1,1,1,1
CCCCOC(=O)c1ccccc1C(=O)OCC(CC)CCCC,0,0,9,334.46,5.02,52.6,0,4,11,1
CCCCCCCCCCOC(=O)c1ccccc1C(=O)OCCCCCCCCCC,0,0,11,446.67,8.28,52.6,0,4,20,1
O=[N+]([O-])c1cc(N(CCO)CCO)ccc1NCCO,1,2,11,285.3,-0.21,119.1,4,7,9,1
CC(=O)N(CC(C)C(=O)O)c1c(I)cc(I)c(N)c1I,0,0,9,613.96,3.16,83.63,2,3,4,1
CC(C=O)Cc1ccc(C(C)C)cc1,0,0,12,190.29,3.19,17.07,0,1,4,1
O=C(CCl)Nc1ccccc1,1,2,8,169.61,1.86,29.1,1,1,2,1
COc1ccc(OC)c(Cl)c1,0,0,12,172.61,2.36,18.46,0,2,2,1
Cc1cc(O)c(Cl)cc1C,0,0,11,156.61,2.66,20.23,1,1,0,1
NC(=O)c1ccc([N+](=O)[O-])cc1Cl,0,0,12,200.58,1.35,86.23,1,3,2,1
Cc1cccc(C(C)(C)C)c1O,0,0,10,164.25,3.0,20.23,1,1,0,1
CCOC(=O)C(=O)CCc1ccccc1,0,0,2,206.24,1.75,43.37,0,3,5,1
CCN(CC)CC(=O)Oc1ccc(NC(C)=O)cc1,0,0,2,264.32,1.89,58.64,1,4,6,1
CC(=O)c1cccc([N+](=O)[O-])c1,0,0,11,165.15,1.8,60.21,0,3,2,1
CC(=O)c1ccccc1[N+](=O)[O-],0,0,11,165.15,1.8,60.21,0,3,2,1
CC(=O)c1ccc([N+](=O)[O-])cc1,0,0,12,165.15,1.8,60.21,0,3,2,1
Nc1cccc([N+](=O)[O-])c1,0,0,12,138.13,1.18,69.16,1,3,1,1
Nc1ccccc1[N+](=O)[O-],0,0,11,138.13,1.18,69.16,1,3,1,1
C=C(C)c1ccccc1,0,0,12,118.18,2.72,0.0,0,0,1,1
O=C(Cl)c1c(Cl)cccc1Cl,0,0,12,209.46,3.37,17.07,0,1,1,1
COc1ccc(C=O)cc1OC,1,1,12,166.18,1.52,35.53,0,3,3,1
CCOP(=S)(OCC)O/N=C(\C#N)c1ccccc1,1,2,11,298.3,3.23,63.84,0,6,7,1
COCCOC(=O)c1ccccc1C(=O)OCCOC,0,0,12,282.29,1.29,71.06,0,6,8,1
COc1cc(CCN)c(OC)cc1Br,0,0,7,260.13,1.97,44.48,1,3,4,1
COc1cc(C[C@@H](C)N)c(OC)cc1Br,1,1,9,274.16,2.36,44.48,1,3,4,1
COc1cc(CCN)cc(OC)c1OC,1,1,12,211.26,1.21,53.71,1,4,5,1
CCCSc1cc(OC)c(CCN)cc1OC,1,3,5,255.38,2.71,44.48,1,4,7,1
COc1cc(C[C@H](C)N)c(OC)cc1Br,0,0,8,274.16,2.36,44.48,1,3,4,1
COc1cc(CC(C)C)cc(OC)c1OC,0,0,11,224.3,2.91,27.69,0,3,5,1
CCCN(CCC)c1c([N+](=O)[O-])cc(C(F)(F)F)cc1[N+](=O)[O-],1,1,12,335.28,4.15,89.52,0,5,7,1
CC(C)NCC(O)c1ccc(O)c(O)c1,1,1,12,211.26,1.13,72.72,4,4,4,1
Cc1cc(C)c(N)cc1C,0,0,12,135.21,2.19,26.02,1,1,0,1
CC(=O)Nc1ccccc1C,0,0,12,149.19,1.95,29.1,1,1,1,1
CC(=O)Nc1cccc(C)c1,0,0,12,149.19,1.95,29.1,1,1,1,1
CC(=O)Nc1ccc(OCC(O)CNC(C)C)cc1,0,0,11,266.34,1.38,70.59,3,4,7,1
CC(C)(O)C(=O)Nc1ccc([N+](=O)[O-])c(C(F)(F)F)c1,1,3,10,292.21,2.32,92.47,2,4,3,1
CC(=O)CC(=O)Nc1ccc(S(=O)(=O)[O-])cc1,0,0,11,256.26,0.51,103.37,1,5,4,1
CCCCC(CC)COC(=O)/C=C/c1ccc(OC)cc1,0,0,12,290.4,4.47,35.53,0,3,9,1
CCCC(=O)OC(C)(C)Cc1ccccc1,0,0,11,220.31,3.35,26.3,0,2,5,1
CC(C)c1cc(C(C)C)cc(C(C)C)c1,0,0,12,204.36,5.06,0.0,0,0,3,1
Cc1ccc(S(=O)(=O)O)cc1,0,0,10,172.21,1.24,54.37,1,2,1,1
CCCNC(C)C(=O)Nc1ccccc1C,0,0,12,220.32,2.32,41.13,2,2,5,1
O=C([O-])CCCc1ccccc1,0,0,2,163.2,0.76,40.13,0,2,4,1
CC(C)c1ccc(S(=O)(=O)O)cc1,0,0,12,200.26,2.06,54.37,1,2,2,1
CCC(CC)(CNC(=O)CCCO)c1cccc(OC)c1,0,0,2,293.41,2.64,58.56,2,3,9,1
CC(C)(C)c1cc(C=O)cc(C(C)(C)C)c1O,0,0,2,234.34,3.8,37.3,1,2,1,1
CCOC(=O)NC(C)(C)Cc1ccc(Cl)cc1,0,0,12,255.74,3.41,38.33,1,2,4,1
CCCc1ccccc1O,1,1,10,136.19,2.34,20.23,1,1,2,1
CCC(=O)OCc1ccc(OC)cc1,0,0,12,194.23,2.15,35.53,0,3,4,1
CC(C)NCC(O)c1ccc([N+](=O)[O-])cc1,0,0,12,224.26,1.63,75.4,2,4,5,1
Cc1ccc(Cl)c(OCC(O)CNC(C)(C)C)c1,0,0,2,271.79,2.78,41.49,2,3,5,1
Cc1cccc(C(=O)O)c1,0,0,12,136.15,1.69,37.3,1,1,1,1
O=C(O)c1cccc(O)c1,0,0,12,138.12,1.09,57.53,2,2,1,1
Cc1ccc(C(=O)O)cc1,0,0,12,136.15,1.69,37.3,1,1,1,1
CCC(C(=O)OCCN(CC)CC)c1ccccc1,0,0,11,263.38,3.07,29.54,0,3,8,1
CCCCC(CC)COC(=O)c1ccccc1C(=O)OCC(CC)CCCC,0,0,11,390.56,6.43,52.6,0,4,14,1
CCCC(=O)Nc1ccc(OCC(O)CNC(C)C)c(C(C)=O)c1,0,0,12,336.43,2.37,87.66,3,5,10,1
CNC(=O)Oc1ccccc1OC(C)C,0,0,12,209.24,2.19,47.56,1,3,3,1
CC(=O)CC(=O)Nc1ccccc1,1,3,12,177.2,1.6,46.17,1,2,3,1
CC(=O)Nc1ccc(C(=O)O)cc1,0,0,12,179.17,1.34,66.4,2,2,2,1
COc1ccc(NC(C)=O)cc1N,1,2,11,180.21,1.24,64.35,2,3,2,1
CCCCC(CC)COC(=O)c1ccc(C(=O)OCC(CC)CCCC)cc1,0,0,12,390.56,6.43,52.6,0,4,14,1
ICCc1ccccc1,0,0,7,232.06,2.66,0.0,0,0,2,1
O=[N+]([O-])c1cccc(I)c1,0,0,12,249.01,2.2,43.14,0,2,1,1
COc1ccc(NC(=O)CC(C)=O)cc1,0,0,10,207.23,1.61,55.4,1,3,4,1
Clc1cc(Cl)c(OCC#CI)cc1Cl,0,0,5,361.39,4.42,9.23,0,1,2,1
NC(=S)NS(=O)(=O)c1ccc(N)cc1,0,0,9,231.3,-0.21,98.21,3,4,2,1
COC(=O)/C=C/c1ccccc1,0,0,10,162.19,1.87,26.3,0,2,2,1
CON(C)C(=O)Nc1ccc(Br)cc1,1,1,10,259.1,2.47,41.57,1,2,2,1
CCCC(=O)Nc1c(I)cc(I)c(CC(CC)C(=O)[O-])c1I,0,0,9,640.02,3.56,69.23,1,3,7,1
Nc1c(Cl)cc(Cl)cc1Cl,0,0,11,196.46,3.23,26.02,1,1,0,1
Nc1cc([N+](=O)[O-])cc([N+](=O)[O-])c1O,1,1,10,199.12,0.79,132.53,2,6,2,1
Nc1cc(Cl)ccc1O,1,3,10,143.57,1.63,46.25,2,2,0,1
Nc1cc(Cl)c([N+](=O)[O-])cc1O,1,2,9,188.57,1.54,89.39,2,4,1,1
CCOc1ccc(NC(C)=O)cc1,0,0,12,179.22,2.04,38.33,1,2,3,1
Nc1cc(Cl)cc(S(=O)(=O)O)c1O,0,0,11,223.64,0.87,100.62,3,4,1,1
O=Cc1ccc(Cl)cc1Cl,0,0,12,175.01,2.81,17.07,0,1,1,1
CCOC(=O)c1cccc(N)c1,0,0,9,165.19,1.45,52.32,1,3,2,1
COc1ccc(OC)c(NC(=O)CC(C)=O)c1,1,1,11,237.25,1.62,64.63,1,4,5,1
N#Cc1ccc(Cl)cc1,0,0,12,137.57,2.21,23.79,0,1,0,1
COC(=O)c1ccccc1Cl,0,0,12,170.59,2.13,26.3,0,2,1,1
O=S(=O)([O-])c1cc(O)c(O)c(S(=O)(=O)[O-])c1,0,0,10,268.22,-1.09,154.86,2,8,2,1
NC(=O)c1ccc(N)cc1,0,0,9,136.15,0.37,69.11,2,2,1,1
NNC(=O)c1cccc(C(=O)NN)c1,1,1,11,194.19,-1.11,110.24,4,4,2,1
O=[N+]([O-])C=Cc1ccccc1,1,3,7,149.15,1.93,43.14,0,2,2,1
COP(=O)(OC)O/C(=C\Cl)c1cc(Cl)c(Cl)cc1Cl,1,2,7,365.96,5.6,44.76,0,4,5,1
N#CSCc1ccccc1,1,1,10,149.22,2.4,23.79,0,2,2,1
O=S(=O)(O)c1cc(Cl)c(Cl)cc1Cl,0,0,11,261.51,2.89,54.37,1,2,1,1
CNC.O=C(O)COc1ccc(Cl)cc1Cl,0,0,12,266.12,2.29,58.56,2,3,3,1
Cc1ccc(C(C)(C)O)cc1,0,0,12,150.22,2.22,20.23,1,1,1,1
CNC[C@H](O)c1ccc(O)c(O)c1,0,0,11,183.21,0.35,72.72,4,4,3,1
CC(C)N(C(=O)CCl)c1ccccc1,1,1,6,211.69,2.67,20.31,0,1,3,1
N[C@@H](Cc1ccc(N(CCCl)CCCl)cc1)C(=O)O,1,2,9,305.2,1.93,66.56,2,3,8,1
C=CCc1cc(OC)c(O)c(C(=O)NCCO)c1,1,1,12,251.28,0.85,78.79,3,4,6,1
CCOC(=O)c1ccccc1OC,0,0,11,180.2,1.87,35.53,0,3,3,1
Nc1c(Br)cc([N+](=O)[O-])cc1[N+](=O)[O-],1,3,11,262.02,1.85,112.3,1,5,2,1
CC(C)C(=O)Nc1cccc(C(F)(F)F)c1,0,0,2,231.22,3.3,29.1,1,1,2,1
O=C(Nc1cccc(Cl)c1)OCC#CCCl,1,5,7,258.1,3.13,38.33,1,2,2,1
Oc1ccccc1F,0,0,12,112.1,1.53,20.23,1,1,0,1
CN(C)c1ccc(N(C)C)cc1,1,2,9,164.25,1.82,6.48,0,2,2,1
CCOc1ccccc1N,1,1,12,137.18,1.67,35.25,1,2,2,1
N=C(N)NN=Cc1c(Cl)cccc1Cl,0,0,2,231.09,1.81,74.26,3,2,2,1
CCCCCCCC/C=C\CCCCCCCC(=O)NCc1ccc(O)c(OC)c1,1,1,10,417.63,7.05,58.56,2,3,18,1
Cc1ccc([N+](=O)[O-])cc1N,1,1,12,152.15,1.49,69.16,1,3,1,1
O=P(O)(O)c1ccccc1,0,0,12,158.09,0.49,57.53,2,1,1,1
CC(C)c1ccccc1O,0,0,12,136.19,2.52,20.23,1,1,1,1
COc1ccc(N)c(OC)c1,0,0,11,153.18,1.29,44.48,1,3,2,1
Clc1ccc(Cl)c(Cl)c1,0,0,12,181.45,3.65,0.0,0,0,0,1
OCCN(CCO)c1ccccc1,0,0,10,181.24,0.48,43.7,2,3,5,1
CCOc1cc(C=O)ccc1O,0,0,12,166.18,1.6,46.53,1,3,3,1
COc1cc(C=O)ccc1O,0,0,12,152.15,1.21,46.53,1,3,2,1
CC(C)(C)c1ccc(O)cc1,1,1,12,150.22,2.69,20.23,1,1,0,1
CC(C)(C)c1cc(O)ccc1O,1,4,12,166.22,2.4,40.46,2,2,0,1
O=C(O)c1cc(Cl)cc([N+](=O)[O-])c1Cl,1,1,12,236.01,2.6,80.44,1,3,2,1
COc1cc(C(C)(C)C)c(O)c(C(C)(C)C)c1,1,1,11,236.35,4.0,29.46,1,2,1,1
CC[C@H](N)c1ccccc1,0,0,12,135.21,2.1,26.02,1,1,2,1
CC(C)(C)OC(=O)c1ccc(O)cc1,1,3,9,194.23,2.35,46.53,1,3,1,1
C=Cc1ccc(OC(C)=O)cc1,1,1,12,162.19,2.25,26.3,0,2,2,1
CC(=O)Nc1ccc(N)cc1,0,0,12,150.18,1.23,55.12,2,2,1,1
CC(=O)Nc1cccc(N)c1,0,0,11,150.18,1.23,55.12,2,2,1,1
Nc1cccc(N)c1,1,2,12,108.14,0.85,52.04,2,2,0,1
Nc1ccc(N)cc1,1,4,9,108.14,0.85,52.04,2,2,0,1
CC(C)(C)c1ccc(N)cc1,0,0,11,149.24,2.57,26.02,1,1,0,1
CCCc1ccc(N)cc1,0,0,12,135.21,2.22,26.02,1,1,2,1
CC(C)COC(=O)C=Cc1ccccc1,0,0,11,204.27,2.9,26.3,0,2,4,1
CCC(=O)Nc1ccc(Cl)c(Cl)c1,1,1,10,218.08,3.34,29.1,1,1,2,1
CCc1cccc(C)c1N(C(=O)CCl)C(C)COC,1,2,11,283.8,3.16,29.54,0,2,6,1
Fc1ccccc1,0,0,11,96.1,1.83,0.0,0,0,0,1
CC(C)(C)c1ccc(CCC=O)cc1,0,0,11,190.29,3.12,17.07,0,1,3,1
CCCCC/C(=C/c1ccccc1)CO,1,1,11,204.31,3.64,20.23,1,1,6,1
CCCCCCCCCCCCCC[P+](CCCC)(CCCC)CCCC.CCCCCCCCCCCCc1ccccc1S(=O)(=O)[O-],1,3,5,725.2,15.16,57.2,0,3,34,1
O=[N+]([O-])c1ccc(CBr)cc1,0,0,11,216.03,2.49,43.14,0,2,2,1
CC(C)Cc1ccc([C@H](C)C(=O)O)cc1,0,0,10,206.28,3.07,37.3,1,1,4,1
CC(C)COC(=O)COc1ccc(Cl)cc1Cl,0,0,12,277.15,3.57,35.53,0,3,5,1
CCOC(=O)COc1ccc(Cl)cc1Cl,0,0,11,249.09,2.94,35.53,0,3,4,1
Cc1ccc(Br)cc1,0,0,12,171.04,2.76,0.0,0,0,0,1
CCCCCN(CCCOC)C(=O)C(CCC(=O)O)NC(=O)c1ccc(Cl)c(Cl)c1,0,0,2,461.39,4.01,95.94,2,4,14,1
CC(=O)OC(C)c1ccccc1,0,0,12,164.2,2.31,26.3,0,2,2,1
Cc1ccc(S(=O)(=O)[O-])c(C)c1,0,0,12,185.22,1.21,57.2,0,3,1,1
OCCCc1ccccc1,0,0,12,136.19,1.61,20.23,1,1,3,1
CCCCCCCCOC(=O)c1ccc(O)cc1,1,3,10,250.34,3.91,46.53,1,3,8,1
COc1ccc(Br)c(C)c1,0,0,12,201.06,2.77,9.23,0,1,1,1
Oc1c(Cl)c(Cl)cc(Cl)c1Cl,1,3,6,231.89,4.01,20.23,1,1,0,1
O=[N+]([O-])c1ccc(S(=O)(=O)O)c([N+](=O)[O-])c1,1,1,9,248.17,0.75,140.65,1,6,3,1
CCCCCCCCCCCCCCCCCC[N+](C)(C)Cc1ccccc1,1,1,3,388.7,8.52,0.0,0,0,19,1
CN(C)c1ccc(N=O)cc1,1,6,9,150.18,2.15,32.67,0,3,2,1
CC(C)(C)OC(=O)c1cccc(N)c1,1,2,10,193.25,2.22,52.32,1,3,1,1
Cc1ccc([N+](=O)[O-])cc1C,0,0,12,151.16,2.21,43.14,0,2,1,1
Cc1cccc([N+](=O)[O-])c1C,0,0,12,151.16,2.21,43.14,0,2,1,1
Cc1ccc([N+](=O)[O-])c(C)c1,1,1,12,151.17,2.21,43.14,0,2,1,1
Cc1cccc(C)c1[N+](=O)[O-],1,1,12,151.16,2.21,43.14,0,2,1,1
Cc1ccc(C)c([N+](=O)[O-])c1,1,1,12,151.17,2.21,43.14,0,2,1,1
Cc1cc(C)cc([N+](=O)[O-])c1,0,0,12,151.16,2.21,43.14,0,2,1,1
COP(=S)(OC)Oc1ccc(S(=O)(=O)N(C)C)cc1,0,0,9,325.35,1.83,65.07,0,6,6,1
O=C(O)Cc1ccccc1,0,0,12,136.15,1.31,37.3,1,1,2,1
CCOC(=O)NC(=S)Nc1ccccc1NC(=S)NC(=O)OCC,1,2,9,370.46,2.57,100.72,4,6,4,1
C=Cc1cccc(CCl)c1,1,1,12,152.62,3.07,0.0,0,0,2,1
C=Cc1ccc(C(C)(C)C)cc1,0,0,11,160.26,3.63,0.0,0,0,1,1
CS(=O)(=O)c1ccc([C@@H](O)[C@@H](COC(=O)CN)NC(=O)C(Cl)Cl)cc1,0,0,10,413.28,-0.09,135.79,3,7,8,1
CCCCOC(=O)c1ccc(O)cc1,1,5,11,194.23,2.35,46.53,1,3,4,1
CCC(C)c1cc([N+](=O)[O-])cc([N+](=O)[O-])c1O,1,2,12,240.21,2.72,106.51,1,5,4,1
O=C([O-])CCCOc1ccc(Cl)cc1Cl,1,1,11,248.09,1.9,49.36,0,3,5,1
Cc1cc(O)c(Cl)c(C)c1Cl,1,1,6,191.06,3.32,20.23,1,1,0,1
O=[N+]([O-])/C=C/c1ccccc1,1,2,5,149.15,1.93,43.14,0,2,2,1
CCCCCCC(C=O)=Cc1ccccc1,1,1,12,216.32,4.24,17.07,0,1,7,1
CCCCC(CC)COC(=O)c1c(Br)c(Br)c(Br)c(Br)c1C(=O)OCC(CC)CCCC,1,1,11,706.15,9.48,52.6,0,4,14,1
CC(C)OC(=O)Cc1ccccc1,0,0,12,178.23,2.18,26.3,0,2,3,1
COP(=S)(OC)Oc1cc(Cl)c(Cl)cc1Cl,1,2,11,321.55,4.54,27.69,0,4,4,1
CCC(C)(C)c1ccc(O)c(C(C)(C)CC)c1,1,1,7,234.38,4.77,20.23,1,1,4,1
Cc1ccc([N+](=O)[O-])cc1S(=O)(=O)O,0,0,12,217.2,1.15,97.51,1,4,2,1
CC(C)(C)CC(C)(C)c1ccc(OCCO)cc1,1,2,9,250.38,3.77,29.46,1,2,5,1
C=CC(C)(CCC=C(C)C)OC(=O)c1ccccc1,1,3,12,258.36,4.53,26.3,0,2,6,1
CCCc1ccc(O)c(OC)c1,0,0,12,166.22,2.35,29.46,1,2,3,1
CS(=O)(=O)c1ccc([C@@H](O)[C@@H](CO)NC(=O)C(Cl)Cl)cc1,0,0,12,356.23,0.4,103.7,3,5,6,1
Cc1ccc(S(N)(=O)=O)cc1,0,0,12,171.22,0.64,60.16,1,2,1,1
CON(C)C(=O)Nc1ccc(Cl)cc1,1,1,11,214.65,2.37,41.57,1,2,2,1
O=C(O)c1cc(C(=O)O)cc(C(=O)O)c1,0,0,12,210.14,0.78,111.9,3,3,3,1
COP(=O)(OC)Oc1ccc([N+](=O)[O-])cc1,1,1,10,247.14,2.37,87.9,0,6,5,1
O=C(O)c1cccc(C(=O)O)c1,0,0,12,166.13,1.08,74.6,2,2,2,1
O=C(O)c1ccccc1C(=O)O,0,0,12,166.13,1.08,74.6,2,2,2,1
O=C(O)c1ccc(C(=O)O)c(C(=O)O)c1,0,0,12,210.14,0.78,111.9,3,3,3,1
O=C(O)c1cccc(C(=O)O)c1C(=O)O,0,0,12,210.14,0.78,111.9,3,3,3,1
CC(C)OC(=O)c1cc(C(=O)OC(C)C)cc([N+](=O)[O-])c1,0,0,9,295.29,2.73,95.74,0,6,5,1
O=C(O)c1ccc(S(=O)(=O)O)cc1C(=O)O,0,0,12,246.2,0.33,128.97,3,4,3,1
CNC(=O)Oc1cc(C)cc(C(C)C)c1,0,0,11,207.27,2.84,38.33,1,2,2,1
CC[N+](C)(C)Cc1ccccc1Br,0,0,10,243.17,3.05,0.0,0,0,3,1
CCC(=O)c1ccc(Cl)cc1,0,0,12,168.62,2.93,17.07,0,1,2,1
Cc1cc(C)c(C(=O)O)c(C)c1,0,0,12,164.2,2.31,37.3,1,1,1,1
CCCCOc1ccc(N)cc1,0,0,10,165.24,2.45,35.25,1,2,4,1
CC(C)C(=O)c1ccccc1,0,0,11,148.2,2.53,17.07,0,1,2,1
CC(C)(C)c1ccc(S)cc1,0,0,10,166.29,3.27,0.0,1,1,0,1
CCCCCCOc1ccc(O)cc1,1,5,9,194.27,3.35,29.46,1,2,6,1
CCCCC(CC)COC(=O)C=Cc1ccc(OC)cc1,0,0,12,290.4,4.47,35.53,0,3,9,1
CCCSP(=S)(OCC)Oc1ccc(SC)cc1,1,1,10,322.46,5.19,18.46,0,5,8,1
Cc1cc(Cl)ccc1OCC(=O)[O-],0,0,12,199.61,0.78,49.36,0,3,3,1
O=C(CS)Nc1ccccc1,1,3,9,167.23,1.55,29.1,2,2,2,1
CC(=O)NC(=O)c1ccccc1O,0,0,12,179.17,0.67,66.4,2,3,1,1
CCCN(CCC)c1c([N+](=O)[O-])cc(S(N)(=O)=O)cc1[N+](=O)[O-],1,2,7,346.37,1.78,149.68,1,7,8,1
COc1ccc(C)cc1N,1,1,12,137.18,1.59,35.25,1,2,1,1
CC(C)NC(=O)c1ccc(C=O)cc1,0,0,2,191.23,1.64,46.17,1,2,3,1
COc1cc(CC#N)cc(OC)c1OC,0,0,2,207.23,1.78,51.48,0,4,4,1
C#CC(C)(CC)OC(=O)c1ccccc1C(=O)O,0,0,2,246.26,2.34,63.6,1,3,4,1
C[CH2][Hg][S]c1ccccc1C(=O)[O-],1,7,8,381.83,1.58,40.13,0,3,4,1
O=C(O)c1cc(Br)c(O)c(Br)c1,0,0,11,295.91,2.62,57.53,2,2,1,1
CCCCC(CC)COC(=O)c1ccccc1,0,0,10,234.34,4.06,26.3,0,2,7,1
COC(=O)c1c(C)cc(O)c(C)c1O,1,2,10,196.2,1.5,66.76,2,4,1,1
N#Cc1ccc(C(=O)O)cc1,0,0,12,147.13,1.26,61.09,1,2,1,1
CCC(C)c1cc(C(C)(C)C)c(O)c(C(C)(C)C)c1,1,2,12,262.44,5.5,20.23,1,1,2,1
Cc1cccc(C#N)c1,1,1,11,117.15,1.87,23.79,0,1,0,1
Cc1ccccc1N,1,1,12,107.16,1.58,26.02,1,1,0,1
NCc1cccc(CN)c1,0,0,12,136.2,0.6,52.04,2,2,2,1
O=C(O)CCNC(=O)c1ccccc1,0,0,10,193.2,0.89,66.4,2,2,4,1
Nc1cc(C(Cl)=C(Cl)Cl)c(S(N)(=O)=O)cc1S(N)(=O)=O,0,0,12,380.66,0.91,146.34,3,5,3,1
CCOc1ccc(OCC)c(Cl)c1,0,0,11,200.66,3.14,18.46,0,2,4,1
Nc1cc(S(=O)(=O)O)ccc1O,0,0,12,189.19,0.22,100.62,3,4,1,1
CC(=O)Oc1ccc(C(C)=O)cc1,0,0,11,178.19,1.81,43.37,0,3,2,1
O=C(O)CCCc1ccc(N(CCCl)CCCl)cc1,1,3,12,304.22,3.38,40.54,1,2,9,1
Nc1cc(Cl)cc(C(=O)O)c1Cl,0,0,12,206.03,2.27,63.32,2,2,1,1
O=C(N[C@H](CO)[C@H](O)c1ccc([N+](=O)[O-])cc1)C(Cl)Cl,0,0,12,323.13,0.91,112.7,3,5,6,1
Cc1ccccc1C(=O)O,0,0,9,136.15,1.69,37.3,1,1,1,1
Cc1ccc(C#N)cc1,0,0,11,117.15,1.87,23.79,0,1,0,1
O=S(=O)([O-])c1cc(O)ccc1O,0,0,10,189.17,0.0,97.66,2,5,1,1
Cc1cc(C)c(C)cc1C,0,0,12,134.22,2.92,0.0,0,0,0,1
CN(C)C(=O)Nc1ccccc1,0,0,12,164.21,1.78,32.34,1,1,1,1
Nc1ccc(O)cc1,1,6,10,109.13,0.97,46.25,2,2,0,1
Nc1ccccc1O,1,3,8,109.13,0.97,46.25,2,2,0,1
Nc1cccc(O)c1,0,0,6,109.13,0.97,46.25,2,2,0,1
COC(=O)c1cc(Cl)ccc1[N+](=O)[O-],0,0,12,215.59,2.03,69.44,0,4,2,1
C=C(C)CN(CC)c1c([N+](=O)[O-])cc(C(F)(F)F)cc1[N+](=O)[O-],1,1,12,333.27,3.92,89.52,0,5,6,1
Cc1cccc(C)c1NC(=O)C(C)N,0,0,12,192.26,1.59,55.12,2,2,2,1
CCCCCCCCC(=O)NCc1ccc(O)c(OC)c1,1,2,12,293.41,3.77,58.56,2,3,10,1
O=[N+]([O-])c1cccc(S(=O)(=O)[O-])c1,0,0,11,202.17,0.5,100.34,0,5,2,1
Nc1cc(Cl)ccc1Cl,0,0,11,162.02,2.58,26.02,1,1,0,1
Nc1ccc(Cl)cc1Cl,0,0,12,162.02,2.58,26.02,1,1,0,1
O=[PH](O)c1ccccc1,0,0,12,142.09,0.78,37.3,1,1,1,1
N[C@H](C(=O)O)[C@@H](O)c1ccc(O)c(O)c1,0,0,1,213.19,-0.46,124.01,5,5,3,1
O=C(O)CNC(=O)c1ccccc1I,0,0,12,305.07,1.11,66.4,2,2,3,1
CCNC(=O)NCc1cccc(Cl)c1,0,0,12,212.68,2.16,41.13,2,1,3,1
CCC(C)C(=O)OCCc1ccccc1,0,0,12,206.28,2.82,26.3,0,2,5,1
Cc1ccccc1C(N)=O,0,0,12,135.17,1.09,43.09,1,1,1,1
COC(=O)c1ccccc1N,0,0,12,151.16,1.06,52.32,1,3,1,1
CC(CN(C)C)C(C)(O)Cc1ccc(Cl)cc1,0,0,12,255.79,2.83,23.47,1,2,5,1
O=C(O)C=Cc1ccc(C=CC(=O)O)cc1,0,0,12,218.21,1.88,74.6,2,2,4,1
CC(CO)Oc1ccccc1,0,0,11,152.19,1.45,29.46,1,2,3,1
CCCc1ccc(OC)cc1,0,0,11,150.22,2.65,9.23,0,1,3,1
O=C(CBr)c1ccc(O)cc1,0,0,8,215.05,1.97,37.3,1,2,2,1
FC(F)(F)c1ccccc1Cl,0,0,12,180.56,3.36,0.0,0,0,0,1
O=C(O)c1cccc(Cl)c1,0,0,11,156.57,2.04,37.3,1,1,1,1
O=C(O)c1ccccc1Cl,0,0,11,156.57,2.04,37.3,1,1,1,1
O=C(O)c1ccc(Cl)cc1,0,0,12,156.57,2.04,37.3,1,1,1,1
FC(F)(F)c1cccc(Cl)c1,0,0,12,180.56,3.36,0.0,0,0,0,1
CC(=O)Oc1cccc(C)c1,0,0,2,150.18,1.92,26.3,0,2,1,1
Cc1cc([N+](=O)[O-])c(O)c([N+](=O)[O-])c1,1,2,9,198.13,1.52,106.51,1,5,2,1
Cc1cccc([N+](=O)[O-])c1[N+](=O)[O-],1,1,11,182.13,1.81,86.28,0,4,2,1
CC(=O)CCc1ccccc1,0,0,12,148.2,2.21,17.07,0,1,3,1
Cc1ccc(N)cc1C,1,2,12,121.18,1.89,26.02,1,1,0,1
CN(C)C(=O)Oc1cccc([N+](C)(C)C)c1,0,0,11,223.3,1.94,29.54,0,2,2,1
Cc1ccccc1S(=O)(=O)[O-],0,0,12,171.2,0.9,57.2,0,3,1,1
CC(=O)Oc1cccc(C(=O)O)c1OC(C)=O,0,0,9,238.19,1.24,89.9,1,5,3,1
COc1cc(CNC(=O)CCCC/C=C/C(C)C)ccc1O,1,2,12,305.42,3.79,58.56,2,3,9,1
NC(=O)Nc1ccc([As](=O)(O)O)cc1,0,0,12,260.08,-1.26,112.65,4,2,2,1
NC(=O)NNc1ccccc1,0,0,12,151.17,0.68,67.15,3,2,2,1
O=C(O)c1cc(I)cc(I)c1I,1,2,10,499.81,3.2,37.3,1,1,1,1
O=C(CC(=O)C(F)(F)F)c1ccccc1,1,2,9,216.16,2.39,34.14,0,2,3,1
O=Cc1cc(O)ccc1Br,1,1,8,201.02,1.97,37.3,1,2,1,1
Cc1c(C(N)=O)cc([N+](=O)[O-])cc1[N+](=O)[O-],0,0,12,225.16,0.91,129.37,1,5,3,1
CCCCCCCCc1ccc(S(=O)(=O)[O-])cc1,0,0,11,269.39,3.49,57.2,0,3,8,1
O=Nc1ccc(O)cc1,1,2,12,123.11,1.79,49.66,1,3,1,1
O=[N+]([O-])c1cc(I)c(O)c(I)c1,0,0,4,390.9,2.51,63.37,1,3,1,1
CC(C)CCCCCCc1ccc(OCCOCCO)cc1,0,0,12,308.46,4.22,38.69,1,3,13,1
Clc1ccc(C(Cl)(Cl)Cl)cc1,1,1,12,229.92,4.17,0.0,0,0,0,1
CCc1cccc(C)c1N,0,0,11,135.21,2.14,26.02,1,1,1,1
CCOCC(O)COc1ccc(NC(=O)CC[S+](C)C)cc1,0,0,10,328.45,1.67,67.79,2,4,10,1
CNNCc1ccc(C(=O)NC(C)C)cc1,0,0,11,221.3,1.05,53.16,3,3,5,1
Cc1cc(Cl)c(C)cc1Cl,0,0,11,175.06,3.61,0.0,0,0,0,1
Clc1ccc(Cl)c(Cl)c1Cl,0,0,12,215.89,4.3,0.0,0,0,0,1
O=C(O)c1ccc(C(=O)O)cc1,0,0,12,166.13,1.08,74.6,2,2,2,1
CC(=O)c1c(C)c([N+](=O)[O-])c(C(C)(C)C)c([N+](=O)[O-])c1C,0,0,10,294.31,3.62,103.35,0,5,3,1
Cc1cccc(C)c1OCC(C)N,0,0,12,179.26,2.03,35.25,1,2,3,1
COc1ccc(OC)c(C(O)C(C)N)c1,0,0,8,211.26,1.08,64.71,2,4,4,1
[O-]c1cc(Cl)c(Cl)cc1Cl,1,3,11,196.44,2.72,23.06,0,1,0,1
COc1ccc(C(C)=O)cc1,1,1,12,150.18,1.9,26.3,0,2,2,1
COc1cc(Cl)ccc1Cl,0,0,12,177.03,3.0,9.23,0,1,1,1
C[C@@H](Cc1ccccc1)N(C)C,1,1,10,163.26,2.18,3.24,0,1,3,1
CCCCNCC(O)c1ccc(O)cc1,0,0,10,209.29,1.82,52.49,3,3,6,1
CC(C)N(Cc1ccccc1)C(=O)C(C)(C)C,1,1,11,233.35,3.47,20.31,0,1,3,1
C=CC(C)(CCC=C(C)C)OC(=O)c1ccccc1N,0,0,12,273.38,4.12,52.32,1,3,6,1
CSc1ccc(C=O)cc1,0,0,12,152.22,2.22,17.07,0,2,2,1
Cc1c([N+](=O)[O-])c(C)c([N+](=O)[O-])c(C(C)(C)C)c1[N+](=O)[O-],1,1,11,297.27,3.33,129.42,0,6,3,1
CCCSP(=S)(OCC)Oc1ccc(Cl)cc1Cl,1,2,9,345.25,5.78,18.46,0,4,7,1
CCOP(=S)(OCC)Oc1ccc(Cl)cc1Cl,1,1,10,315.16,4.67,27.69,0,4,6,1
CCc1cccc(CC)c1N,0,0,12,149.24,2.39,26.02,1,1,2,1
O=C([O-])c1ccccc1,0,0,12,121.11,0.05,40.13,0,2,1,1
Cc1ccc(C)c(S(=O)(=O)[O-])c1,0,0,10,185.22,1.21,57.2,0,3,1,1
CC(C)c1cccc(O)c1,1,1,12,136.19,2.52,20.23,1,1,1,1
C[C@@H]([C@H](O)c1ccccc1)N(C)C,0,0,10,179.26,1.67,23.47,1,2,3,1
CC(C)(C)CC(C)(C)c1ccc(O)cc1,1,3,8,206.33,4.11,20.23,1,1,2,1
CC(=O)NC(Cc1ccccc1)C(=O)O,0,0,11,207.23,0.82,66.4,2,2,4,1
CCN(CC)S(=O)(=O)c1ccc(C(=O)O)cc1,0,0,12,257.31,1.42,74.68,1,3,5,1
NC(=O)Nc1ccccc1,0,0,12,136.15,1.18,55.12,2,1,1,1
Cc1ccc(Cl)c(O)c1,0,0,2,142.59,2.35,20.23,1,1,0,1
CCCCCCCCCCCCc1ccccc1,0,0,12,246.44,6.15,0.0,0,0,11,1
CCc1ccccc1CC,0,0,12,134.22,2.81,0.0,0,0,2,1
CCOP(=O)(NC(C)C)Oc1ccc(SC)c(C)c1,1,1,11,303.36,4.24,47.56,1,4,7,1
CCOC(=O)COC(=O)c1ccccc1C(=O)OCC,0,0,12,280.28,1.58,78.9,0,6,6,1
C/C=C(\C)C(=O)OCCc1ccccc1,0,0,11,204.27,2.74,26.3,0,2,4,1
C#CC(C)N(C)C(=O)Nc1ccc(Cl)cc1,1,1,11,236.7,2.83,32.34,1,1,2,1
O=C(O)CCc1ccccc1,0,0,12,150.18,1.7,37.3,1,1,3,1
COc1ccccc1OC,0,0,12,138.17,1.7,18.46,0,2,2,1
COc1cccc(OC)c1,0,0,12,138.17,1.7,18.46,0,2,2,1
C=CCOC(=O)c1ccc(C(=O)OCC=C)c(C(=O)OCC=C)c1,0,0,11,330.34,2.72,78.9,0,6,9,1
CC(C)NCC(O)COc1ccc(CC(N)=O)cc1,0,0,11,266.34,0.45,84.58,3,4,8,1
CCCNC(C)(C)COC(=O)c1ccccc1,1,1,12,235.33,2.62,38.33,1,3,6,1
OCC(O)c1ccccc1,0,0,12,138.17,0.71,40.46,2,2,2,1
Cc1cc(O)ccc1Cl,1,2,12,142.58,2.35,20.23,1,1,0,1
Oc1c(Cl)cc(Cl)c(Cl)c1Cl,1,4,10,231.89,4.01,20.23,1,1,0,1
COC(=O)[C@@H](N)Cc1ccc(O)c(O)c1,0,0,11,211.22,0.14,92.78,3,5,3,1
C=C(C)C(=O)OCc1ccccc1,0,0,12,176.22,2.31,26.3,0,2,3,1
CCCN(CCCl)c1c([N+](=O)[O-])cc(C(F)(F)F)cc1[N+](=O)[O-],0,0,11,355.7,3.98,89.52,0,5,7,1
COP(=S)(OC)Oc1ccc([N+](=O)[O-])c(C)c1,1,2,10,277.24,2.8,70.83,0,6,5,1
CS(=O)(=O)c1ccc([C@@H](O)[C@@H](CF)NC(=O)C(Cl)Cl)cc1,0,0,12,358.22,1.38,83.47,2,4,6,1
CNC(=O)c1ccccc1,1,1,12,135.17,1.05,29.1,1,1,1,1
Cc1cc(O)c(C(C)(C)C)cc1C(C)(C)C,1,1,3,220.36,4.3,20.23,1,1,0,1
COc1ccc(Cl)cc1C,0,0,12,156.61,2.66,9.23,0,1,1,1
Cc1cc(Cl)ccc1N,1,2,12,141.6,2.23,26.02,1,1,0,1
NC(=O)NS(=O)(=O)c1ccc(Cl)cc1,0,0,2,234.66,0.7,89.26,2,3,2,1
CCC(CC)Nc1ccc(C)c(C)c1,0,0,10,191.32,3.9,12.03,1,1,4,1
CC(=O)NCc1c(I)c(NC(C)=O)c(I)c(C(=O)O)c1I,1,1,12,627.94,2.79,95.5,3,3,4,1
CON(C)C(=O)Nc1ccc(Br)c(Cl)c1,1,1,8,293.55,3.13,41.57,1,2,2,1
O=C(O)c1c(Cl)ccc(Cl)c1Cl,1,1,12,225.46,3.35,37.3,1,1,1,1
Nc1cccc(C(F)(F)F)c1,0,0,12,161.13,2.29,26.02,1,1,0,1
CC(C)(C)C(=O)/C=C/c1ccc(Cl)cc1,0,0,10,222.72,3.97,17.07,0,1,2,1
CCCCCOC(=O)c1ccc(O)cc1,1,5,9,208.26,2.74,46.53,1,3,5,1
CCCCCCCCCOC(=O)c1ccc(O)cc1,1,3,7,264.37,4.3,46.53,1,3,9,1
Nc1ccc(F)cc1F,0,0,11,129.11,1.55,26.02,1,1,0,1
CCCCCCOC(=O)c1ccccc1C(=O)OCCCCCC,1,1,12,334.46,5.16,52.6,0,4,12,1
CCOC(=O)/C=C(C)/C=C/C=C(C)/C=C/c1c(C)cc(OC)c(C)c1C,1,1,1,354.49,5.65,35.53,0,3,7,1
CC(C)(C)c1ccc(O)c(C(C)(C)C)c1,1,1,7,206.33,3.99,20.23,1,1,0,1
CNC(=O)Oc1cccc(N=CN(C)C)c1,1,1,11,221.26,1.63,53.93,1,3,3,1
Cc1ccc(Cl)cc1N,0,0,11,141.6,2.23,26.02,1,1,0,1
Cc1ccc(N)cc1Cl,0,0,12,141.6,2.23,26.02,1,1,0,1
Nc1ccc(N)c(Cl)c1,1,3,9,142.59,1.5,52.04,2,2,0,1
Nc1ccc(Cl)cc1N,1,5,11,142.59,1.5,52.04,2,2,0,1
Nc1ccc(Cl)c(N)c1,1,1,11,142.59,1.5,52.04,2,2,0,1
O=[N+]([O-])c1ccccc1Cl,0,0,10,157.56,2.25,43.14,0,2,1,1
CCCCNS(=O)(=O)c1ccc(C)cc1,0,0,12,227.33,2.07,46.17,1,2,5,1
CCN(CCN)c1cccc(C)c1,0,0,11,178.28,1.78,29.26,1,2,4,1
O=C([O-])CNc1ccccc1,0,0,11,150.16,-0.15,52.16,1,3,3,1
CNC(C)Cc1ccccc1OC,0,0,12,179.26,1.85,21.26,1,2,4,1
COP(=S)(OC)Oc1ccc(S(N)(=O)=O)cc1,0,0,12,297.29,1.23,87.85,1,6,5,1
Cc1ccc(C(C)NC(=O)[C@@H](NC(=O)OC(C)C)C(C)C)cc1,0,0,12,320.43,3.33,67.43,2,3,6,1
Brc1c(Br)c(Br)c(Br)c(Br)c1Br,1,1,12,551.49,6.26,0.0,0,0,0,1
COC(Cc1ccccc1)OC,0,0,11,166.22,1.85,18.46,0,2,4,1
CC[N+](C)(C)c1cccc(O)c1,0,0,11,166.24,1.98,20.23,1,1,2,1
COC(=O)c1ccccc1O,0,0,12,152.15,1.18,46.53,1,3,1,1
CCN(CC)CCNC(=O)c1ccc(NC(C)=O)cc1,0,0,12,277.37,1.72,61.44,2,3,7,1
COP(=O)(OC)OC(c1ccc(Cl)cc1)P(=O)(OC)OC,0,0,12,358.65,4.24,80.29,0,7,8,1
CCOP(=O)(OCC)OC(=CCl)c1ccc(Cl)cc1Cl,1,1,10,359.57,5.73,44.76,0,4,7,1
CN(C)C=Nc1c(I)cc(I)c(CCC(=O)[O-])c1I,0,0,9,596.95,2.4,55.73,0,3,5,1
CC(=O)Nc1c(I)c(C(=O)[O-])c(I)c(N(C)C(C)=O)c1I,0,0,9,626.93,1.8,89.54,1,4,3,1
O=C(NCC(O)CO)c1c(I)c(C(=O)NCC(O)CO)c(I)c(N(CCO)C(=O)CO)c1I,0,0,12,807.11,-2.02,199.89,8,9,12,1
O=S(=O)(O)c1ccccc1O,0,0,12,174.18,0.64,74.6,2,3,1,1
N[C@@H](Cc1ccc(O)cc1)C(=O)O,0,0,2,181.19,0.35,83.55,3,3,3,1
CCN(CC)CCOC(=O)c1ccc(N)cc1,0,0,12,236.31,1.77,55.56,1,4,6,1
Nc1cc(N)cc(C(=O)O)c1,0,0,12,152.15,0.55,89.34,3,3,1,1
N#Cc1c(Cl)cccc1Cl,0,0,12,172.01,2.87,23.79,0,1,0,1
O=C(O)c1ccccc1,1,1,12,122.12,1.38,37.3,1,1,1,1
ClC(Cl)(Cl)c1ccccc1,1,1,12,195.48,3.51,0.0,0,0,0,1
NNC(=O)c1ccccc1,1,2,10,136.15,0.29,55.12,2,2,1,1
COc1ccc(O)cc1,0,0,10,124.14,1.4,29.46,1,2,1,1
C[C@@H](N)[C@@H](O)c1ccccc1,0,0,12,151.21,1.07,46.25,2,2,2,1
Sc1ccccc1,1,1,10,110.18,1.98,0.0,1,1,0,1
CCC(C(=O)OCCOCCN(CC)CC)c1ccccc1.O=C(O)CC(O)(CC(=O)O)C(=O)O,0,0,12,499.56,1.83,170.9,4,8,16,1
NS(=O)(=O)c1ccc(NC(=O)CCC(=O)O)cc1,0,0,12,272.28,0.14,126.56,3,4,5,1
Nc1cc(Cl)c(O)c(Cl)c1,1,4,10,178.02,2.28,46.25,2,2,0,1
O=C(O)c1cc[c]([Hg][Cl])cc1,1,4,6,357.16,1.25,37.3,1,1,2,1
NC(=O)c1ccc([N+](=O)[O-])cc1,0,0,12,166.14,0.69,86.23,1,3,2,1
Oc1ccccc1Cl,0,0,12,128.56,2.05,20.23,1,1,0,1
COc1ccc(OC)c(C(O)CNC(=O)CN)c1,0,0,12,254.29,-0.19,93.81,3,5,6,1
CCCCCCCCCCOC(=O)c1ccccc1C(=O)OCCCCCCCC,0,0,12,418.62,7.5,52.6,0,4,18,1
N#Cc1cccc(C#N)c1,0,0,12,128.13,1.43,47.58,0,2,0,1
CCC(C)OC(=O)c1ccc(O)cc1,1,3,10,194.23,2.35,46.53,1,3,3,1
Cc1ccc(NC(=O)N(C)C)cc1NC(=O)N(C)C,0,0,12,264.33,2.18,64.68,2,2,2,1
N#Cc1c(F)cccc1F,0,0,12,139.1,1.84,23.79,0,1,0,1
COc1ccc(OC)cc1,0,0,12,138.17,1.7,18.46,0,2,2,1
SCc1ccccc1,1,1,10,124.21,2.12,0.0,1,1,1,1
NCCc1ccc(O)c(O)c1,1,1,11,153.18,0.6,66.48,3,3,2,1
CC(=O)N[C@@H](Cc1ccc(O)cc1)C(=O)O,0,0,12,223.23,0.52,86.63,3,3,4,1
Nc1ccc(NCCO)c([N+](=O)[O-])c1,1,3,12,197.19,0.58,101.42,3,5,4,1
CC(=O)OCCCc1ccccc1,0,0,12,178.23,2.18,26.3,0,2,4,1
COc1ccc(COC=O)cc1,0,0,11,166.18,1.37,35.53,0,3,4,1
CC(C)CC(C)CC(C)CC(C)COC(=O)c1ccccc1C(=O)OCC(C)CC(C)CC(C)CC(C)C,0,0,11,530.83,9.47,52.6,0,4,18,1
CC(C)(C)NCC(O)c1cc(Cl)c(N)c(Cl)c1,0,0,8,277.19,3.0,58.28,3,3,3,1
COc1cc(C(=O)NCCCCCC(=O)O)cc(OC)c1OC,0,0,12,325.36,2.09,94.09,2,5,10,1
CC(=O)NS(=O)(=O)c1ccc(N)cc1,0,0,12,214.25,0.09,89.26,2,4,2,1
C=Cc1ccccc1,0,0,12,104.15,2.33,0.0,0,0,1,1
CCCCCCOc1ccccc1C(N)=O,1,3,10,221.3,2.74,52.32,1,2,7,1
CCc1cccc(O)c1,0,0,12,122.17,1.95,20.23,1,1,1,1
O=C(O)/C=C/c1ccccc1,0,0,12,148.16,1.78,37.3,1,1,2,1
CCc1cccc(CC)c1NC(=O)CN(CC(=O)O)CC(=O)O,0,0,12,322.36,1.22,106.94,3,4,9,1
O=C(OCCO)c1ccccc1O,0,0,10,182.17,0.54,66.76,2,4,3,1
CN(C)S(=O)(=O)N(SC(F)(Cl)Cl)c1ccccc1,1,3,7,333.24,3.01,40.62,0,3,5,1
Oc1cc(Cl)c(Cl)c(Cl)c1Cl,1,3,6,231.89,4.01,20.23,1,1,0,1
Nc1ccc(C(=O)OCC(O)CO)cc1,0,0,2,211.22,-0.22,92.78,3,5,4,1
COc1cc(C[C@H](C)N)c(OC)cc1C,0,0,9,209.29,1.9,44.48,1,3,4,1
Nc1cc(C(=O)O)ccc1Cl,0,0,12,171.58,1.62,63.32,2,2,1,1
COc1ccccc1OCC(O)COC(N)=O,0,0,12,241.24,0.53,91.01,2,5,6,1
CCCCOCCOC(=O)COc1ccc(Cl)cc1Cl,0,0,11,321.2,3.73,44.76,0,4,9,1
C/C(=C\c1ccccc1)[N+](=O)[O-],1,2,5,163.18,2.32,43.14,0,2,2,1
N#CCc1ccc(Cl)cc1Cl,0,0,12,186.04,3.06,23.79,0,1,1,1
CCOC(=O)Cc1ccccc1,0,0,11,164.2,1.79,26.3,0,2,3,1
Cc1cc(O)c(C(C)C)cc1Cl,1,1,8,184.67,3.48,20.23,1,1,1,1
O=C(O)COc1ccccc1,0,0,12,152.15,1.15,46.53,1,2,3,1
Cc1cc(C)c(NC(=O)CN(CC(=O)O)CC(=O)O)c(C)c1Br,0,0,12,387.23,1.78,106.94,3,4,7,1
CC/C=C\CCOC(=O)c1ccccc1O,0,0,11,220.27,2.91,46.53,1,3,5,1
CC(=O)Nc1ccc(OC(C)=O)cc1,0,0,10,193.2,1.57,55.4,1,3,2,1
CCCCCc1ccc(N)cc1,1,1,11,163.26,3.0,26.02,1,1,4,1
Cc1ccc(Cl)cc1Cl,0,0,12,161.03,3.3,0.0,0,0,0,1
CC(C)(C)c1ccc(C(=O)O)cc1,0,0,12,178.23,2.68,37.3,1,1,1,1
CO[Si](OC)(OC)c1ccccc1,0,0,12,198.29,0.77,27.69,0,3,4,1
CCCCCCc1ccc(N)cc1,1,1,7,177.29,3.39,26.02,1,1,5,1
Oc1cc(O)c(Cl)cc1Cl,1,3,10,179.0,2.4,40.46,2,2,0,1
COC(=O)c1ccc(C(=O)OC)c(C(=O)OC)c1,0,0,12,252.22,1.05,78.9,0,6,3,1
O=C(CCCCCCCCC#CI)Oc1ccccc1,0,0,10,384.26,5.11,26.3,0,2,9,1
CCCCNc1ccc(C(=O)OCC[NH+](CC)CC)cc1,1,1,12,293.43,1.98,42.77,2,3,10,1
CCCC(=O)c1cc(O)c(O)cc1O,1,1,9,196.2,1.79,77.76,3,4,3,1
CC(=O)Nc1ccc(CC(=O)O)cc1,0,0,12,193.2,1.27,66.4,2,2,3,1
Oc1ccc(O)cc1,1,2,11,110.11,1.1,40.46,2,2,0,1
CCOCCOC(=O)C=Cc1ccc(OC)cc1,0,0,1,250.29,2.29,44.76,0,4,7,1
CC(C)c1cccc(C(C)C)c1,0,0,11,162.28,3.93,0.0,0,0,2,1
O=C(Cl)c1cccc(C(=O)Cl)c1,0,0,12,203.02,2.44,34.14,0,2,2,1
O=C(O)c1ccc(O)cc1,0,0,12,138.12,1.09,57.53,2,2,1,1
Cc1ccc(C(C)C)cc1,0,0,12,134.22,3.12,0.0,0,0,1,1
COC(C(=O)O)c1ccccc1,0,0,12,166.18,1.46,46.53,1,2,3,1
COc1cccc(O)c1O,1,6,10,140.14,1.11,49.69,2,3,1,1
CC(=O)Nc1c(I)cc(I)c(C(=O)O)c1I,0,0,12,556.86,3.16,66.4,2,2,2,1
CC(C)(OO)c1ccccc1,1,1,11,152.19,2.41,29.46,1,2,2,1
CCOc1ccc(C(=O)OCCN(CC)CC)cc1,0,0,11,265.35,2.58,38.77,0,4,8,1
Nc1ccc(C(=O)[O-])c(O)c1,0,0,12,152.13,-0.66,86.38,2,4,1,1
CCNC(=O)C(C)OC(=O)Nc1ccccc1,0,0,12,236.27,1.76,67.43,2,3,4,1
CC(C)(N)Cc1ccccc1Cl,0,0,2,183.68,2.62,26.02,1,1,2,1
COC(=O)c1ccc(C=O)cc1,0,0,12,164.16,1.29,43.37,0,3,2,1
Oc1cccc[c]1[Hg][Cl],1,2,3,329.15,1.25,20.23,1,1,1,1
CCN(CC)CC(=O)Nc1c(C)cc(C)cc1C,0,0,11,248.37,2.89,32.34,1,2,5,1
CCCN(CCC)c1c([N+](=O)[O-])cc(C(F)(F)F)c(N)c1[N+](=O)[O-],1,1,3,350.3,3.73,115.54,1,6,7,1
CC(C)(C)OOC(=O)c1ccccc1,0,0,12,194.23,2.57,35.53,0,3,2,1
CCCN(CCC)C(=O)C(CCC(=O)O)NC(=O)c1ccccc1,0,0,12,334.42,2.3,86.71,2,3,10,1
COc1cccc(N)c1,1,1,9,123.15,1.28,35.25,1,2,1,1
CCC(=O)c1ccccc1,0,0,12,134.18,2.28,17.07,0,1,2,1
O=S(=O)(O)c1ccc(Cl)cc1,0,0,12,192.62,1.59,54.37,1,2,1,1
CC(C)OP(=S)(OC(C)C)SCCNS(=O)(=O)c1ccccc1,1,2,8,397.52,3.77,64.63,1,6,10,1
COC(=O)[C@H](Cc1ccccc1)NC(=O)[C@@H](N)CC(=O)O,1,1,11,294.31,-0.31,118.72,3,5,7,1
CC(=O)Oc1ccccc1C(=O)O,0,0,12,180.16,1.31,63.6,1,3,2,1
CCC(C)(NC(=O)c1cc(Cl)c(C)c(Cl)c1)C(=O)CCl,1,2,4,336.65,4.01,46.17,1,2,5,1
O=C(O)c1cc(Cl)cc(Cl)c1,0,0,10,191.01,2.69,37.3,1,1,1,1
O=C(O)c1ccc(Cl)c(Cl)c1,0,0,12,191.01,2.69,37.3,1,1,1,1
CC(C=O)=Cc1ccccc1,0,0,9,146.19,2.29,17.07,0,1,2,1
CCC[CH2][Sn]([CH2]CCC)([CH2]CCC)[O]C(=O)c1ccccc1,1,4,5,411.17,6.19,26.3,0,2,11,1
COc1ccc(C(=O)/C(Br)=C\C(=O)O)cc1,1,3,6,285.09,2.24,63.6,1,3,4,1
Clc1cc(Cl)c(Cl)cc1Cl,1,1,12,215.89,4.3,0.0,0,0,0,1
O=[N+]([O-])c1cccc([N+](=O)[O-])c1,1,1,11,168.11,1.5,86.28,0,4,2,1
O=[N+]([O-])c1ccccc1[N+](=O)[O-],1,3,11,168.11,1.5,86.28,0,4,2,1
Cc1ccc(O)cc1C,0,0,12,122.17,2.01,20.23,1,1,0,1
Cc1cccc(C)c1O,0,0,12,122.17,2.01,20.23,1,1,0,1
CC(C)(C)c1ccc(C(=O)CCCCl)cc1,0,0,2,238.76,4.19,17.07,0,1,4,1
CC(=O)Nc1ccc(O)cc1,0,0,12,151.16,1.35,49.33,2,2,1,1
CC(=O)Nc1ccc(C)cc1C,0,0,12,163.22,2.26,29.1,1,1,1,1
CN(N=O)c1ccc([N+](=O)[O-])cc1,1,1,11,181.15,1.71,75.81,0,4,3,1
CC(COc1ccccc1)NN,0,0,12,166.22,0.92,47.28,2,3,4,1
CCOP(=O)(CC)Oc1ccc([N+](=O)[O-])cc1,1,1,10,259.2,3.22,78.67,0,5,6,1
CC(C)(O)c1ccc(C(C)(C)O)cc1,0,0,12,194.27,2.14,40.46,2,2,2,1
Oc1ccc(Cl)c(Cl)c1,1,3,10,163.0,2.7,20.23,1,1,0,1
Oc1c(Cl)cccc1Cl,0,0,10,163.0,2.7,20.23,1,1,0,1
Cc1ccccc1C=O,0,0,11,120.15,1.81,17.07,0,1,1,1
Oc1cc(Cl)cc(Cl)c1,1,1,9,163.0,2.7,20.23,1,1,0,1
Oc1cccc(Cl)c1Cl,1,1,12,163.0,2.7,20.23,1,1,0,1
Clc1cccc(Cl)c1,0,0,12,147.0,2.99,0.0,0,0,0,1
Oc1cc(Cl)ccc1Cl,1,1,12,163.0,2.7,20.23,1,1,0,1
CCCN(CCC)c1c([N+](=O)[O-])cc(C(C)C)cc1[N+](=O)[O-],1,1,12,309.37,4.25,89.52,0,5,8,1
CCCCOCN(C(=O)CCl)c1c(CC)cccc1CC,1,1,6,311.85,4.16,29.54,0,2,9,1
O=Cc1ccc(F)cc1,0,0,12,124.11,1.64,17.07,0,1,1,1
CC(C)Cc1ccc(C(C)C(=O)O)cc1,1,2,12,206.28,3.07,37.3,1,1,4,1
CCCSP(=O)(OCC)Oc1ccc(Br)cc1Cl,1,2,10,373.64,5.77,35.53,0,4,7,1
CCc1ccccc1,0,0,12,106.17,2.25,0.0,0,0,1,1
CC(C)(CCl)c1ccccc1,0,0,11,168.67,3.2,0.0,0,0,2,1
NCc1ccccc1,0,0,12,107.16,1.15,26.02,1,1,1,1
O=[N+]([O-])c1ccc(O)cc1,1,2,12,139.11,1.3,63.37,1,3,1,1
CN(C)c1ccc(C=O)cc1,1,2,11,149.19,1.57,20.31,0,2,2,1
Cc1cccc([N+](=O)[O-])c1,0,0,12,137.14,1.9,43.14,0,2,1,1
Cc1ccc(N(C)C)cc1,1,2,11,135.21,2.06,3.24,0,1,1,1
CNCc1ccccc1,0,0,12,121.18,1.41,12.03,1,1,2,1
CC(C)CC(=O)OCc1ccccc1,0,0,12,192.26,2.78,26.3,0,2,4,1
CC(C)(O)Cc1ccccc1,0,0,12,150.22,2.0,20.23,1,1,2,1
CCC(=O)OC/C=C/c1ccccc1,1,2,12,190.24,2.65,26.3,0,2,4,1
CCCC(=O)OCCc1ccccc1,0,0,12,192.26,2.57,26.3,0,2,5,1
CC(C)C(=O)OCC=Cc1ccccc1,0,0,12,204.27,2.9,26.3,0,2,4,1
Nc1ccc([As](=O)([O-])O)cc1,0,0,12,216.05,-1.8,86.38,2,3,1,1
CCCCCCCc1ccc(O)cc1,1,2,10,192.3,3.91,20.23,1,1,6,1
Cc1cccc([N+](=O)[O-])c1C(=O)O,0,0,11,181.15,1.6,80.44,1,3,2,1
CC(=O)Nc1c(I)c(NC(C)=O)c(I)c(C(=O)[O-])c1I,1,1,12,612.91,1.78,98.33,2,4,3,1
Cc1ccc(N)cc1[N+](=O)[O-],0,0,11,152.15,1.49,69.16,1,3,1,1
Cc1c(C(=O)O)cccc1[N+](=O)[O-],1,1,12,181.15,1.6,80.44,1,3,2,1
CCCN(CCC)c1c([N+](=O)[O-])cc(S(C)(=O)=O)cc1[N+](=O)[O-],0,0,9,345.38,2.53,123.66,0,7,8,1
CC(Oc1cccc(Cl)c1)C(=O)O,0,0,12,200.62,2.19,46.53,1,2,3,1
O=Cc1ccc(F)c(Br)c1,0,0,12,203.01,2.4,17.07,0,1,1,1
O=C(O)c1ccccc1S,0,0,11,154.19,1.67,37.3,2,2,1,1
OCC(O)COc1ccc(Cl)cc1,0,0,10,202.64,1.07,49.69,2,3,4,1
O=P(O)(O)Oc1ccccc1,0,0,11,174.09,1.16,66.76,2,2,2,1
CCC(=O)c1c(O)cc(O)cc1O,1,2,12,182.17,1.4,77.76,3,4,2,1
O=[N+]([O-])c1ccccc1O,0,0,12,139.11,1.3,63.37,1,3,1,1
Cc1ccccc1N=O,0,0,9,121.14,2.39,29.43,0,2,1,1
CCCCCCOc1cc(C)c(O)c(C)c1C,1,2,9,236.35,4.28,29.46,1,2,6,1
CCc1cccc(CC)c1N(COC)C(=O)CCl,1,1,7,269.77,2.99,29.54,0,2,6,1
Cc1ccc([N+](=O)[O-])cc1,0,0,12,137.14,1.9,43.14,0,2,1,1
O=C(CCCCCCC(=O)Nc1ccccc1)NO,1,2,8,264.33,2.47,78.43,3,3,8,1
C[C@H](N)[C@H](O)c1cccc(O)c1,0,0,2,167.21,0.77,66.48,3,3,2,1
Clc1ccc(C(Cl)(Cl)Cl)c(Cl)c1,0,0,9,264.37,4.82,0.0,0,0,0,1
CCCCNc1ccc(C(=O)OCCN(C)C)cc1,0,0,10,264.37,2.62,41.57,1,4,8,1
CNC(=O)Oc1c(C(C)(C)C)cc(C)cc1C(C)(C)C,0,0,10,277.41,4.31,38.33,1,2,1,1
CCC(C)(CN(C)C)OC(=O)c1ccccc1,1,1,12,235.33,2.57,29.54,0,3,5,1
CCCOc1cc(N)ccc1C(=O)OCCN(CC)CC,0,0,8,294.4,2.56,64.79,1,5,9,1
O=[N+]([O-])c1ccccc1[O-],0,0,12,138.1,0.67,66.2,0,3,1,1
NCC(O)c1cccc(O)c1,0,0,10,153.18,0.38,66.48,3,3,2,1
Oc1cc(Cl)c(Cl)c(Cl)c1,1,2,5,197.45,3.35,20.23,1,1,0,1
Cc1ccccc1NC(=N)NC(=N)N,0,0,10,191.24,0.82,97.78,5,2,1,1
CCOP(=O)(OCC)Oc1ccc([N+](=O)[O-])cc1,1,1,11,275.2,3.15,87.9,0,6,7,1
Cc1ccc(NC=O)c(C)c1,0,0,11,149.19,1.87,29.1,1,1,2,1
COc1ccc(CCC(C)=O)cc1,0,0,12,178.23,2.22,26.3,0,2,4,1
CCN(CC)CC(=O)Nc1c(C)cccc1C(=O)OC,0,0,2,278.35,2.06,58.64,1,4,6,1
CC(=O)N(CC(=O)N(C)C)c1ccccc1,0,0,2,220.27,1.13,40.62,0,2,3,1
O=C(CCCCl)c1ccc(F)cc1,0,0,2,200.64,3.03,17.07,0,1,4,1
O=Cc1ccc(Cl)c([N+](=O)[O-])c1,1,1,9,185.57,2.06,60.21,0,3,2,1
COC(=O)c1cc(Cl)ccc1NS(=O)(=O)C(F)(F)F,0,0,2,317.67,2.39,72.47,1,4,3,1
O=[N+]([O-])c1cccc(C(F)(F)F)c1,0,0,12,191.11,2.61,43.14,0,2,1,1
Cc1ccccc1[N+](=O)[O-],1,1,12,137.14,1.9,43.14,0,2,1,1
O=[N+]([O-])c1ccccc1C(F)(F)F,0,0,12,191.11,2.61,43.14,0,2,1,1
CCc1cc(C(C)(C)C)c(O)c(C(C)(C)C)c1,0,0,9,234.38,4.55,20.23,1,1,1,1
COc1cc(NC(=O)CC(C)=O)c(OC)cc1Cl,1,1,10,271.7,2.27,64.63,1,4,5,1
Oc1c(Br)c(Br)c(Br)c(Br)c1Br,1,2,6,488.59,5.2,20.23,1,1,0,1
NC(Cc1ccc(Cl)cc1)C(=O)O,0,0,12,199.64,1.29,63.32,2,2,3,1
Nc1cc([N+](=O)[O-])ccc1O,1,3,11,154.12,0.88,89.39,2,4,1,1
Nc1ccc([N+](=O)[O-])cc1O,1,3,11,154.12,0.88,89.39,2,4,1,1
Nc1ccc(O)c([N+](=O)[O-])c1,1,2,11,154.12,0.88,89.39,2,4,1,1
CC(=O)OCC(=O)Nc1cc(C#N)cc(NC(=O)COC(C)=O)c1Cl,0,0,12,367.75,1.21,134.59,2,7,6,1
Cc1ccc(O)c(O)c1,1,3,8,124.14,1.41,40.46,2,2,0,1
FC(F)(F)c1ccc(Cl)c(Cl)c1,0,0,12,215.0,4.01,0.0,0,0,0,1
O=C=Nc1cccc(C(F)(F)F)c1,1,3,11,187.12,2.67,29.43,0,2,1,1
Nc1ccc(Cl)c(Cl)c1,1,1,12,162.02,2.58,26.02,1,1,0,1
Nc1ccccc1Cl,0,0,12,127.57,1.92,26.02,1,1,0,1
FC(F)(F)c1ccc(Cl)cc1,0,0,12,180.56,3.36,0.0,0,0,0,1
C=Cc1ccc(C=C)cc1,0,0,12,130.19,2.97,0.0,0,0,2,1
Nc1ccc([As](=O)(O)O)cc1,0,0,12,217.06,-1.17,83.55,3,2,1,1
COC(=O)c1cc(C(=O)OC)cc(S(=O)(=O)[O-])c1,0,0,12,273.24,0.16,109.8,0,7,3,1
CC(C)(C)c1cc(O)c(C(C)(C)C)cc1O,1,2,8,222.33,3.69,40.46,2,2,0,1
CC(C)CCCCOC(=O)c1ccccc1C(=O)OCCCCC(C)C,0,0,12,362.51,5.65,52.6,0,4,12,1
CC(C)(C)C(=O)CCc1ccc(Cl)cc1,0,0,12,224.73,3.89,17.07,0,1,3,1
Cc1cc(C)cc(C)c1,1,1,12,120.19,2.61,0.0,0,0,0,1
Cc1cccc(N)c1,1,1,12,107.16,1.58,26.02,1,1,0,1
CC(C)Cc1ccc(CC(=O)O)cc1,0,0,2,192.26,2.51,37.3,1,1,4,1
C=CC(C)(CCC=C(C)C)OC(=O)C=Cc1ccccc1,1,2,9,284.4,4.93,26.3,0,2,7,1
C/C=C/C(=O)Oc1c(CCCCCC(C)C)cc([N+](=O)[O-])cc1[N+](=O)[O-],1,1,3,364.4,4.74,112.58,0,6,10,1
OCCSc1ccccc1,0,0,12,154.23,1.77,20.23,1,2,3,1
CSc1c(Cl)c(Cl)c(Cl)c(Cl)c1Cl,0,0,10,296.43,5.68,0.0,0,1,1,1
COC(=O)c1ccccc1OC,0,0,12,166.18,1.48,35.53,0,3,2,1
CCc1ccc(C=O)cc1,0,0,12,134.18,2.06,17.07,0,1,2,1
CCOP(=S)(OCC)SCSc1cc(Cl)ccc1Cl,0,0,11,377.32,6.07,18.46,0,5,8,1
COCCCOc1cc(C[C@@H](C[C@H](N)[C@@H](O)C[C@H](C(=O)NCC(C)(C)C(N)=O)C(C)C)C(C)C)ccc1OC,0,0,12,551.77,3.29,146.13,4,7,19,1
Cc1c(N)cccc1N,1,2,12,122.17,1.16,52.04,2,2,0,1
O=S(=O)(O)c1ccccc1,0,0,12,158.18,0.93,54.37,1,2,1,1
NCCc1cc(O)c(O)cc1O,0,0,1,169.18,0.3,86.71,4,4,2,1
NC(=O)c1cc([N+](=O)[O-])cc([N+](=O)[O-])c1,1,1,11,211.13,0.6,129.37,1,5,3,1
CCCCCCCCCCCOC(=O)c1ccccc1C(=O)OCCCCCCCCCCC,1,1,12,474.73,9.06,52.6,0,4,22,1
C=Cc1ccccc1C=C,0,0,12,130.19,2.97,0.0,0,0,2,1
CCCCCCCCCC(CC)c1ccc(S(=O)(=O)[O-])cc1,1,1,12,325.49,5.23,57.2,0,3,11,1
COc1ccccc1OCC(O)CO,0,0,12,198.22,0.43,58.92,2,4,5,1
CCCCCc1cc(O)cc(O)c1,1,3,10,180.25,2.83,40.46,2,2,4,1
CN(C)Cc1cc(CN(C)C)c(O)c(CN(C)C)c1,0,0,11,265.4,1.58,29.95,1,4,6,1
CCCCCOC(=O)c1ccccc1C(=O)OCCCCC,0,0,12,306.4,4.38,52.6,0,4,10,1
CCCOC(=O)c1ccccc1C(=O)OCCC,0,0,12,250.29,2.82,52.6,0,4,6,1
CCOC(=O)c1ccc(I)cc1,0,0,10,276.07,2.47,26.3,0,2,2,1
CN(C)c1ccc(CCO)cc1,0,0,11,165.24,1.29,23.47,1,2,3,1
CNC(=O)Oc1ccccc1C(C)C,0,0,12,193.25,2.53,38.33,1,2,2,1
CC(C)c1ccc(NC(=O)N(C)C)cc1,1,1,10,206.29,2.9,32.34,1,1,2,1
Cc1ccc(C(C)C)cc1O,0,0,11,150.22,2.82,20.23,1,1,1,1
CC(=O)Nc1ccc(C)cc1,0,0,9,149.19,1.95,29.1,1,1,1,1
CCC(=O)C=Cc1ccc(OC)cc1,0,0,12,190.24,2.69,26.3,0,2,4,1
O=[N+]([O-])c1cc(C(F)(F)F)ccc1Cl,0,0,12,225.55,3.27,43.14,0,2,1,1
COc1cc(Cl)c(OC)cc1Cl,0,0,10,207.06,3.01,18.46,0,2,2,1
CC(C)CC=C(C=O)c1ccccc1,1,2,12,188.27,3.32,17.07,0,1,4,1
Sc1ccccc1Cl,0,0,2,144.63,2.63,0.0,1,1,0,1
CCS(=O)(=O)c1ccc(OC)c(C(=O)OC)c1,0,0,2,258.29,1.28,69.67,0,5,4,1
ClCc1cccc(Cl)c1,0,0,2,161.03,3.08,0.0,0,0,1,1
CC(C)(C)c1cccc(O)c1,1,1,12,150.22,2.69,20.23,1,1,0,1
CC(CCO)CCc1ccccc1,0,0,12,178.28,2.64,20.23,1,1,5,1
Fc1cc(Br)ccc1CBr,0,0,2,267.92,3.48,0.0,0,0,1,1
COc1ccc(/C(C)=C/C(=O)O)c(OC)c1,0,0,2,222.24,2.19,55.76,1,3,4,1
CCOC(=O)C(O)c1ccccc1,0,0,2,180.2,1.28,46.53,1,3,3,1
CC(CC(C#N)(c1ccccc1)C(C)C)N(C)C,0,0,2,244.38,3.44,27.03,0,2,5,1
Nc1ccc([N+](=O)[O-])c(N)c1,0,0,9,153.14,0.76,95.18,2,4,1,1
O=[N+]([O-])c1ccc(NCCO)c(OCCO)c1,0,0,11,242.23,0.37,104.86,3,6,7,1
N=C(N)NC(=O)Cc1c(Cl)cccc1Cl,0,0,12,246.1,1.55,78.97,3,2,2,1
Oc1ccc(Cl)cc1,1,1,12,128.56,2.05,20.23,1,1,0,1
Cc1ccc(N)cc1,1,2,12,107.16,1.58,26.02,1,1,0,1
CCC(=O)OCCc1ccccc1,0,0,10,178.23,2.18,26.3,0,2,4,1
CCOC(=O)C(C)(C)Oc1ccc(Cl)cc1,1,1,12,242.7,3.06,35.53,0,3,4,1
Cc1c(Cl)cccc1[N+](=O)[O-],0,0,12,171.58,2.56,43.14,0,2,1,1
Nc1cc([N+](=O)[O-])ccc1C(=O)O,1,4,12,182.13,0.88,106.46,2,4,2,1
CCC(C(=O)NC(N)=O)c1ccccc1,0,0,12,206.25,1.38,72.19,2,2,3,1
N#Cc1ccc(N(CC(N)=O)CC(F)(F)F)cc1C(F)(F)F,1,3,10,325.21,2.43,70.12,1,3,4,1
O=C(/C=C/c1ccccc1)NCCO,0,0,2,191.23,0.81,49.33,2,2,4,1
O=P([O-])(O)C(Sc1ccc(Cl)cc1)P(=O)([O-])O,0,0,10,316.6,0.81,120.72,2,5,4,1
CCc1ccccc1N,0,0,11,121.18,1.83,26.02,1,1,1,1
CCCOC(=O)c1cc(O)c(O)c(O)c1,1,5,12,212.2,1.37,86.99,3,5,3,1
FC(F)(F)c1ccccc1,0,0,12,146.11,2.71,0.0,0,0,0,1
O=C(O)c1cc(O)c(O)c(O)c1,1,1,12,170.12,0.5,97.99,4,4,1,1
Cc1ccc(C)c(OCCCC(C)(C)C(=O)O)c1,0,0,12,250.34,3.57,46.53,1,2,6,1
CC(=O)CCc1ccc(O)cc1,0,0,12,164.2,1.91,37.3,1,2,3,1
O=C(O)c1ccccc1O.OCCN(CCO)CCO,0,0,12,287.31,-0.64,121.46,5,6,7,1
Cc1cc(Cl)ccc1O,1,1,12,142.59,2.35,20.23,1,1,0,1
CC(C)COC(=O)c1ccc(N)cc1,1,1,9,193.25,2.08,52.32,1,3,3,1
Cc1cc(S(=O)(=O)O)c(N)cc1Cl,0,0,12,221.66,1.48,80.39,2,3,1,1
Cc1ccc(N)c(S(=O)(=O)O)c1,0,0,12,187.22,0.82,80.39,2,3,1,1
CC(C)(C)c1ccccc1O,1,1,12,150.22,2.69,20.23,1,1,0,1
Cc1ccc(C(C)(C)C)c(O)c1,1,1,11,164.25,3.0,20.23,1,1,0,1
Cc1cc(N)c(S(=O)(=O)O)cc1Cl,0,0,10,221.67,1.48,80.39,2,3,1,1
CCCCOc1ccc(CC(=O)NO)cc1,0,0,11,223.27,1.91,58.56,2,3,6,1
Clc1ccccc1Cl,0,0,12,147.0,2.99,0.0,0,0,0,1
Clc1ccc(Cl)cc1,0,0,12,147.0,2.99,0.0,0,0,0,1
Oc1ccc(Cl)cc1Cl,1,1,12,163.0,2.7,20.23,1,1,0,1
CCN(CC)C(=O)c1cccc(C)c1,1,2,12,191.27,2.48,20.31,0,1,3,1
Brc1ccc(Br)c(Br)c1,0,0,11,314.8,3.97,0.0,0,0,0,1
CCCCCCCCCC(CC)c1ccc(S(=O)(=O)O)cc1,1,1,8,326.5,5.57,54.37,1,2,11,1
CC(C)(C)CC(C)(C)c1ccccc1O,1,3,7,206.33,4.11,20.23,1,1,2,1
CCCCCCCCCCCCc1ccccc1O,1,4,7,262.44,5.86,20.23,1,1,11,1
COC(=O)c1c(Cl)c(Cl)c(C(=O)OC)c(Cl)c1Cl,1,1,12,331.97,3.87,52.6,0,4,2,1
CCCC(C)c1ccccc1O,1,1,10,164.25,3.3,20.23,1,1,3,1
CC(C)CCOCc1ccccc1,0,0,12,178.28,3.25,9.23,0,1,5,1
Cc1cc([N+](=O)[O-])cc([N+](=O)[O-])c1O,1,3,7,198.13,1.52,106.51,1,5,2,1
Cc1ccccc1C#N,0,0,11,117.15,1.87,23.79,0,1,0,1
Cc1c(N)cccc1C(F)(F)F,0,0,2,175.15,2.6,26.02,1,1,0,1
CC(=O)c1c(C)cc(C(C)(C)C)cc1C,0,0,12,204.31,3.8,17.07,0,1,1,1
N#Cc1cc(NC(=O)C(=O)O)c(Cl)c(NC(=O)C(=O)O)c1,0,0,2,311.64,0.26,156.59,4,5,2,1
CCN(CC#N)c1cccc(C)c1,0,0,12,174.25,2.34,27.03,0,2,3,1
CCc1ccc(C)cc1,0,0,11,120.19,2.56,0.0,0,0,1,1
O=C(O)CNC(=O)c1ccc([N+](=O)[O-])cc1,1,1,12,224.17,0.41,109.54,2,4,4,1
C=Cc1cccc(C)c1,0,0,12,118.18,2.64,0.0,0,0,1,1
Cc1ccc(C)c(C)c1,0,0,12,120.19,2.61,0.0,0,0,0,1
CC(=O)OC(C)(C)Cc1ccccc1,0,0,12,192.26,2.57,26.3,0,2,3,1
CON(C)C(=O)Nc1ccc(Cl)c(Cl)c1,1,2,10,249.1,3.02,41.57,1,2,2,1
C=CCc1ccccc1O,0,0,11,134.18,2.12,20.23,1,1,2,1
N#Cc1cc(Br)c(O)c(Br)c1,1,3,6,276.91,2.79,44.02,1,2,0,1
N#Cc1cc(I)c(O)c(I)c1,1,2,5,370.91,2.47,44.02,1,2,0,1
C=C(C)C(=O)OCCOc1ccccc1,1,2,11,206.24,2.18,35.53,0,3,5,1
COc1ccc(COC(C)=O)cc1,0,0,12,180.2,1.76,35.53,0,3,3,1
CC(C)(O)C(=O)c1ccc(OCCO)cc1,0,0,12,224.26,1.01,66.76,2,4,5,1
CC(C)(O)CCc1ccccc1,0,0,12,164.25,2.39,20.23,1,1,3,1
CCCCc1ccc(N)cc1,0,0,10,149.24,2.61,26.02,1,1,3,1
CCCCCCCCCc1ccc(O)cc1,1,1,9,220.36,4.69,20.23,1,1,8,1
CN(C)Cc1ccccc1,0,0,12,135.21,1.75,3.24,0,1,2,1
Cc1c(N=C=O)cccc1N=C=O,0,0,12,174.16,1.93,58.86,0,4,2,1
O=NN([O-])c1ccccc1,1,2,10,137.12,1.67,55.73,0,3,2,1
CC(CO)c1ccccc1,0,0,11,136.19,1.78,20.23,1,1,2,1
O=S(=O)(O)c1ccc(O)cc1,1,1,9,174.18,0.64,74.6,2,3,1,1
NC(=O)NS(=O)(=O)c1ccc(N)cc1,1,2,9,215.23,-0.37,115.28,3,4,2,1
CCN(CC)CCNC(=O)COc1ccc(Cl)cc1,0,0,12,284.79,2.18,41.57,1,3,8,1
CC(C)CCCCCCc1ccc(O)cc1,1,3,9,220.36,4.54,20.23,1,1,7,1
COc1ccc(CO)cc1,0,0,12,138.17,1.19,29.46,1,2,2,1
CN(C)Cc1ccccc1O,0,0,12,151.21,1.45,23.47,1,2,2,1
CC(=O)N(CC(O)CO)c1c(I)c(C(=O)NCCO)c(I)c(C(=O)NCC(O)CO)c1I,1,2,12,791.12,-0.99,179.66,7,8,11,1
Clc1cc(Cl)cc(Cl)c1,0,0,12,181.45,3.65,0.0,0,0,0,1
Clc1cccc(Cl)c1Cl,0,0,12,181.45,3.65,0.0,0,0,0,1
O=C(CCl)c1ccc(Cl)cc1Cl,1,5,10,223.49,3.41,17.07,0,1,2,1
CCCc1ccc(O)cc1,1,1,11,136.19,2.34,20.23,1,1,2,1
CCCCCCOc1ccc(N)cc1,1,3,8,193.29,3.23,35.25,1,2,6,1
C=C(CC)C(=O)c1ccc(OCC(=O)O)c(Cl)c1Cl,1,4,10,303.14,3.61,63.6,1,3,6,1
Clc1cc(Cl)c(Cl)c(Cl)c1,1,1,10,215.89,4.3,0.0,0,0,0,1
CC(C=O)Cc1ccc(C(C)(C)C)cc1,0,0,10,204.31,3.36,17.07,0,1,3,1
NCC(CC(=O)O)c1ccc(Cl)cc1,0,0,12,213.66,1.86,63.32,2,2,4,1
CCCCN(CC)c1c([N+](=O)[O-])cc(C(F)(F)F)cc1[N+](=O)[O-],1,1,12,335.28,4.15,89.52,0,5,7,1
CC(=O)N(CC(O)CO)c1c(I)c(C(=O)NCC(O)CO)c(I)c(C(=O)NCC(O)CO)c1I,0,0,11,821.14,-1.63,199.89,8,9,12,1
Nc1ccc(S(N)(=O)=O)cc1,1,1,12,172.21,-0.08,86.18,2,3,1,1
CCC(Cc1c(I)cc(I)c(N)c1I)C(=O)O,1,1,11,570.93,3.74,63.32,2,2,4,1
C[C@H](O)C(=O)Nc1c(I)c(C(=O)NC(CO)CO)c(I)c(C(=O)NC(CO)CO)c1I,1,1,11,777.09,-1.01,188.45,8,8,10,1
O=C([O-])CCC(=O)OC[C@@H](NC(=O)C(Cl)Cl)[C@H](O)c1ccc([N+](=O)[O-])cc1,0,0,12,422.2,-0.01,158.9,2,8,10,1
CC(C)Oc1ccccc1O,0,0,12,152.19,2.18,29.46,1,2,2,1
COC(OC)C(C)c1ccccc1,0,0,12,180.25,2.41,18.46,0,2,4,1
COc1cc(C)ccc1O,0,0,11,138.17,1.71,29.46,1,2,1,1
NC(=O)c1ccccc1[N+](=O)[O-],0,0,10,166.14,0.69,86.23,1,3,2,1
NC(=O)c1cccc([N+](=O)[O-])c1,0,0,11,166.14,0.69,86.23,1,3,2,1
O=C(O)c1cccc([N+](=O)[O-])c1,0,0,12,167.12,1.29,80.44,1,3,2,1
O=C(O)c1ccccc1[N+](=O)[O-],0,0,12,167.12,1.29,80.44,1,3,2,1
Nc1cccc(S(=O)(=O)O)c1,0,0,11,173.19,0.52,80.39,2,3,1,1
CCN(CC)C(=O)Nc1ccc(OCC(O)CNC(C)(C)C)c(C(C)=O)c1,0,0,12,379.5,2.89,90.9,3,5,9,1
O=C([O-])c1ccccc1C(=O)O,0,0,12,165.12,-0.25,77.43,1,3,2,1
CC(C)(C)CCCCCCOC(=O)c1ccccc1C(=O)OCCCCCCC(C)(C)C,0,0,10,446.67,7.99,52.6,0,4,14,1
CCc1cc(OC)c(C[C@H](C)N)cc1OC,0,0,11,223.32,2.16,44.48,1,3,5,1
CCc1cc(OC)c(C[C@@H](C)N)cc1OC,0,0,8,223.32,2.16,44.48,1,3,5,1
COc1ccc(OC)c(CC(C)N)c1,0,0,12,195.26,1.59,44.48,1,3,4,1
COc1cc(C[C@@H](C)N)c(OC)cc1C,0,0,9,209.29,1.9,44.48,1,3,4,1
CC=Cc1ccc(OC)cc1,0,0,12,148.2,2.73,9.23,0,1,2,1
C/C=C/c1ccc(OC)cc1,0,0,12,148.2,2.73,9.23,0,1,2,1
NNCCc1ccccc1,1,4,11,136.2,0.69,38.05,2,2,3,1
NNc1ccccc1,1,3,11,108.14,0.97,38.05,2,2,1,1
CNC[C@H](O)c1cccc(O)c1,0,0,12,167.21,0.65,52.49,3,3,3,1
Nc1cc(S(=O)(=O)O)ccc1S(=O)(=O)O,0,0,12,253.26,-0.24,134.76,3,5,2,1
COc1ccc(N)c([N+](=O)[O-])c1,0,0,11,168.15,1.19,78.39,1,4,2,1
Nc1ccc(O)c(C(=O)O)c1,1,1,12,153.14,0.67,83.55,3,3,1,1
COc1cccc(OC)c1C(=O)O,0,0,12,182.17,1.4,55.76,1,3,3,1
O=C(O)C(=O)Cc1ccccc1,1,1,10,164.16,0.88,54.37,1,2,3,1
CCOC(=O)C(SP(=S)(OC)OC)c1ccccc1,1,1,10,320.37,3.54,44.76,0,6,7,1
CC(Cc1ccccc1)NCCCCl,0,0,2,211.74,2.84,12.03,1,1,6,1
COC[C@@H](NC(C)=O)C(=O)NCc1ccccc1,0,0,1,250.3,0.45,67.43,2,3,6,1
Brc1ccccc1,0,0,12,157.01,2.45,0.0,0,0,0,1
CNC(=O)c1c(I)c(NC(C)=O)c(I)c(C(=O)[O-])c1I,0,0,2,612.91,1.18,98.33,2,4,3,1
CC(C)(Oc1ccc(Cl)cc1)C(=O)O,0,0,12,214.65,2.58,46.53,1,2,3,1
CC=CC(=O)N(CC)c1ccccc1C,0,0,12,203.29,2.92,20.31,0,1,3,1
CC(C)CC(O)Cc1ccccc1,0,0,11,178.28,2.64,20.23,1,1,4,1
CC(=O)OC(c1ccccc1)C(Cl)(Cl)Cl,1,1,11,267.54,3.66,26.3,0,2,2,1
C/C=C\c1ccc(OCC)c(O)c1,0,0,10,178.23,2.82,29.46,1,2,3,1
CCOC(=O)c1ccccc1N,0,0,12,165.19,1.45,52.32,1,3,2,1
CCNc1ccccc1,0,0,12,121.18,2.12,12.03,1,1,2,1
CN(C)c1ccc(N=NS(=O)(=O)[O-])cc1,1,3,11,228.25,1.3,85.16,0,5,3,1
O=C(O)c1ccc([N+](=O)[O-])cc1,0,0,12,167.12,1.29,80.44,1,3,2,1
O=[N+]([O-])c1ccccc1,0,0,12,123.11,1.59,43.14,0,2,1,1
COc1ccccc1[N+](=O)[O-],0,0,12,153.14,1.6,52.37,0,3,2,1
Nc1ccc([N+](=O)[O-])cc1,0,0,10,138.13,1.18,69.16,1,3,1,1
NC(CO)C(=O)NNCc1ccc(O)c(O)c1O,0,0,2,257.25,-1.76,148.07,7,7,5,1
Oc1c(Br)cc(Br)cc1Br,1,3,12,330.8,3.68,20.23,1,1,0,1
CCOC(=O)c1ccccc1O,0,0,12,166.18,1.57,46.53,1,3,2,1
CCCCCCCCOC(=O)c1ccccc1C(=O)OCCCCCCCC,0,0,12,390.56,6.72,52.6,0,4,16,1
CCOP(=S)(OCC)Oc1ccc(S(C)=O)cc1,1,1,12,308.36,3.1,44.76,0,5,7,1
Cc1ccc(S(=O)(=O)[O-])cc1.[Na+],0,0,12,194.19,-2.1,57.2,0,3,1,1
N=C(N)NS(=O)(=O)c1ccc(N)cc1,0,0,12,214.25,-0.56,122.06,4,4,2,1
Cc1cc(Br)ccc1NC(=O)CCl,1,4,6,262.53,2.93,29.1,1,1,2,1
CCCOC(=O)c1ccc(N)cc1,0,0,10,179.22,1.84,52.32,1,3,3,1
COc1cc(S(N)(=O)=O)cc(C(=O)O)c1OC,0,0,2,261.25,0.05,115.92,2,5,4,1
CCCCCC(C=O)=Cc1ccccc1,1,1,12,202.3,3.85,17.07,0,1,6,1
COc1ccc(C)cc1[N+](=O)[O-],0,0,12,167.16,1.91,52.37,0,3,2,1
Oc1cc[c]([Hg][Cl])cc1,1,4,6,329.15,1.25,20.23,1,1,1,1
COC(=O)c1cc(Cl)cc(Cl)c1,0,0,12,205.04,2.78,26.3,0,2,1,1
Cc1cccc(NC(=S)N(C)C)c1,0,0,8,194.3,2.25,15.27,1,1,1,1
CCCCCCCCCCCC[N+](C)(C)Cc1ccccc1,1,2,5,304.54,6.18,0.0,0,0,13,1
Oc1c(Cl)cc(Cl)cc1Cl,1,2,11,197.45,3.35,20.23,1,1,0,1
CC(Oc1cc(Cl)c(Cl)cc1Cl)C(=O)O,1,1,11,269.51,3.5,46.53,1,2,3,1
O=C(O)COc1cc(Cl)c(Cl)cc1Cl,1,1,11,255.48,3.11,46.53,1,2,3,1
O=C(Cl)c1ccccc1,0,0,12,140.57,2.07,17.07,0,1,1,1
CCOc1ccc(NC(=O)OC(C)C)cc1OCC,0,0,11,267.32,3.44,56.79,1,4,6,1
CCOP(=S)(OCC)SCSc1ccc(Cl)cc1,1,2,11,342.88,5.42,18.46,0,5,8,1
O=S(=O)([O-])c1cccc(S(=O)(=O)[O-])c1,0,0,10,236.23,-0.51,114.4,0,6,2,1
O=C([O-])c1cccc([N+](=O)[O-])c1,0,0,12,166.11,-0.04,83.27,0,4,2,1
Cc1ccc(N)c([N+](=O)[O-])c1,1,1,12,152.15,1.49,69.16,1,3,1,1
Cc1ccc([N+](=O)[O-])c(N)c1,0,0,11,152.15,1.49,69.16,1,3,1,1
CNc1ccc([N+](=O)[O-])cc1,1,1,7,152.15,1.64,55.17,1,3,2,1
C=CCOC(=O)c1ccccc1C(=O)OCC=C,1,1,12,246.26,2.37,52.6,0,4,6,1
Oc1cccc(O)c1O,1,5,12,126.11,0.8,60.69,3,3,0,1
COC(=O)c1cc(Cl)ccc1OC,0,0,2,200.62,2.14,35.53,0,3,2,1
COc1ccc(C)cc1,0,0,11,122.17,2.0,9.23,0,1,1,1
CCc1ccc(CC)cc1,0,0,12,134.22,2.81,0.0,0,0,2,1
CCN(CC)CCOCCOC(=O)C(CC)(CC)c1ccccc1.O=C(O)CC(O)(CC(=O)O)C(=O)O,1,2,9,527.61,2.4,170.9,4,8,17,1
CCCCCCCCCCCCCC[N+](C)(C)Cc1ccccc1,1,1,6,332.6,6.96,0.0,0,0,15,1
CCC(CC)Nc1c([N+](=O)[O-])cc(C)c(C)c1[N+](=O)[O-],1,3,12,281.31,3.72,98.31,1,5,6,1
Clc1cc(Cl)c(Cl)c(Cl)c1Cl,0,0,12,250.34,4.95,0.0,0,0,0,1
O=C(O)c1ccccc1OP(=O)(O)O,0,0,12,218.1,0.86,104.06,3,3,3,1
CCCCOc1cc(C(=O)OCCN(CC)CC)ccc1N,1,1,11,308.42,2.95,64.79,1,5,10,1
NC(=O)OCCCc1ccccc1,0,0,12,179.22,1.71,52.32,1,2,4,1
CC(=O)Nc1c(I)c(NC(C)=O)c(I)c(C(=O)O)c1I,0,0,12,613.92,3.12,95.5,3,3,3,1
Cc1cccc(Br)c1,0,0,11,171.04,2.76,0.0,0,0,0,1
BrCc1ccccc1,0,0,11,171.04,2.58,0.0,0,0,1,1
O=Cc1ccc(O)c(O)c1O,1,2,2,154.12,0.62,77.76,3,4,1,1
COP(=S)(NC(C)C)Oc1ccc(C)cc1[N+](=O)[O-],1,3,10,304.31,3.15,73.63,1,5,6,1
CCOC(=O)C(Br)c1ccccc1,0,0,11,243.1,2.69,26.3,0,2,3,1
N[C@@H](Cc1cc(I)c(O)c(I)c1)C(=O)O,0,0,12,432.98,1.56,83.55,3,3,3,1
CC(C)c1ccc(CO)cc1,1,2,12,150.22,2.3,20.23,1,1,2,1
CCC(C)C(C(=O)OCC[N+](C)(CC)CC)c1ccccc1,0,0,10,306.47,3.85,26.3,0,2,9,1
CC(C)NCC(O)c1ccc(N)c(C#N)c1,0,0,12,219.29,1.17,82.07,3,4,4,1
NP(N)(=O)NC(=O)c1ccc(F)cc1,0,0,11,217.14,0.58,98.21,3,2,2,1
COc1ccc([N+](=O)[O-])cc1N,1,1,12,168.15,1.19,78.39,1,4,2,1
CCN(CC)CCNC(=O)c1cc(Br)c(N)cc1OC,0,0,11,344.25,2.11,67.59,2,4,7,1
COC(=O)c1ccc(C(=O)OC)cc1,0,0,12,194.19,1.26,52.6,0,4,2,1
NC(=O)NC(=O)Cc1ccccc1,1,1,12,178.19,0.42,72.19,2,2,2,1
O=[N+]([O-])c1cccc(Cl)c1,0,0,12,157.56,2.25,43.14,0,2,1,1
CC(C)c1ccc(C=O)cc1,0,0,12,148.2,2.62,17.07,0,1,2,1
CCc1ccc(O)cc1,0,0,12,122.17,1.95,20.23,1,1,1,1
O=C(O)C=Cc1ccc(O)c(O)c1,1,1,11,180.16,1.2,77.76,3,3,2,1
CCOC(=O)c1ccccc1,0,0,11,150.18,1.86,26.3,0,2,2,1
CC(C)CCOC(=O)C=Cc1ccccc1,1,1,11,218.3,3.29,26.3,0,2,5,1
CCCCC(O)c1ccccc1,1,1,10,164.25,2.91,20.23,1,1,4,1
[Cl][Hg][c]1ccccc1,1,5,6,313.15,1.55,0.0,0,0,1,1
O=Cc1ccccc1O,0,0,11,122.12,1.2,37.3,1,2,1,1
Cc1ccc(NC(N)=O)cc1,0,0,12,150.18,1.49,55.12,2,1,1,1
Cc1ccccc1,0,0,11,92.14,2.0,0.0,0,0,0,1
Cc1ccc(N=C=O)cc1N=C=O,1,5,12,174.16,1.93,58.86,0,4,2,1
Cc1ccccc1S(N)(=O)=O,0,0,11,171.22,0.64,60.16,1,2,1,1
CCOc1ccccc1OCC,0,0,12,166.22,2.48,18.46,0,2,4,1
Cc1cc(Cl)ccc1N=CN(C)C,0,0,11,196.68,2.87,15.6,0,1,2,1
CCCCCCCCCCCc1ccccc1,0,0,12,232.41,5.76,0.0,0,0,10,1
CCOP(=S)(OCC)Oc1ccc([N+](=O)[O-])cc1,1,2,12,291.26,3.27,70.83,0,6,7,1
COc1c(Cl)c(Cl)c(Cl)c(Cl)c1Cl,0,0,11,280.37,4.96,9.23,0,1,1,1
O=[N+]([O-])c1c(Cl)c(Cl)c(Cl)c(Cl)c1Cl,1,1,11,295.34,4.86,43.14,0,2,1,1
Nc1ccc(C(=O)O)cc1,0,0,12,137.14,0.97,63.32,2,2,1,1
COc1ccc(OC)c(C[C@H](C)N)c1,0,0,10,195.26,1.59,44.48,1,3,4,1
CCCCCCc1ccc(O)cc1O,1,3,12,194.27,3.22,40.46,2,2,5,1
CCCOC(=O)c1c(Cl)c(Cl)c(Cl)c(Cl)c1C(=O)OCCC,0,0,9,388.07,5.43,52.6,0,4,6,1
NC(=O)CC[C@H](Nc1ccc([N+](=O)[O-])cc1)C(=O)O,0,0,12,267.24,0.73,135.56,3,5,7,1
Cc1ccc(Cl)c(N)c1Cl,0,0,10,176.05,2.88,26.02,1,1,0,1
COCc1ccc(COC)cc1,0,0,12,166.22,1.98,18.46,0,2,4,1
Nc1cc(C(=O)O)c(O)c(S(=O)(=O)O)c1,0,0,12,233.2,-0.08,137.92,4,5,2,1
OCCc1ccccc1,1,1,12,122.17,1.22,20.23,1,1,2,1
COC(=O)c1ccccc1C(=O)OC,0,0,12,194.19,1.26,52.6,0,4,2,1
NC(Cc1ccc(F)cc1)C(=O)O,0,0,12,183.18,0.78,63.32,2,2,3,1
O=[N+]([O-])c1ccc(F)c([N+](=O)[O-])c1,1,2,7,186.1,1.64,86.28,0,4,2,1
O=C(Cl)c1ccccc1F,0,0,12,158.56,2.2,17.07,0,1,1,1
O=CNc1ccccc1,0,0,12,121.14,1.25,29.1,1,1,2,1
CCCC(=O)c1ccccc1,0,0,11,148.2,2.67,17.07,0,1,3,1
N#Cc1ccccc1C#N,0,0,11,128.13,1.43,47.58,0,2,0,1
CC(=O)CCc1ccc(OC(C)=O)cc1,0,0,12,206.24,2.13,43.37,0,3,4,1
CCCCCCCCOC(=O)c1ccc(C(=O)OCCCCCCCC)c(C(=O)OCCCCCCCC)c1,0,0,12,546.79,9.24,78.9,0,6,24,1
Cc1ccc(C=O)cc1C,0,0,12,134.18,2.12,17.07,0,1,1,1
CC(C)NC(=O)c1ccccc1N,0,0,12,178.23,1.41,55.12,2,2,2,1
O=C(O)CONC(=O)c1ccccc1,0,0,12,195.17,0.43,75.63,2,3,4,1
CC(C)NC(=N)NC(=N)Nc1ccc(Cl)cc1,0,0,12,253.74,2.21,83.79,5,2,2,1
Fc1ccc(Br)cc1,0,0,12,175.0,2.59,0.0,0,0,0,1
CN(C)c1cccc(O)c1,1,2,11,137.18,1.46,23.47,1,2,1,1
CC(=O)Nc1ccc(/C=N/NC(N)=S)cc1,1,1,11,236.3,0.81,79.51,3,3,3,1
Nc1ccc(C(=O)NCC(=O)O)cc1,0,0,12,194.19,0.08,92.42,3,3,3,1
CC(=O)Oc1cccc(O)c1,0,0,12,152.15,1.32,46.53,1,3,1,1
CO[Si](CCCNc1ccccc1)(OC)OC,0,0,10,255.39,2.37,39.72,1,4,8,1
C#CCN(C)Cc1ccccc1,0,0,12,159.23,1.75,3.24,0,1,3,1
NC(Cc1ccccc1)C(=O)O,0,0,8,165.19,0.64,63.32,2,2,3,1
OCCOc1cccc(OCCO)c1,0,0,12,198.22,0.43,58.92,2,4,6,1
CC(=O)OCCc1ccccc1,0,0,12,164.2,1.79,26.3,0,2,3,1
CC(C)(C)c1cc(CO)cc(C(C)(C)C)c1O,1,2,10,236.35,3.48,40.46,2,2,1,1
Cc1ccc(O)c(C(C)(C)C)c1,0,0,8,164.25,3.0,20.23,1,1,0,1
COc1ccc(O)c(C(C)(C)C)c1,1,1,12,180.25,2.7,29.46,1,2,1,1
Cc1cc(C(C)(C)C)c(O)c(C(C)(C)C)c1,1,1,12,220.36,4.3,20.23,1,1,0,1
O=C(O)Cc1ccc(Cl)cc1Cl,0,0,12,205.04,2.62,37.3,1,1,2,1
OCc1ccc(Cl)cc1Cl,0,0,12,177.03,2.49,20.23,1,1,1,1
Nc1c(Cl)cc(Cl)cc1[N+](=O)[O-],1,2,11,207.02,2.48,69.16,1,3,1,1
N#CSc1ccc([N+](=O)[O-])cc1[N+](=O)[O-],1,3,6,225.18,2.08,110.07,0,6,3,1
COc1ccc([N+](=O)[O-])cc1[N+](=O)[O-],0,0,12,198.13,1.51,95.51,0,5,3,1
CCOC(=O)c1ccc(N)cc1,0,0,9,165.19,1.45,52.32,1,3,2,1
CCNCC(O)c1cccc(O)c1,0,0,10,181.23,1.04,52.49,3,3,4,1
Cc1ccc(O)c([N+](=O)[O-])c1,0,0,12,153.14,1.61,63.37,1,3,1,1
CC(=O)CC(=O)Nc1ccccc1C,0,0,12,191.23,1.91,46.17,1,2,3,1
C[C@H](N)[C@H](O)c1ccc(O)c(O)c1,0,0,2,183.21,0.48,86.71,4,4,2,1
CNC(C)C(O)c1ccc(O)cc1,0,0,10,181.23,1.03,52.49,3,3,3,1
O=[N+]([O-])c1ccc(F)cc1F,0,0,10,159.09,1.87,43.14,0,2,1,1
Cc1cc(Cl)ccc1OCCCC(=O)O,0,0,11,228.67,2.89,46.53,1,2,5,1
Cc1cc(Cl)ccc1OC(C)C(=O)O,0,0,12,214.65,2.5,46.53,1,2,3,1
Cc1cc(Cl)ccc1OCC(=O)O,0,0,11,200.62,2.11,46.53,1,2,3,1
S=C=NCCc1ccccc1,1,3,7,163.25,2.33,12.36,0,2,3,1
C=CCOC(=O)c1ccccc1N,0,0,11,177.2,1.61,52.32,1,3,3,1
Oc1ccccc1,0,0,12,94.11,1.39,20.23,1,1,0,1
CN(C)N=Nc1ccccc1,0,0,12,149.2,2.25,27.96,0,2,2,1
S=C=Nc1ccccc1,1,2,10,135.19,2.42,12.36,0,2,1,1
CC(C)Cc1ccccc1,0,0,12,134.22,2.89,0.0,0,0,2,1
CCCCCCC(=O)c1ccccc1,0,0,10,190.29,3.84,17.07,0,1,6,1
Cc1ccc(S)cc1,0,0,11,124.21,2.28,0.0,1,1,0,1
CCCCc1ccc(Cl)cc1,0,0,11,168.67,3.68,0.0,0,0,3,1
CCCCCCCCCCCCOC(=O)c1cc(O)c(O)c(O)c1,1,2,5,338.44,4.88,86.99,3,5,12,1
ClC(Cl)(Cl)c1ccc(C(Cl)(Cl)Cl)cc1,0,0,10,312.84,5.34,0.0,0,0,0,1
O=C(O)c1ccccc1O,0,0,12,138.12,1.09,57.53,2,2,1,1
CCNS(=O)(=O)c1ccc(C)cc1,0,0,12,199.28,1.29,46.17,1,2,3,1
CCc1ccccc1O,0,0,12,122.17,1.95,20.23,1,1,1,1
Cc1ccccc1OCC(O)CO,1,1,11,182.22,0.73,49.69,2,3,4,1
O=Cc1cccc([N+](=O)[O-])c1,0,0,12,151.12,1.41,60.21,0,3,2,1
CCN(CC)CCOc1ccccc1OC,0,0,10,223.32,2.42,21.7,0,3,7,1
N#CC(C#N)=NNc1cccc(Cl)c1,1,3,5,204.62,2.16,71.97,1,4,2,1
Cc1cccc(O)c1,0,0,12,108.14,1.7,20.23,1,1,0,1
COC(=O)c1cccc(C(=O)OC)c1,0,0,12,194.19,1.26,52.6,0,4,2,1
CC(C(=O)c1ccccc1)N(C)C,0,0,2,177.25,1.82,20.31,0,2,3,1
CCCC(=O)OCc1ccccc1,0,0,12,178.23,2.53,26.3,0,2,4,1
CC(C)CCCCCCOC(=O)c1ccc(C(=O)OCCCCCCC(C)C)c(C(=O)OCCCCCCC(C)C)c1,0,0,12,588.87,9.98,78.9,0,6,24,1
COc1ccccc1/C=C/C=O,0,0,11,162.19,1.91,26.3,0,2,3,1
Cc1ccc(C)c(S(=O)(=O)O)c1,0,0,12,186.23,1.55,54.37,1,2,1,1
O=Cc1ccccc1S(=O)(=O)[O-],0,0,12,185.18,0.4,74.27,0,4,2,1
Cc1cc(C)c(C)c(C)c1,0,0,10,134.22,2.92,0.0,0,0,0,1
CCCCC(CC)COC(=O)c1ccc(N(C)C)cc1,1,2,12,277.41,4.13,29.54,0,3,8,1
O=C(Cl)c1ccc(C(=O)Cl)cc1,0,0,12,203.02,2.44,34.14,0,2,2,1
CCCCCCCCc1ccc(O)cc1,1,2,9,206.33,4.3,20.23,1,1,7,1
CCOc1ccc(NC(=O)CC(C)=O)cc1,1,1,12,221.26,2.0,55.4,1,3,5,1
CC(O)C(=O)[O][Hg][c]1ccccc1,1,5,6,366.77,0.23,46.53,1,3,3,1
Cc1ccc(N)cc1S(=O)(=O)O,0,0,11,187.22,0.82,80.39,2,3,1,1
COC(=O)COc1ccc(Cl)cc1Cl,0,0,12,235.07,2.55,35.53,0,3,3,1
O=[N+]([O-])c1ccc(Cl)c([N+](=O)[O-])c1,1,3,6,202.55,2.16,86.28,0,4,2,1
Cc1cc(O)ccc1N,1,3,9,123.15,1.28,46.25,2,2,0,1
Cc1cccc(O)c1N,1,3,10,123.16,1.28,46.25,2,2,0,1
Cc1cccc(S(=O)(=O)[O-])c1C,0,0,11,185.22,1.21,57.2,0,3,1,1
CC(C)CCOC(=O)c1ccc(N(C)C)cc1,1,2,10,235.33,2.96,29.54,0,3,5,1
Oc1cc(O)cc(O)c1,0,0,10,126.11,0.8,60.69,3,3,0,1
CC(C)CCOC(=O)c1ccccc1,0,0,12,192.26,2.89,26.3,0,2,4,1
Cc1cc(C)c(C)c(O)c1,1,1,12,136.19,2.32,20.23,1,1,0,1
CC(C)COC(=O)c1ccccc1O,0,0,12,194.23,2.21,46.53,1,3,3,1
CC(C)CCCCCCCOC(=O)c1ccc(C(=O)OCCCCCCCC(C)C)c(C(=O)OCCCCCCCC(C)C)c1,1,1,12,630.95,11.15,78.9,0,6,27,1
COP(=O)(OC)OC(=CCl)c1cc(Cl)c(Cl)cc1Cl,1,2,6,365.96,5.6,44.76,0,4,5,1
CCCCCN(CCCCC)C(=O)C(CCC(=O)[O-])NC(=O)c1ccc(Cl)c(Cl)c1,1,1,2,458.41,3.83,89.54,1,4,14,1
CC(=O)c1ccc(O)cc1,0,0,12,136.15,1.59,37.3,1,2,1,1
CCOc1ccc(O)cc1,0,0,9,138.17,1.79,29.46,1,2,2,1
CCSCc1ccccc1OC(=O)NC,0,0,10,225.31,2.66,38.33,1,3,4,1
N#CCc1ccccc1,0,0,12,117.15,1.75,23.79,0,1,1,1
N#Cc1ccccc1,0,0,11,103.12,1.56,23.79,0,1,0,1
CN(C(=O)CO)c1c(I)c(C(=O)NCC(O)CO)c(I)c(C(=O)NCC(O)CO)c1I,0,0,10,777.09,-1.38,179.66,7,8,10,1
O=C(CBr)OCc1ccccc1,0,0,10,229.07,2.12,26.3,0,2,3,1
CCCCCc1ccc(Cl)cc1,0,0,12,182.69,4.07,0.0,0,0,4,1
COC(=O)c1ccccc1C,0,0,12,150.18,1.78,26.3,0,2,1,1
CC(C)(C)C(=O)c1ccccc1,1,1,10,162.23,2.92,17.07,0,1,1,1
CCOC(=O)c1ccc(C)cc1,0,0,12,164.2,2.17,26.3,0,2,2,1
Cc1cc(C)cc(N)c1,0,0,10,121.18,1.89,26.02,1,1,0,1
Cc1ccc(S(=O)(=O)[O-])cc1C,0,0,12,185.22,1.21,57.2,0,3,1,1
Cc1cccc(C)c1N,0,0,12,121.18,1.89,26.02,1,1,0,1
Cc1ccc(C)c(N)c1,1,1,10,121.18,1.89,26.02,1,1,0,1
Cc1cccc(N)c1C,0,0,11,121.18,1.89,26.02,1,1,0,1
CC=Cc1ccc(O)c(OC)c1,0,0,6,164.2,2.43,29.46,1,2,2,1
O=C(O)c1ccc(S(=O)(=O)N(Cl)Cl)cc1,1,1,11,270.09,1.68,74.68,1,3,3,1
CCCCOC(=O)c1ccc(N)cc1,1,3,11,193.25,2.23,52.32,1,3,4,1
CCNCC.O=S(=O)(O)c1cc(O)ccc1O,0,0,10,263.31,0.96,106.86,4,5,3,1
COc1ccc(C=O)cc1,0,0,12,136.15,1.51,26.3,0,2,2,1
COP(=S)(OC)Oc1c(Cl)cc(C)cc1Cl,1,3,11,301.13,4.2,27.69,0,4,4,1
CCC(C)Nc1ccc(NC(C)CC)cc1,1,2,3,220.36,4.11,24.06,2,2,6,1
COC(=O)c1ccc(C(=O)O)cc1,0,0,12,180.16,1.17,63.6,1,3,2,1
ClP(Cl)c1ccccc1,0,0,12,178.99,3.1,0.0,0,0,1,1
Cc1c(O)cccc1O,0,0,11,124.14,1.41,40.46,2,2,0,1
COC(=O)c1ccccc1,0,0,12,136.15,1.47,26.3,0,2,1,1
Cc1ccc(CO)cc1,0,0,12,122.17,1.49,20.23,1,1,1,1
N#Cc1ccccc1O,1,1,12,119.12,1.26,44.02,1,2,0,1
CCCCCCCCCCCCCCCC[N+](C)(C)Cc1ccccc1,1,1,4,360.65,7.74,0.0,0,0,17,1
CC(C)(N)Cc1ccc(Cl)cc1,0,0,11,183.68,2.62,26.02,1,1,2,1
CCCCC(CC)COC(=O)COc1ccc(Cl)cc1C,0,0,12,312.84,4.79,35.53,0,3,9,1
Cc1cccc(O)c1C,0,0,12,122.17,2.01,20.23,1,1,0,1
Cc1ccc(C)c(O)c1,0,0,12,122.17,2.01,20.23,1,1,0,1
Cc1cc(C)cc(O)c1,0,0,12,122.17,2.01,20.23,1,1,0,1
CN(C)c1ccc(N)cc1,1,5,10,136.2,1.33,29.26,1,2,1,1
CCCCCCCCNC(C)C(O)c1ccc(SC(C)C)cc1,1,1,4,337.57,5.56,32.26,2,3,12,1
O=Cc1ccccc1Cl,0,0,11,140.57,2.15,17.07,0,1,1,1
Nc1cccc(Cl)c1,0,0,12,127.57,1.92,26.02,1,1,0,1
CCOc1ccc(N)c([N+](=O)[O-])c1,0,0,12,182.18,1.58,78.39,1,4,3,1
CC(=O)Nc1ccccc1O,1,2,12,151.16,1.35,49.33,2,2,1,1
CC(=O)Nc1cccc(O)c1,0,0,12,151.16,1.35,49.33,2,2,1,1
CCCCOC(=O)COC(=O)c1ccccc1C(=O)OCCCC,0,0,12,336.38,3.14,78.9,0,6,10,1
CCC(=O)c1ccc(O)cc1,0,0,11,150.18,1.98,37.3,1,2,2,1
CCCCCCCC(=O)Oc1c(Br)cc(C#N)cc1Br,1,1,7,403.11,5.35,50.09,0,3,7,1
CCC(C)c1ccc(O)cc1,1,1,11,150.22,2.91,20.23,1,1,2,1
CCC(C)c1ccccc1O,1,1,12,150.22,2.91,20.23,1,1,2,1
OCCOc1ccccc1,0,0,12,138.17,1.06,29.46,1,2,3,1
CNCC(O)c1ccc(OC(=O)C(C)(C)C)c(OC(=O)C(C)(C)C)c1,0,0,8,351.44,2.84,84.86,2,6,5,1
Oc1ccccc1O,1,3,11,110.11,1.1,40.46,2,2,0,1
O=[N+]([O-])c1ccc(O)c([N+](=O)[O-])c1,1,2,7,184.11,1.21,106.51,1,5,2,1
Cc1c([N+](=O)[O-])cccc1[N+](=O)[O-],0,0,12,182.13,1.81,86.28,0,4,2,1
Cc1ccc([N+](=O)[O-])cc1[N+](=O)[O-],0,0,12,182.13,1.81,86.28,0,4,2,1
CCCCC(CC)COC(=O)COc1cc(Cl)c(Cl)cc1Cl,0,0,12,367.7,5.79,35.53,0,3,9,1
CCCCOCCOC(=O)COc1cc(Cl)c(Cl)cc1Cl,0,0,12,355.65,4.39,44.76,0,4,9,1
CCC(=O)c1cccc(Cl)c1,0,0,11,168.62,2.93,17.07,0,1,2,1
O=[N+]([O-])c1ccc(F)c(Cl)c1,0,0,12,175.55,2.39,43.14,0,2,1,1
OCC=Cc1ccccc1,1,1,12,134.18,1.69,20.23,1,1,2,1
CCCC(CC)c1ccccc1,0,0,12,162.28,3.98,0.0,0,0,4,1
CC(=O)/C=C/c1ccccc1,0,0,11,146.19,2.29,17.07,0,1,2,1
CCCc1ccc(C(=O)O)cc1,0,0,10,164.2,2.34,37.3,1,1,3,1
CC(=O)Oc1ccc(C)cc1,0,0,12,150.18,1.92,26.3,0,2,1,1
O=C(O)c1cc(C(=O)O)cc([N+](=O)[O-])c1,0,0,12,211.13,0.99,117.74,2,4,3,1
CCOCN(C(=O)CCl)c1c(C)cccc1CC,1,2,9,269.77,3.12,29.54,0,2,6,1
OB(O)[O][Hg][c]1ccccc1,1,4,5,338.52,-0.7,49.69,2,3,3,1
CN[C@@H](C)[C@H](O)c1ccccc1,1,1,12,165.24,1.33,32.26,2,2,3,1
Cc1ccc(O)c(N)c1,1,4,9,123.16,1.28,46.25,2,2,0,1
Cc1ccc(N)cc1O,1,2,11,123.16,1.28,46.25,2,2,0,1
O=[N+]([O-])c1c(Cl)c(Cl)cc(Cl)c1Cl,0,0,9,260.89,4.21,43.14,0,2,1,1
O=[N+]([O-])c1cc(Cl)c(Cl)c(Cl)c1Cl,1,3,8,260.89,4.21,43.14,0,2,1,1
COc1c(C(C)(C)C)cc([N+](=O)[O-])c(C)c1[N+](=O)[O-],1,2,11,268.27,3.12,95.51,0,5,3,1
CCCCC(CC)COC(=O)c1ccccc1C(=O)O,1,1,12,278.35,3.76,63.6,1,3,8,1
CCCCNc1ccc(C(=O)OCCOCCOCCOCCOCCOCCOCCOCCOCCOC)cc1,1,1,11,603.75,2.83,121.4,1,12,32,1
COc1ccc(NC(C)=O)cc1,1,1,12,165.19,1.65,38.33,1,2,2,1
BrCc1ccc(Br)cc1,0,0,11,249.93,3.34,0.0,0,0,1,1
O=C(O)COc1ccc(Cl)cc1,0,0,12,186.59,1.8,46.53,1,2,3,1
CCC(NC(C)C)C(O)c1ccc(O)c(O)c1,0,0,10,239.31,1.91,72.72,4,4,5,1
CC(C)(C)c1cccc(C(C)(C)C)c1O,1,1,12,206.33,3.99,20.23,1,1,0,1
O=C(O)c1cc(Cl)ccc1Cl,0,0,12,191.01,2.69,37.3,1,1,1,1
O=C(O)c1c(Cl)cccc1Cl,0,0,12,191.01,2.69,37.3,1,1,1,1
O=C(O)c1cccc(Cl)c1Cl,1,1,11,191.01,2.69,37.3,1,1,1,1
O=C(O)c1ccc(Cl)cc1Cl,0,0,9,191.01,2.69,37.3,1,1,1,1
O=Cc1c(Cl)cccc1Cl,0,0,11,175.01,2.81,17.07,0,1,1,1
O=Cc1ccc(Cl)c(Cl)c1,0,0,11,175.01,2.81,17.07,0,1,1,1
O=C(Cl)c1ccc(F)c(Cl)c1,0,0,11,193.0,2.86,17.07,0,1,1,1
O=S(=O)(Cl)c1c(Cl)cccc1Cl,0,0,12,245.51,2.92,34.14,0,2,1,1
CC/C=C\CCOC(=O)c1ccccc1,0,0,12,204.27,3.2,26.3,0,2,5,1
CCOP(=S)(OCC)Oc1cc(Cl)c(Br)cc1Cl,1,1,10,394.05,5.43,27.69,0,4,6,1
CC(C)(C)NCC(O)c1cc(Cl)c(N)c(C(F)(F)F)c1,0,0,12,310.75,3.36,58.28,3,3,3,1
CCCCCc1ccc(C)cc1O,1,1,9,178.27,3.43,20.23,1,1,4,1
CCCOC(=O)c1ccccc1O,0,0,10,180.2,1.96,46.53,1,3,3,1
CN(C)C(=O)Nc1cccc(OC(=O)NC(C)(C)C)c1,1,1,12,279.34,2.67,70.67,2,3,2,1
NCc1ccc(S(N)(=O)=O)cc1,0,0,12,186.24,-0.21,86.18,2,3,2,1
CO[Si](C)(OC)c1ccccc1,0,0,12,182.3,1.26,18.46,0,2,3,1
Cc1ccc(S(=O)(=O)[N-]Cl)cc1,0,0,12,204.66,2.21,48.24,0,2,2,1
CC(NC(C)(C)C)C(=O)c1cccc(Cl)c1,0,0,12,239.75,3.3,29.1,1,2,3,1
N#CSc1ccc(N)c([N+](=O)[O-])c1,1,1,7,195.2,1.75,92.95,1,5,2,1
CC(N)Cc1ccc(O)cc1,0,0,10,151.21,1.28,46.25,2,2,2,1
COc1cc(OC)cc(OC)c1,0,0,12,168.19,1.71,27.69,0,3,3,1
CN(C)c1ccccc1,0,0,12,121.18,1.75,3.24,0,1,1,1
CCN(CC)CCOC(=O)c1ccc(N)cc1Cl,0,0,10,270.76,2.42,55.56,1,4,6,1
CCN(CC)C(=O)c1ccc(O)c(OC)c1,0,0,12,223.27,1.88,49.77,1,3,4,1
CCN(CC)CCNC(=O)c1cc(S(C)(=O)=O)ccc1OC,0,0,12,328.43,1.17,75.71,1,5,8,1
N#CC(C#N)=Cc1cc(O)c(O)c(O)c1,0,0,8,202.17,1.23,108.27,3,5,1,1
N#CC(C#N)=Cc1ccc(O)c(O)c1,1,1,10,186.17,1.53,88.04,2,4,1,1
CN(C)CCc1ccc(O)cc1,0,0,12,165.24,1.5,23.47,1,2,3,1
Cc1ccc(N(SC(F)(Cl)Cl)S(=O)(=O)N(C)C)cc1,1,2,6,347.26,3.31,40.62,0,3,5,1
CC(=O)Nc1ccc(S(=O)(=O)Cl)cc1,0,0,11,233.68,1.57,63.24,1,3,2,1
Cc1ccc([N+](=O)[O-])cc1Cl,0,0,11,171.58,2.56,43.14,0,2,1,1
CC(C)c1ccccc1C(C)C,0,0,11,162.28,3.93,0.0,0,0,2,1
Cc1cccc(Cl)c1,0,0,12,126.59,2.65,0.0,0,0,0,1
COCC(=O)N(c1c(C)cccc1C)C(C)C(=O)OC,0,0,12,279.34,1.84,55.84,0,4,5,1
Nc1c(Cl)c(Cl)c(Cl)c(Cl)c1Cl,1,1,12,265.35,4.54,26.02,1,1,0,1
CCCN(CCC)S(=O)(=O)c1ccc(C(=O)O)cc1,1,2,12,285.36,2.2,74.68,1,3,7,1
CCC(=O)OCc1ccccc1,0,0,12,164.2,2.14,26.3,0,2,3,1
NS(=O)(=O)c1ccccc1Cl,0,0,12,191.64,0.99,60.16,1,2,1,1
CN(C)C(=O)Nc1ccc(Cl)cc1,0,0,12,198.65,2.43,32.34,1,1,1,1
Cc1ccc(S(=O)(=O)N=C=O)cc1,0,0,12,197.22,1.02,63.57,0,3,2,1
NC(=O)c1ccccc1O,0,0,12,137.14,0.49,63.32,2,2,1,1
CC(C)NC(C)Cc1ccc(I)cc1,1,1,9,303.19,3.22,12.03,1,1,4,1
C#CCN(C)CCCOc1ccc(Cl)cc1Cl,1,2,9,272.18,3.33,12.47,0,2,6,1
N#Cc1c(Cl)c(Cl)c(Cl)c(C#N)c1Cl,1,4,6,265.91,4.04,47.58,0,2,0,1
Cc1ccc(C)c(O)c1C,0,0,12,136.19,2.32,20.23,1,1,0,1
O=C=Nc1ccc(Cl)c(Cl)c1,1,2,8,188.01,2.96,29.43,0,2,1,1
CN(C)C(=O)Oc1cc(OC(=O)N(C)C)cc(C(O)CNC(C)(C)C)c1,0,0,12,367.45,2.23,91.34,2,6,5,1
[O-]c1ccccc1,0,0,12,93.1,0.76,23.06,0,1,0,1
NC(=O)Nc1ccc(Cl)cc1,0,0,12,170.6,1.83,55.12,2,1,1,1
COc1ccc(CCO)cc1,0,0,12,152.19,1.23,29.46,1,2,3,1
NS(=O)(=O)c1ccc(Cl)c(S(N)(=O)=O)c1,0,0,12,270.72,-0.37,120.32,2,4,2,1
CCC(=O)OCCOc1ccccc1,0,0,12,194.23,2.02,35.53,0,3,5,1
COc1cc(C=O)ccc1OC(=O)C(C)C,0,0,12,222.24,2.07,52.6,0,4,4,1
O=C(CCCl)NCCc1ccccc1,0,0,2,211.69,1.97,29.1,1,1,5,1
CNCC(O)c1ccc(O)cc1,0,0,12,167.21,0.65,52.49,3,3,3,1
O=C(CCl)c1ccccc1,1,5,11,154.6,2.11,17.07,0,1,2,1
COP(=S)(OC)Oc1ccc([N+](=O)[O-])cc1Cl,1,1,9,297.66,3.14,70.83,0,6,5,1
COC(=O)c1ccccc1C(=O)O,0,0,12,180.16,1.17,63.6,1,3,2,1
CC(=O)Nc1ccc(C(=O)CCl)cc1,1,7,11,211.65,2.07,46.17,1,2,3,1
CCCCOC(=O)c1ccccc1C(=O)O,0,0,11,222.24,2.34,63.6,1,3,5,1
Nc1ccc(Cl)cc1,1,1,11,127.57,1.92,26.02,1,1,0,1
CCC(C)c1cc([N+](=O)[O-])cc([N+](=O)[O-])c1OC(=O)C=C(C)C,1,3,7,322.32,3.89,112.58,0,6,6,1
CCC(C)c1cc([N+](=O)[O-])cc([N+](=O)[O-])c1OC(=O)OC(C)C,1,5,7,326.31,3.94,121.81,0,7,6,1
CCN(CC)c1c([N+](=O)[O-])cc(C(F)(F)F)c(N)c1[N+](=O)[O-],0,0,6,322.24,2.95,115.54,1,6,5,1
CSc1ccc(Cl)cc1,0,0,12,158.65,3.06,0.0,0,1,1,1
Cc1ccccc1Cl,0,0,12,126.59,2.65,0.0,0,0,0,1
CS(=O)(=O)c1ccc(Cl)cc1,0,0,12,190.65,1.74,34.14,0,2,1,1
CC(C)COC(=O)c1ccc(O)cc1,1,3,9,194.23,2.21,46.53,1,3,3,1
CCc1ccc(O)c(C(C)(C)C)c1,1,2,8,178.27,3.25,20.23,1,1,1,1
Cc1c(C)c([N+](=O)[O-])c(C(C)(C)C)c([N+](=O)[O-])c1C,0,0,10,266.3,3.73,86.28,0,4,2,1
C#CCN(C)[C@H](C)Cc1ccccc1,0,0,12,187.29,2.18,3.24,0,1,4,1
CCN(CCC#N)c1ccccc1,0,0,11,174.25,2.43,27.03,0,2,4,1
CCCCCCCCCCCCOC(=O)c1ccc(O)cc1,1,1,9,306.45,5.47,46.53,1,3,12,1
Clc1ccccc1,0,0,12,112.56,2.34,0.0,0,0,0,1
CCN(CC)C(=O)c1cccnc1,0,0,9,178.24,1.56,33.2,0,2,3,1
CCOC(=O)c1cccnc1,0,0,2,151.16,1.26,39.19,0,3,2,1
Oc1nc(Cl)c(Cl)cc1Cl,1,3,9,198.44,2.75,33.12,1,2,0,1
CSC(=O)c1c(C(F)F)nc(C(F)(F)F)c(C(=O)SC)c1CC(C)C,0,0,10,401.42,5.24,47.03,0,5,5,1
Nc1ccncc1N,0,0,2,109.13,0.25,64.93,2,3,0,1
O=C(O)c1cccc(Cl)n1,0,0,11,157.56,1.43,50.19,1,2,1,1
CCN(Cc1ccc(Cl)nc1)/C(=C/[N+](=O)[O-])NC,0,0,12,270.72,1.85,71.3,1,5,6,1
Cc1ncc(CO)c(CN)c1O,0,0,2,168.2,0.05,79.37,3,4,2,1
Cc1ncc(CO)c(CO)c1O,0,0,12,169.18,0.08,73.58,3,4,2,1
CC(=O)c1cccnc1,0,0,12,121.14,1.28,29.96,0,2,1,1
NCc1cccnc1,0,0,12,108.14,0.54,38.91,1,2,1,1
Clc1ccccn1,0,0,12,113.55,1.73,12.89,0,1,0,1
CCCCCCOC(=O)c1cccnc1,0,0,10,207.27,2.82,39.19,0,3,6,1
CCCCc1ccc(C(=O)O)nc1,0,0,9,179.22,2.12,50.19,1,2,4,1
NCCNC(=O)c1ccc(Cl)cn1,0,0,12,199.64,0.42,68.01,2,3,3,1
CCN(CC)CCOC(=O)c1cccnc1.O=C(O)CC(O)(CC(=O)O)C(=O)O,0,0,10,414.41,0.33,174.56,4,8,11,1
O=C(O)c1cccc(C(=O)O)n1,0,0,11,167.12,0.48,87.49,2,3,2,1
O=C(O)c1nc(Cl)c(Cl)c(Cl)c1Cl,1,1,11,260.89,3.39,50.19,1,2,1,1
ClCc1ccccn1,0,0,12,127.57,1.82,12.89,0,1,1,1
ClCc1cccnc1,0,0,12,127.57,1.82,12.89,0,1,1,1
CC(C)(C)NCC(O)c1ccc(O)c(CO)n1,0,0,10,240.3,0.7,85.61,4,5,4,1
Nc1c(Cl)c(F)nc(OCC(=O)O)c1Cl,0,0,12,255.03,1.57,85.44,2,4,3,1
O=C(O)c1ccc(O)nc1,0,0,2,139.11,0.49,70.42,2,3,1,1
OCCc1ccccn1,0,0,11,123.15,0.62,33.12,1,2,2,1
N#Cc1ccccn1,0,0,12,104.11,0.95,36.68,0,2,0,1
CN(C)c1ccncc1,0,0,12,122.17,1.15,16.13,0,2,1,1
CC(N/C(=N\C#N)Nc1ccncc1)C(C)(C)C,0,0,11,245.33,2.35,73.1,2,3,2,1
Clc1nc(Cl)c(Cl)c(Cl)c1Cl,1,2,12,251.33,4.35,12.89,0,1,0,1
CCCCOCCOC(=O)COc1nc(Cl)c(Cl)cc1Cl,0,0,11,356.63,3.78,57.65,0,5,9,1
Nc1cccnc1,0,0,12,94.12,0.66,38.91,1,2,0,1
Cc1ccnc(N)c1,0,0,12,108.14,0.97,38.91,1,2,0,1
CC(=NC#N)N(C)Cc1ccc(Cl)nc1,0,0,11,222.68,2.07,52.28,0,3,2,1
CCCCCCC(C)OC(=O)COc1nc(F)c(Cl)c(N)c1Cl,1,2,10,367.25,4.39,74.44,1,5,9,1
Clc1cccc(C(Cl)(Cl)Cl)n1,1,1,12,230.91,3.56,12.89,0,1,0,1
C/C(=N/NC(=O)c1ccncc1)C(=O)O,0,0,2,207.19,0.27,91.65,2,4,3,1
NNC(=O)c1cccnc1,1,1,11,137.14,-0.31,68.01,2,3,1,1
O=C(O)c1cccnc1,0,0,12,123.11,0.78,50.19,1,2,1,1
CCOC(=O)CC(=O)c1cc(F)c(Cl)nc1Cl,0,0,12,280.08,2.66,56.26,0,4,4,1
CCCCOCCOC(=O)c1cccnc1,0,0,2,223.27,2.06,48.42,0,4,7,1
Nc1ccccn1,0,0,11,94.12,0.66,38.91,1,2,0,1
c1ccncc1,0,0,12,79.1,1.08,12.89,0,1,0,1
Cc1ncc(COP(=O)(O)O)c(C=O)c1O,0,0,2,247.14,0.52,116.95,3,5,4,1
Clc1nc(C(Cl)(Cl)Cl)c(Cl)c(Cl)c1Cl,1,3,7,334.24,5.52,12.89,0,1,0,1
O=C(NNCS(=O)(=O)[O-])c1ccncc1,0,0,9,230.23,-1.18,111.22,2,6,4,1
NNC(=O)c1ccncc1,1,1,12,137.14,-0.31,68.01,2,3,1,1
O=C(O)c1ccncc1,0,0,12,123.11,0.78,50.19,1,2,1,1
NC(=O)c1ccncc1,0,0,12,122.13,0.18,55.98,1,2,1,1
CCc1cc(C(N)=S)ccn1,1,1,12,166.25,1.28,38.91,1,2,2,1
OCc1ccccn1,1,1,2,109.13,0.57,33.12,1,2,1,1
Cc1ccccn1,0,0,11,93.13,1.39,12.89,0,1,0,1
Cc1cccnc1,0,0,12,93.13,1.39,12.89,0,1,0,1
Cc1ccncc1,0,0,12,93.13,1.39,12.89,0,1,0,1
N#Cc1ccncc1,0,0,12,104.11,0.95,36.68,0,2,0,1
Clc1ccc(C(Cl)(Cl)Cl)cn1,1,1,11,230.91,3.56,12.89,0,1,0,1
N#Cc1cccnc1,1,1,12,104.11,0.95,36.68,0,2,0,1
NC(=S)N/N=C/c1cccnc1,0,0,12,180.24,0.25,63.3,2,3,2,1
CNC(=O)OCc1cccc(COC(=O)NC)n1,0,0,10,253.26,0.79,89.55,2,5,4,1
CCOP(=S)(OCC)Oc1nc(Cl)c(Cl)cc1Cl,1,3,12,350.59,4.72,40.58,0,5,6,1
NCCO.O=C(O)c1nc(Cl)ccc1Cl,0,0,12,253.08,1.02,96.44,3,4,2,1
Cc1cccc(N)n1,0,0,12,108.14,0.97,38.91,1,2,0,1
COC(=O)c1cccnc1,0,0,12,137.14,0.87,39.19,0,3,1,1
CNCCc1ccccn1,0,0,1,136.2,0.84,24.92,1,2,3,1
Cc1ncc(CO)c(C=O)c1O,0,0,11,167.16,0.4,70.42,2,4,2,1
Cc1nc(C)c(Cl)c(O)c1Cl,0,0,12,192.04,2.71,33.12,1,2,0,1
CCc1cnc(C(=O)O)c(C(=O)O)c1,0,0,12,195.17,1.04,87.49,2,3,3,1
O=C(O)c1nc(Cl)ccc1Cl,1,1,12,192.0,2.09,50.19,1,2,1,1
Cc1ccc(N)nc1,0,0,12,108.14,0.97,38.91,1,2,0,1
CC(C)NNC(=O)c1ccncc1,1,2,11,179.22,0.72,54.02,2,3,3,1
O=C(NCCO[N+](=O)[O-])c1cccnc1,0,0,12,211.18,0.02,94.36,1,5,5,1
OCc1cccnc1,0,0,12,109.13,0.57,33.12,1,2,1,1
Nc1cccc(N)n1,1,2,12,109.13,0.25,64.93,2,3,0,1
CC(=O)c1ccccn1,0,0,12,121.14,1.28,29.96,0,2,1,1
Nc1c(Cl)c(Cl)nc(C(=O)O)c1Cl,1,1,12,241.46,2.32,76.21,2,3,1,1
O=C(O)c1ccccn1,0,0,12,123.11,0.78,50.19,1,2,1,1
COCCc1ccccn1,0,0,2,137.18,1.27,22.12,0,2,3,1
NC(=O)c1cccnc1,0,0,12,122.13,0.18,55.98,1,2,1,1
Nc1ccncc1,0,0,12,94.12,0.66,38.91,1,2,0,1
N#Cc1nc(Cl)c(Cl)c(Cl)c1Cl,1,3,4,241.89,3.57,36.68,0,2,0,1
O=C(O)COc1nc(Cl)c(Cl)cc1Cl,0,0,11,256.47,2.51,59.42,1,3,3,1
CCCOC(=O)c1ccc(C(=O)OCCC)nc1,0,0,11,251.28,2.22,65.49,0,5,6,1
CC=CC=NNC(=O)c1ccncc1,1,2,11,189.22,1.37,54.35,1,3,3,1
CCCc1cc(C(N)=S)ccn1,0,0,12,180.28,1.67,38.91,1,2,3,1
O=C(O)c1cccnc1C(=O)O,0,0,12,167.12,0.48,87.49,2,3,2,1
O=P([O-])(O)C(O)(Cc1cccnc1)P(=O)([O-])O,0,0,2,281.1,-1.64,153.84,3,6,4,1
OCCc1ccncc1,0,0,12,123.15,0.62,33.12,1,2,2,1
CCOP(=O)(OCC)Oc1nc(Cl)c(Cl)cc1Cl,1,3,6,334.52,4.6,57.65,0,5,6,1
Clc1cc(C(Cl)(Cl)Cl)cnc1Cl,1,1,8,265.35,4.22,12.89,0,1,0,1
COP(=S)(OC)Oc1nc(Cl)c(Cl)cc1Cl,1,1,9,322.54,3.94,40.58,0,5,4,1
Clc1cc(Cl)c(Cl)nc1Cl,0,0,11,216.88,3.7,12.89,0,1,0,1
CC(O)(c1ccc(Cl)cc1)c1ccc(Cl)cc1,1,1,9,267.15,4.25,20.23,1,1,2,2
CN(C)CCOC(c1ccccc1)c1ccccc1,1,1,12,255.36,3.35,12.47,0,2,6,2
CC(C)(C)CC(C)(C)c1ccc(O)c(Cc2ccc(Cl)cc2Cl)c1,1,1,6,365.34,7.0,20.23,1,1,4,2
Oc1ccc(Cl)cc1Cc1ccccc1,1,2,11,218.68,3.64,20.23,1,1,2,2
CC(C)(c1ccccc1)c1ccc(O)cc1,1,4,10,212.29,3.72,20.23,1,1,2,2
CC(C)(c1cc(Br)c(OCC(Br)CBr)c(Br)c1)c1cc(Br)c(OCC(Br)CBr)c(Br)c1,0,0,12,943.62,10.14,18.46,0,2,10,2
CC(C)(c1ccccc1)c1ccccc1,0,0,10,196.29,4.01,0.0,0,0,2,2
CC[C@@H](O)C(C[C@@H](C)N(C)C)(c1ccccc1)c1ccccc1,0,0,7,311.47,4.08,23.47,1,2,7,2
CC[C@H](O)C(C[C@H](C)N(C)C)(c1ccccc1)c1ccccc1,0,0,10,311.47,4.08,23.47,1,2,7,2
Cc1ccc(C(C)(C)c2ccc(C)cc2)cc1,0,0,10,224.35,4.63,0.0,0,0,2,2
CN(C)C(=O)C(c1ccccc1)c1ccccc1,1,1,12,239.32,2.91,20.31,0,1,3,2
CCc1ccc(C(c2ccc(CC)cc2)C(Cl)Cl)cc1,1,1,11,307.26,5.75,0.0,0,0,5,2
Oc1ccc(Cl)cc1Cc1cc(Cl)ccc1O,1,3,9,269.13,4.0,40.46,2,2,2,2
CC(C)CC(C)(c1ccc(O)cc1)c1ccc(O)cc1,1,4,8,270.37,4.45,40.46,2,2,4,2
Oc1ccc(Cc2ccc(O)cc2)cc1,1,4,10,200.24,2.69,40.46,2,2,2,2
Cc1cc(Cc2cc(C)cc(C(C)(C)C)c2O)c(O)c(C(C)(C)C)c1,1,2,4,340.51,5.9,40.46,2,2,2,2
O=C(O)C(c1ccc(Cl)cc1)c1ccc(Cl)cc1,1,1,11,281.14,4.21,37.3,1,1,3,2
CN(C)CCC(O)(c1ccccc1)c1ccccc1Cl,0,0,9,289.81,3.53,23.47,1,2,5,2
CC(C)(c1cc(Cl)c(O)c(Cl)c1)c1cc(Cl)c(O)c(Cl)c1,1,5,10,366.07,6.04,40.46,2,2,2,2
Oc1ccc(C(c2ccc(O)cc2)(C(F)(F)F)C(F)(F)F)cc1,1,5,10,336.23,4.51,40.46,2,2,2,2
CCOC(C(=O)OCCN(C)C)(c1ccccc1)c1ccccc1,0,0,2,327.42,3.07,38.77,0,4,8,2
CCN(CC)CCOC(=O)C(c1ccccc1)c1ccccc1,0,0,11,311.43,3.7,29.54,0,3,8,2
O=C(CS(=O)C(c1ccccc1)c1ccccc1)NO,0,0,10,289.36,2.03,66.4,2,3,5,2
CNCCCCOc1ccccc1Cc1ccccc1,0,0,8,269.39,3.66,21.26,1,2,8,2
CCN(CC)CCOc1ccc(Cc2ccccc2)cc1,0,0,6,283.42,4.0,12.47,0,2,8,2
Oc1ccc(Cc2ccccc2O)cc1,1,4,11,200.24,2.69,40.46,2,2,2,2
CC[C@H](OC(C)=O)C(C[C@@H](C)NC)(c1ccccc1)c1ccccc1,0,0,7,339.48,4.31,38.33,1,3,8,2
Oc1ccccc1Cc1ccccc1O,1,2,11,200.24,2.69,40.46,2,2,2,2
CCC(C)(c1ccc(O)cc1)c1ccc(O)cc1,1,5,10,242.32,3.81,40.46,2,2,3,2
CC(CCC(=O)O)(c1ccc(O)cc1)c1ccc(O)cc1,1,1,12,286.33,3.27,77.76,3,3,5,2
CN(C)CCOC(c1ccccc1)c1ccc(Br)cc1,0,0,1,334.26,4.12,12.47,0,2,6,2
Oc1ccc(C(c2ccc(O)cc2)C(Cl)(Cl)Cl)cc1,1,4,7,317.6,4.6,40.46,2,2,2,2
Oc1ccc(Cc2ccccc2)cc1,1,3,11,184.24,2.98,20.23,1,1,2,2
CC(C)(c1cc(Br)c(OCCO)c(Br)c1)c1cc(Br)c(OCCO)c(Br)c1,1,4,9,631.98,5.8,58.92,2,4,8,2
Clc1ccc(C(c2ccccc2Cl)C(Cl)(Cl)Cl)cc1,1,3,9,354.49,6.5,0.0,0,0,2,2
N#CC(c1ccccc1)c1ccccc1,0,0,11,193.25,3.34,23.79,0,1,2,2
CC(C)(C)c1cc(Cc2cc(C(C)(C)C)c(O)c(C(C)(C)C)c2)cc(C(C)(C)C)c1O,0,0,12,424.67,7.88,40.46,2,2,2,2
CCN(CC)CCOC(=O)C(O)(c1ccccc1)c1ccccc1,0,0,12,327.42,2.81,49.77,1,4,8,2
CC(C)(c1cc(Br)c(O)c(Br)c1)c1cc(Br)c(O)c(Br)c1,1,7,12,543.88,6.47,40.46,2,2,2,2
Nc1ccc(Cc2ccc(N)cc2)cc1,1,1,12,198.27,2.44,52.04,2,2,2,2
Cc1cc(C(C)(C)c2ccc(O)c(C)c2)ccc1O,1,4,9,256.34,4.04,40.46,2,2,2,2
CC(c1ccc(O)cc1)c1ccc(O)cc1,1,4,11,214.26,3.25,40.46,2,2,2,2
c1ccc(Cc2ccccc2)cc1,0,0,12,168.24,3.28,0.0,0,0,2,2
CC(C)OC(=O)C(O)(c1ccc(Cl)cc1)c1ccc(Cl)cc1,1,1,8,339.22,4.18,46.53,1,3,4,2
COc1ccc(C(c2ccc(OC)cc2)C(Cl)(Cl)Cl)cc1,1,2,8,345.65,5.21,18.46,0,2,4,2
OC(c1ccc(Cl)cc1)(c1ccc(Cl)cc1)C(Cl)(Cl)Cl,1,1,5,370.49,5.6,20.23,1,1,2,2
NC(=O)Oc1ccc(Cc2ccccc2)cc1,1,2,9,227.26,2.73,52.32,1,2,3,2
CCC(=O)C(CCN(C)C)(c1ccccc1)c1ccccc1,0,0,2,295.43,3.9,20.31,0,2,7,2
CC(CC(c1ccccc1)c1ccccc1)NC(C)(C)C,0,0,8,281.44,4.99,12.03,1,1,5,2
CNC(=O)C(c1ccccc1)c1ccccc1,0,0,11,225.29,2.56,29.1,1,1,3,2
Oc1c(Cl)cc(Cl)c(Cl)c1Cc1c(O)c(Cl)cc(Cl)c1Cl,1,4,9,406.91,6.61,40.46,2,2,2,2
C=C(C)C(=O)OCC(O)COc1ccc(C(C)(C)c2ccc(OCC(O)COC(=O)C(=C)C)cc2)cc1,1,1,4,512.6,3.73,111.52,2,8,14,2
Cc1cc(Cc2ccc(N)c(C)c2)ccc1N,0,0,11,226.32,3.06,52.04,2,2,2,2
CN(C)c1ccc(Cc2ccc(N(C)C)cc2)cc1,1,1,12,254.38,3.41,6.48,0,2,4,2
Cc1ccccc1C(OCCN(C)C)c1ccccc1,0,0,10,269.39,3.66,12.47,0,2,6,2
NC(=O)CS(=O)C(c1ccccc1)c1ccccc1,0,0,12,273.36,2.01,60.16,1,2,5,2
CCc1cc(Cc2cc(CC)cc(C(C)(C)C)c2O)c(O)c(C(C)(C)C)c1,1,1,3,368.56,6.41,40.46,2,2,4,2
CC(CC(C(N)=O)(c1ccccc1)c1ccccc1)N(C)C,0,0,2,296.41,2.8,46.33,1,2,6,2
CC(C)[N+](C)(CCC(C(N)=O)(c1ccccc1)c1ccccc1)C(C)C,0,0,12,353.53,4.11,43.09,1,1,8,2
Cc1ccc(C(C)c2ccc(C)c(C)c2)cc1C,0,0,11,238.37,5.07,0.0,0,0,2,2
CC(C)(c1ccc(O)cc1)c1ccc(O)cc1,1,4,10,228.29,3.42,40.46,2,2,2,2
Clc1ccc(C(c2ccc(Cl)cc2)C(Cl)Cl)cc1,1,1,7,320.05,5.93,0.0,0,0,3,2
Clc1ccc(C(c2ccccc2Cl)C(Cl)Cl)cc1,1,3,11,320.05,5.93,0.0,0,0,3,2
Clc1ccc(C(c2ccc(Cl)cc2)C(Cl)(Cl)Cl)cc1,1,3,11,354.49,6.5,0.0,0,0,2,2
C#CCOC(C(=O)OCCN(C)C)(c1ccccc1)c1ccccc1,0,0,12,337.42,2.68,38.77,0,4,8,2
CCN(CC)CCOC(=O)C(C)(c1ccccc1)c1ccccc1,0,0,11,325.45,3.88,29.54,0,3,8,2
Cc1ccccc1C(OCCN(C)C)c1ccccc1.O=C(O)CC(O)(CC(=O)O)C(=O)O,0,0,11,461.51,2.41,144.6,4,6,11,2
CCN(CC)CCSC(=O)C(c1ccccc1)c1ccccc1,1,1,10,327.49,4.42,20.31,0,3,8,2
CBr.CCN(CC)CCOC(=O)C(O)(c1ccccc1)c1ccccc1,0,0,10,422.36,3.82,49.77,1,4,8,2
O=C=Nc1ccc(Cc2ccc(N=C=O)cc2)cc1,0,0,12,250.26,3.21,58.86,0,4,4,2
CCc1cc(Cc2cc(CC)c(N)c(CC)c2)cc(CC)c1N,1,1,6,310.49,4.69,52.04,2,2,6,2
CC(CC(C#N)(c1ccccc1)c1ccccc1)N(C)C,0,0,10,278.4,3.84,27.03,0,2,5,2
CN(C)CCOc1ccccc1Cc1ccccc1.O=C(O)CC(O)(CC(=O)O)C(=O)O,0,0,11,447.48,1.97,144.6,4,6,11,2
C=CCOc1c(Br)cc(C(C)(C)c2cc(Br)c(OCC=C)c(Br)c2)cc1Br,1,1,11,624.01,8.19,18.46,0,2,8,2
C[N+](C)(C)CCOC(=O)C(O)(c1ccccc1)c1ccccc1,0,0,12,314.41,2.17,46.53,1,3,6,2
Cc1ccc(O)c([C@H](CCN(C(C)C)C(C)C)c2ccccc2)c1,1,1,11,325.5,5.34,23.47,1,2,7,2
Cc1cc(C(C)(C)c2cc(C)c(O)c(C)c2)cc(C)c1O,1,3,7,284.4,4.66,40.46,2,2,2,2
CCCC(C(=O)OCCN(CC)CC)(c1ccccc1)c1ccccc1,0,0,10,353.51,4.66,29.54,0,3,10,2
Nc1ccc(Cc2ccc(N)c(Cl)c2)cc1Cl,1,2,9,267.16,3.75,52.04,2,2,2,2
CCC(=O)C(CC(C)N(C)C)(c1ccccc1)c1ccccc1,0,0,12,309.45,4.29,20.31,0,2,7,2
OCC(c1ccc(Cl)cc1)c1ccc(Cl)cc1,0,0,6,267.15,4.12,20.23,1,1,3,2
CCCC(c1cc(C(C)(C)C)c(O)cc1C)c1cc(C(C)(C)C)c(O)cc1C,1,2,3,382.59,7.24,40.46,2,2,4,2
CCOC(=O)C(O)(c1ccc(Cl)cc1)c1ccc(Cl)cc1,1,3,9,325.19,3.79,46.53,1,3,4,2
O=C([O-])Cc1cccc2ccccc12,1,1,12,185.2,1.13,40.13,0,2,2,2
CC(=O)Oc1cc(C)c(OC(C)=O)c2ccccc12,1,2,6,258.27,3.0,52.6,0,4,2,2
CCCCc1ccc2cccc(S(=O)(=O)[O-])c2c1,0,0,12,263.34,3.09,57.2,0,3,4,2
O=S(=O)([O-])c1cccc2ccccc12,0,0,12,207.23,1.74,57.2,0,3,1,2
CC(=O)OC(C)C(=O)OCC[N+](C)(C)C.CC(=O)OC(C)C(=O)OCC[N+](C)(C)C.O=S(=O)([O-])c1cccc2c(S(=O)(=O)[O-])cccc12,1,1,10,722.83,1.02,219.6,0,14,12,2
Nc1ccc2cc(S(=O)(=O)O)ccc2c1,0,0,12,223.25,1.67,80.39,2,3,1,2
Nc1ccc2ccccc2c1S(=O)(=O)O,1,3,12,223.25,1.67,80.39,2,3,1,2
Cc1cccc2ccccc12,0,0,12,142.2,3.15,0.0,0,0,0,2
Cc1ccc2ccccc2c1,0,0,11,142.2,3.15,0.0,0,0,0,2
CCCCCCOc1ccc(C(=N)N(CCCC)CCCC)c2ccccc12,0,0,1,382.59,7.03,36.32,1,2,13,2
Oc1ccc(O)c2c(O)cccc12,1,1,11,176.17,1.96,60.69,3,3,0,2
O=S(=O)([O-])c1ccc2ccccc2c1,1,1,12,207.23,1.74,57.2,0,3,1,2
Cc1ccc2ccccc2c1[N+](=O)[O-],0,0,11,187.2,3.06,43.14,0,2,1,2
O=C(O)c1ccc2cc(C(=O)O)ccc2c1,0,0,12,216.19,2.24,74.6,2,2,2,2
O=C(O)c1cc(O)c2ccccc2c1O,1,2,6,204.18,1.95,77.76,3,3,1,2
O=[N+]([O-])c1cccc2ccccc12,1,1,11,173.17,2.75,43.14,0,2,1,2
COc1ccc2ccccc2c1,0,0,12,158.2,2.85,9.23,0,1,1,2
Nc1cc(S(=O)(=O)[O-])cc2cc(S(=O)(=O)O)cc(O)c12,0,0,12,318.31,0.28,157.82,3,7,2,2
O=S(=O)([O-])c1ccc2cc(O)ccc2c1,0,0,12,223.23,1.45,77.43,1,4,1,2
Cc1cc(O)c2ccccc2c1O,1,1,1,174.2,2.56,40.46,2,2,0,2
CCN(CC)C(=O)C(C)Oc1cccc2ccccc12,1,2,12,271.36,3.48,29.54,0,2,5,2
Cc1ccc2ccccc2c1C,0,0,11,156.23,3.46,0.0,0,0,0,2
NC(=S)Nc1cccc2ccccc12,0,0,12,202.28,2.5,38.05,2,1,1,2
c1ccc2ccccc2c1,0,0,12,128.17,2.84,0.0,0,0,0,2
NCCNc1cccc2ccccc12,1,3,11,186.26,2.21,38.05,2,2,3,2
Nc1cccc2c(N)cccc12,1,3,11,158.2,2.0,52.04,2,2,0,2
O=C(O)Cc1cccc2ccccc12,1,1,12,186.21,2.47,37.3,1,1,2,2
NC(=O)Cc1cccc2ccccc12,0,0,11,185.23,1.87,43.09,1,1,2,2
CC(C)c1ccc2c(C(C)C)cc(C(C)C)c(S(=O)(=O)[O-])c2c1,1,1,12,333.47,5.11,57.2,0,3,4,2
O=C(O)c1ccc2cc(O)ccc2c1,0,0,10,188.18,2.24,57.53,2,2,1,2
CNC(=O)Oc1cccc2ccccc12,1,2,11,201.22,2.56,38.33,1,2,1,2
Cc1ccc2cc(C)ccc2c1,0,0,11,156.23,3.46,0.0,0,0,0,2
CC(C)NCC(O)c1ccc2ccccc2c1,0,0,11,229.32,2.87,32.26,2,2,4,2
O=S(=O)(O)c1ccc2ccccc2c1,0,0,11,208.24,2.09,54.37,1,2,1,2
Nc1ccc(N)c2ccccc12,1,2,5,158.2,2.0,52.04,2,2,0,2
Oc1ccc2ccccc2c1,1,5,12,144.17,2.55,20.23,1,1,0,2
O=C(O)COc1ccc2ccccc2c1,0,0,10,202.21,2.3,46.53,1,2,3,2
COc1ccc(C(=O)CCC(=O)O)c2ccccc12,0,0,9,258.27,2.9,63.6,1,3,5,2
COc1ccc2c(C(=S)N(C)CC(=O)O)cccc2c1C(F)(F)F,0,0,11,357.35,3.56,49.77,1,3,4,2
Oc1cccc2ccccc12,1,3,12,144.17,2.55,20.23,1,1,0,2
COc1ccc2cc(C=O)ccc2c1,0,0,2,186.21,2.66,26.3,0,2,2,2
Cc1ccc(C)c2ccccc12,0,0,11,156.23,3.46,0.0,0,0,0,2
COc1ccc2cc([C@H](C)C(=O)O)ccc2c1,0,0,12,230.26,3.04,46.53,1,2,3,2
CC(C)NC[C@@H](O)COc1cccc2ccccc12,0,0,10,259.35,2.58,41.49,2,3,6,2
Nc1ccc2cc(S(=O)(=O)O)cc(O)c2c1,1,1,12,239.25,1.37,100.62,3,4,1,2
Clc1cccc2ccccc12,1,1,12,162.62,3.49,0.0,0,0,0,2
COC(=O)c1ccc2cc(C(=O)OC)ccc2c1,0,0,9,244.25,2.41,52.6,0,4,2,2
CCOC(=O)Cc1cccc2ccccc12,0,0,11,214.26,2.95,26.3,0,2,3,2
Nc1ccc2c(O)cc(S(=O)(=O)O)cc2c1,1,2,8,239.25,1.37,100.62,3,4,1,2
CC(C)NCC(O)COc1cccc2ccccc12,1,1,11,259.35,2.58,41.49,2,3,6,2
COc1ccc2cccc(CCNC(C)=O)c2c1,0,0,2,243.31,2.53,38.33,1,2,4,2
COC(=O)Cc1cccc2ccccc12,0,0,12,200.24,2.56,26.3,0,2,2,2
COc1ccc2cc(CCC(C)=O)ccc2c1,1,3,10,228.29,3.37,26.3,0,2,4,2
CC(=O)c1ccc2ccccc2c1,0,0,12,170.21,3.04,17.07,0,1,1,2
CC(C)c1ccc2cc(C(C)C)ccc2c1,0,0,11,212.34,5.09,0.0,0,0,2,2
Nc1cccc2ccccc12,1,1,11,143.19,2.42,26.02,1,1,0,2
Nc1ccc2ccccc2c1,1,1,11,143.19,2.42,26.02,1,1,0,2
COc1ccc2cc([C@H](C)CO)ccc2c1,1,1,8,216.28,2.94,29.46,1,2,3,2
CN(C/C=C/C#CC(C)(C)C)Cc1cccc2ccccc12,0,0,11,291.44,4.88,3.24,0,1,4,2
O=C(O)c1cc2ccccc2cc1O,1,3,10,188.18,2.24,57.53,2,2,1,2
Cc1ccc2c(C)cccc2c1,0,0,11,156.23,3.46,0.0,0,0,0,2
CC(C)[N+](C)(C)CC(O)COc1cccc2ccccc12,0,0,12,288.41,3.06,29.46,1,2,6,2
O=S(=O)([O-])c1ccc2cc(O)c(S(=O)(=O)[O-])cc2c1,0,0,12,302.29,0.35,134.63,1,7,2,2
COc1ccc2cc([C@H](C)C(=O)[O-])ccc2c1,0,0,12,229.25,1.7,49.36,0,3,3,2
O=[N+]([O-])c1cccc2cccc([N+](=O)[O-])c12,1,2,8,218.17,2.66,86.28,0,4,2,2
O=[N+]([O-])c1cc([N+](=O)[O-])c2ccc(S(=O)(=O)O)cc2c1O,0,0,12,314.23,1.61,160.88,2,7,3,2
O=[N+]([O-])c1cc([N+](=O)[O-])c2ccccc2c1,1,2,11,218.17,2.66,86.28,0,4,2,2
O=[N+]([O-])c1cccc2c([N+](=O)[O-])cccc12,1,1,11,218.17,2.66,86.28,0,4,2,2
Clc1ccc2ccccc2c1,0,0,11,162.62,3.49,0.0,0,0,0,2
CC(C)[C@H]1CC[C@H](C)C[C@@H]1O,0,0,12,156.27,2.44,20.23,1,1,1,0
C=COCC1CCC(CO)CC1,0,0,12,170.25,1.95,29.46,1,2,4,0
O=C=NCC1CCCC(CN=C=O)C1,0,0,12,194.23,1.46,58.86,0,4,4,0
OCCCC1CCCCC1,0,0,12,142.24,2.34,20.23,1,1,3,0
N#CC1(O)CCCCC1,0,0,12,125.17,1.21,44.02,1,2,0,0
CCNC(=O)C1CC(C)CCC1C(C)C,0,0,12,211.35,2.83,29.1,1,1,3,0
CNC(C)CC1CCCCC1,0,0,10,155.28,2.56,12.03,1,1,3,0
CCC(C)(C)C1CCC(O)CC1,0,0,11,170.3,2.97,20.23,1,1,2,0
CC1(C)CC(N)CC(C)(CN)C1,0,0,12,170.3,1.49,52.04,2,2,1,0
CC(=O)OC1CCC(C(C)(C)C)CC1,0,0,11,198.31,3.15,26.3,0,2,1,0
NCC1(CC(=O)O)CCCCC1,0,0,12,171.24,1.37,63.32,2,2,3,0
CC1CC(O)CC(C)(C)C1,0,0,12,142.24,2.19,20.23,1,1,0,0
C=C(C)C(=O)OC1CC(C)CC(C)(C)C1,0,0,11,210.32,3.32,26.3,0,2,2,0
Cl[C@H]1[C@H](Cl)[C@@H](Cl)[C@@H](Cl)[C@H](Cl)[C@H]1Cl,0,0,10,290.83,3.64,0.0,0,0,0,0
O=S(=O)(O)NC1CCCCC1,0,0,12,179.24,0.71,66.4,2,2,2,0
OCC(CO)N[C@H]1C[C@](O)(CO)[C@@H](O)[C@H](O)[C@H]1O,1,1,12,267.28,-4.49,153.64,8,8,5,0
NC1CCCCC1N,0,0,12,114.19,0.21,52.04,2,2,0,0
N#CC1(N)CCCCC1,0,0,12,124.19,1.17,49.81,1,2,0,0
NCC1CCC(C(=O)O)CC1,0,0,10,157.21,0.84,63.32,2,2,2,0
NC1CCCCC1,0,0,12,99.18,1.28,26.02,1,1,0,0
O[C@H]1[C@H](O)[C@@H](O)[C@H](O)[C@@H](O)[C@H]1O,0,0,11,180.16,-3.83,121.38,6,6,0,0
O=C=NC1CCCCC1,1,1,9,125.17,1.65,29.43,0,2,1,0
CC1(C)CC(N=C=O)CC(C)(CN=C=O)C1,0,0,12,222.29,2.24,58.86,0,4,3,0
NCC1CCCC(CN)C1,0,0,12,142.25,0.71,52.04,2,2,2,0
CC(O)C1CCCCC1,0,0,12,128.22,1.95,20.23,1,1,1,0
CCCCC1CCC(O)CC1,0,0,12,156.27,2.73,20.23,1,1,3,0
O=NN(CCCl)C(=O)NC1CCCCC1,0,0,2,233.7,2.25,61.77,1,3,4,0
BrCC(Br)C1CCC(Br)C(Br)C1,1,2,11,427.8,4.47,0.0,0,0,2,0
SC1CCCCC1,0,0,11,116.23,2.25,0.0,1,1,0,0
C1CCCCC1,0,0,12,84.16,2.34,0.0,0,0,0,0
C=C(C)[C@@H]1CC[C@@H](C)C[C@@H]1O,0,0,12,154.25,2.36,20.23,1,1,1,0
CC1(C)CCC(NC(=O)[C@@H](N)CCC(=O)O)CC1,0,0,10,256.35,1.26,92.42,3,3,5,0
CC1CCC(C(C)CS)CC1S,0,0,9,204.4,3.29,0.0,2,2,2,0
CCC(C)(C)C1CCCCC1OC(C)=O,1,1,11,212.33,3.54,26.3,0,2,3,0
CC(C)(C)C1CCC(O)CC1,0,0,12,156.27,2.58,20.23,1,1,0,0
CC(=O)CC(C)(C)C1CCCCC1,0,0,12,182.31,3.57,17.07,0,1,3,0
OC1CCCCC1,0,0,12,100.16,1.31,20.23,1,1,0,0
CC1(N)CCC(C(C)(C)N)CC1,1,1,12,170.3,1.63,52.04,2,2,1,0
C=COCC1CCC(COC=C)CC1,0,0,12,196.29,3.11,18.46,0,2,6,0
CC1CCC(C(C)C)C(O)C1,0,0,12,156.27,2.44,20.23,1,1,1,0
CC(C)CCCCCCOC(=O)C1CCCCC1C(=O)OCCCCCCC(C)C,0,0,11,424.67,7.09,52.6,0,4,16,0
C#CC1(O)CCCCC1,0,0,12,124.18,1.31,20.23,1,1,0,0
CC(=O)OC1CCCCC1C(C)(C)C,0,0,12,198.31,3.15,26.3,0,2,1,0
CCN(CC)C1CCCCC1,0,0,12,155.28,2.66,3.24,0,1,3,0
COC(=O)C1CCC(C(=O)OC)CC1,0,0,12,200.23,1.14,52.6,0,4,2,0
CC(C)C1CCC(O)CC1,0,0,11,142.24,2.19,20.23,1,1,1,0
CC1CCC(CO)CC1,0,0,12,128.21,1.8,20.23,1,1,1,0
C=C(C)C1CCC(C)(O)CC1,0,0,12,154.25,2.5,20.23,1,1,1,0
O=S(=O)([O-])NC1CCCCC1,0,0,11,178.23,0.37,69.23,1,3,2,0
C=CCOC(=O)CCC1CCCCC1,0,0,12,196.29,3.08,26.3,0,2,5,0
CN(C)C1CCCCC1,0,0,10,127.23,1.88,3.24,0,1,1,0
OCC1CCC(CO)CC1,0,0,12,144.21,0.78,40.46,2,2,2,0
COC(=O)[C@H]1CC[C@H](C(=O)OC)CC1,0,0,12,200.23,1.14,52.6,0,4,2,0
CC1(O)CCC(C(C)(C)O)CC1,0,0,10,172.27,1.7,40.46,2,2,1,0
CCC(C)(C)C1CCC(OC)CC1,0,0,10,184.32,3.63,9.23,0,1,3,0
CC(=O)OCCC1CCCCC1,0,0,12,170.25,2.52,26.3,0,2,3,0
C[C@H]1C[C@@H](O)CC(C)(C)C1,0,0,12,142.24,2.19,20.23,1,1,0,0
ClC1C(Cl)C(Cl)C(Cl)C(Cl)C1Cl,1,2,12,290.83,3.64,0.0,0,0,0,0
Cl[C@H]1[C@H](Cl)[C@@H](Cl)[C@H](Cl)[C@@H](Cl)[C@@H]1Cl,1,1,11,290.83,3.64,0.0,0,0,0,0
Cl[C@H]1[C@H](Cl)[C@@H](Cl)[C@H](Cl)[C@H](Cl)[C@H]1Cl,1,1,9,290.83,3.64,0.0,0,0,0,0
CC(C)(C)C1CCCCC1O,0,0,12,156.27,2.58,20.23,1,1,0,0
CC(C)[C@@H]1CC[C@@H](C)C[C@H]1O,0,0,12,156.27,2.44,20.23,1,1,1,0
CCSC(=O)N(CC)C1CCCCC1,0,0,11,215.36,3.51,20.31,0,2,3,0
CCn1cc[n+](C)c1C.O=S(=O)([O-])C(F)(F)F,1,1,12,274.26,0.69,66.01,0,3,1,1
CCCCn1cc[n+](C)c1.F[B-](F)(F)F,1,1,12,226.03,2.41,8.81,0,0,3,1
CCC[n+]1ccn(C)c1C.O=S(=O)([N-]S(=O)(=O)C(F)(F)F)C(F)(F)F,0,0,11,419.37,2.09,91.19,0,4,4,1
CCCCCCCCCCCCCCn1cc[n+](C)c1,1,3,6,279.49,5.01,8.81,0,0,13,1
CCn1cc[n+](C)c1,0,0,12,111.17,0.33,8.81,0,0,1,1
CCCn1cc[n+](C)c1,0,0,12,125.19,0.72,8.81,0,0,2,1
CCCCn1cc[n+](C)c1.O=S(=O)([O-])C(F)(F)F,0,0,11,288.29,1.16,66.01,0,3,3,1
CCCCCCCCCCn1cc[n+](C)c1,1,3,7,223.38,3.45,8.81,0,0,9,1
CCCCCCCCn1cc[n+](C)c1.F[B-](F)(F)F,1,3,8,282.13,3.97,8.81,0,0,7,1
CCCCn1cc[n+](C)c1.O=S(=O)([N-]S(=O)(=O)C(F)(F)F)C(F)(F)F,0,0,11,419.37,2.17,91.19,0,4,5,1
C[n+]1ccn(CCO)c1.F[B-](F)(F)F,0,0,12,213.97,0.6,29.04,1,1,2,1
CCCCCCn1cc[n+](C)c1.O=S(=O)([N-]S(=O)(=O)C(F)(F)F)C(F)(F)F,1,1,7,447.42,2.95,91.19,0,4,7,1
CCCCCCCCn1cc[n+](C)c1.O=S(=O)([N-]S(=O)(=O)C(F)(F)F)C(F)(F)F,1,2,7,475.48,3.73,91.19,0,4,9,1
CCCCn1cc[n+](C)c1,0,0,12,139.22,1.11,8.81,0,0,3,1
CCCCn1cc[n+](C)c1C,0,0,11,153.25,1.42,8.81,0,0,3,1
CCCCCCCCCCn1cc[n+](C)c1.O=S(=O)([N-]S(=O)(=O)C(F)(F)F)C(F)(F)F,1,3,8,503.53,4.51,91.19,0,4,11,1
CCCCCCCCCCCCn1cc[n+](C)c1.F[B-](F)(F)F,1,3,4,338.24,5.53,8.81,0,0,11,1
CCCCCCn1cc[n+](C)c1.F[B-](F)(F)F,1,1,11,254.08,3.19,8.81,0,0,5,1
CCCn1cc[n+](C)c1.F[B-](F)(F)F,0,0,12,212.0,2.02,8.81,0,0,2,1
CCCn1cc[n+](C)c1C,0,0,11,139.22,1.03,8.81,0,0,2,1
CCCCCCCCCCCCn1cc[n+](C)c1,1,1,12,251.44,4.23,8.81,0,0,11,1
CCCCCCCCCCn1cc[n+](CCCCCCCCCC)c1C,1,4,5,363.65,7.37,8.81,0,0,18,1
CCn1cc[n+](C)c1C.F[B-](F)(F)F,0,0,11,212.0,1.94,8.81,0,0,1,1
CCCCCCn1cc[n+](C)c1.O=S(=O)([O-])C(F)(F)F,1,1,10,316.34,1.94,66.01,0,3,5,1
C[n+]1ccn(CCO)c1,0,0,10,127.17,-0.7,29.04,1,1,2,1
CCCCCCCCn1cc[n+](C)c1,1,3,8,195.33,2.67,8.81,0,0,7,1
CCn1cc[n+](C)c1.N#C[S-],0,0,12,169.25,0.35,32.6,0,2,1,1
CCn1cc[n+](C)c1C.O=S(=O)([N-]S(=O)(=O)C(F)(F)F)C(F)(F)F,0,0,11,405.34,1.7,91.19,0,4,3,1
CCCCCCCCCCCCCCCCn1cc[n+](C)c1,1,2,4,307.55,5.79,8.81,0,0,15,1
CCCCn1cc[n+](C)c1C.O=S(=O)([O-])C(F)(F)F,0,0,11,302.32,1.47,66.01,0,3,3,1
CCn1cc[n+](C)c1.COS(=O)(=O)[O-],0,0,11,222.27,-0.57,75.24,0,4,2,1
CCn1cc[n+](C)c1.O=S(=O)([O-])C(F)(F)F,0,0,12,260.24,0.38,66.01,0,3,1,1
CCn1cc[n+](C)c1.N#CN=C=[N-],0,0,12,177.21,0.54,67.26,0,2,1,1
CCn1cc[n+](C)c1.O=S(=O)([N-]S(=O)(=O)C(F)(F)F)C(F)(F)F,0,0,11,391.31,1.39,91.19,0,4,3,1
COP(=O)([O-])OC.Cn1cc[n+](C)c1,0,0,12,222.18,-0.4,67.4,0,4,2,1
CCn1cc[n+](C)c1.F[B-](F)(F)F,0,0,11,197.97,1.63,8.81,0,0,1,1
CCCCCCn1cc[n+](C)c1,1,1,9,167.28,1.89,8.81,0,0,5,1
CCCn1cc[n+](C)c1.O=S(=O)([N-]S(=O)(=O)C(F)(F)F)C(F)(F)F,0,0,11,405.34,1.78,91.19,0,4,4,1
CCCCCCCCn1cc[n+](C)c1.O=S(=O)([O-])C(F)(F)F,1,3,6,344.4,2.72,66.01,0,3,7,1
C=CCn1cc[n+](C)c1,0,0,12,123.18,0.5,8.81,0,0,2,1
CCCCCCCCCCCCCCn1cc[n+](C)c1.O=S(=O)([N-]S(=O)(=O)C(F)(F)F)C(F)(F)F,1,2,4,559.64,6.07,91.19,0,4,15,1
CCCCCCCCCCCCCCCCn1cc[n+](C)c1.O=S(=O)([N-]S(=O)(=O)C(F)(F)F)C(F)(F)F,1,2,3,587.69,6.85,91.19,0,4,17,1
CCCCCCCCCCCCCCCCn1cc[n+](C)c1.F[B-](F)(F)F,1,3,5,394.35,7.09,8.81,0,0,15,1
CCCCCCCCCCCCn1cc[n+](C)c1.O=S(=O)([N-]S(=O)(=O)C(F)(F)F)C(F)(F)F,1,1,5,531.59,5.29,91.19,0,4,13,1
CCCCCCCCCCn1cc[n+](C)c1.O=S(=O)([O-])C(F)(F)F,1,3,9,372.45,3.5,66.01,0,3,9,1
CCOS(=O)(=O)[O-].CCn1cc[n+](C)c1,0,0,12,236.29,-0.18,75.24,0,4,3,1
CCCCn1cc[n+](C)c1.[Cl][Fe-]([Cl])([Cl])[Cl],0,0,11,336.88,3.87,8.81,0,0,3,1
CCCCCCCCCCCCn1cc[n+](C)c1.O=S(=O)([O-])C(F)(F)F,1,3,4,400.51,4.28,66.01,0,3,11,1
O=C(O)Cc1cc(I)c(Oc2ccc(O)c(I)c2)c(I)c1,1,4,8,621.93,4.63,66.76,2,3,4,2
CS(=O)(=O)NC(=O)c1cc(Oc2ccc(C(F)(F)F)cc2Cl)ccc1[N+](=O)[O-],0,0,12,438.77,3.75,115.61,1,6,5,2
CN(C)C(=O)Nc1ccc(Oc2ccc(Cl)cc2)cc1,1,4,11,290.75,4.23,41.57,1,2,3,2
N[C@@H](Cc1ccc(Oc2cc(I)c(O)c(I)c2)c(I)c1)C(=O)O,1,1,11,650.98,3.95,92.78,3,4,5,2
O=C(O)Cc1ccccc1Oc1ccc(Cl)cc1Cl,0,0,11,297.14,4.41,46.53,1,2,4,2
COC(=O)c1cc(Oc2ccc(Cl)cc2Cl)ccc1[N+](=O)[O-],1,1,7,342.13,4.48,78.67,0,5,4,2
Brc1cc(Br)c(Oc2cc(Br)c(Br)cc2Br)cc1Br,0,0,11,643.59,8.05,9.23,0,1,2,2
Brc1ccc(Oc2ccc(Br)cc2)cc1,1,1,12,328.0,5.0,9.23,0,1,2,2
c1ccc(Oc2ccccc2)cc1,0,0,12,170.21,3.48,9.23,0,1,2,2
O=[N+]([O-])c1ccc(Oc2ccc([N+](=O)[O-])cc2)cc1,0,0,11,260.2,3.3,95.51,0,5,4,2
Nc1ccc(Oc2ccc(N)cc2)cc1,1,2,12,200.24,2.64,61.27,2,3,2,2
CCOC(=O)COC(=O)c1cc(Oc2ccc(C(F)(F)F)cc2Cl)ccc1[N+](=O)[O-],1,1,9,447.75,4.78,104.97,0,7,7,2
NNS(=O)(=O)c1ccc(Oc2ccc(S(=O)(=O)NN)cc2)cc1,0,0,11,358.4,-0.22,153.61,4,7,6,2
O=[N+]([O-])c1ccc(Oc2ccc(Cl)cc2Cl)cc1,1,1,12,284.1,4.69,52.37,0,3,3,2
Nc1ccc(Oc2ccc(N)c(N)c2)cc1,1,5,9,215.26,2.23,87.29,3,4,2,2
CSc1ccc(Oc2ccc(S(N)(=O)=O)cc2CN(C)C)cc1C,0,0,8,366.51,3.22,72.63,1,5,6,2
Brc1cc(Oc2cc(Br)c(Br)c(Br)c2Br)c(Br)c(Br)c1Br,0,0,12,801.38,9.58,9.23,0,1,2,2
BrCc1cccc(Oc2ccccc2)c1,1,1,9,263.13,4.37,9.23,0,1,3,2
N[C@@H](Cc1cc(I)c(Oc2ccc(O)c(I)c2)c(I)c1)C(=O)[O-],1,2,8,649.97,2.62,95.61,2,5,5,2
O=[N+]([O-])c1ccc(Oc2ccc(C(F)(F)F)cc2[N+](=O)[O-])cc1,1,2,8,328.2,4.31,95.51,0,5,4,2
O=[N+]([O-])c1ccc(Oc2ccc(N=C=S)cc2)cc1,1,2,7,272.29,4.12,64.73,0,5,4,2
Brc1ccc(Oc2ccccc2)cc1,0,0,12,249.11,4.24,9.23,0,1,2,2
CCOC(=O)C(C)OC(=O)c1cc(Oc2ccc(C(F)(F)F)cc2Cl)ccc1[N+](=O)[O-],1,1,10,461.78,5.17,104.97,0,7,7,2
CS(=O)(=O)Nc1ccc([N+](=O)[O-])cc1Oc1ccccc1,1,1,12,308.31,2.76,98.54,1,5,5,2
Cc1cccc(Oc2ccccc2)c1,0,0,11,184.24,3.79,9.23,0,1,2,2
O=C(O)c1cc(Oc2ccc(C(F)(F)F)cc2Cl)ccc1[N+](=O)[O-],1,1,11,361.66,4.76,89.67,1,4,4,2
O=Cc1cccc(Oc2ccccc2)c1,0,0,11,198.22,3.29,26.3,0,2,3,2
Brc1ccc(Oc2ccc(Br)cc2Br)c(Br)c1,1,2,10,485.8,6.53,9.23,0,1,2,2
Oc1ccc(Oc2ccccc2)cc1,1,4,9,186.21,3.18,29.46,1,2,2,2
Brc1ccc(Oc2cc(Br)c(Br)cc2Br)c(Br)c1,1,3,12,564.69,7.29,9.23,0,1,2,2
CCOc1cc(Oc2ccc(C(F)(F)F)cc2Cl)ccc1[N+](=O)[O-],1,1,10,361.7,5.46,61.6,0,4,5,2
O=C(O)c1cccc(Oc2ccccc2)c1,1,1,12,214.22,3.18,46.53,1,2,3,2
OCc1cccc(Oc2ccccc2)c1,1,3,12,200.24,2.97,29.46,1,2,3,2
O=C([O-])c1cc(Oc2ccc(C(F)(F)F)cc2Cl)ccc1[N+](=O)[O-],1,1,12,360.65,3.42,92.5,0,5,4,2
CNCc1cc(F)ccc1Oc1ccc(Cl)c(Cl)c1,0,0,7,300.16,4.64,21.26,1,2,4,2
CCCCOC(=O)[C@@H](C)Oc1ccc(Oc2ccc(C#N)cc2F)cc1,0,0,12,357.38,4.6,68.55,0,5,8,2
CCCCNc1cc(C(=O)O)cc(S(N)(=O)=O)c1Oc1ccccc1,0,0,12,364.42,3.04,118.72,3,5,8,2
O=C(O)Cc1cc(I)c(Oc2cc(I)c(O)c(I)c2)c(I)c1,1,2,7,747.83,5.23,66.76,2,3,4,2
Nc1ccc(Oc2ccc(Cl)cc2)cc1,1,2,11,219.67,3.71,35.25,1,2,2,2
Oc1cc(Cl)ccc1Oc1ccc(Cl)cc1Cl,1,3,5,289.54,5.14,29.46,1,2,2,2
CCOC(=O)NCCOc1ccc(Oc2ccccc2)cc1,1,1,8,301.34,3.6,56.79,1,4,7,2
N[C@@H](Cc1cc(I)c(Oc2ccc(O)c(I)c2)c(I)c1)C(=O)O,1,4,12,650.98,3.95,92.78,3,4,5,2
N[C@@H](Cc1cc(I)c(Oc2cc(I)c(O)c(I)c2)c(I)c1)C(=O)O,1,1,11,776.87,4.56,92.78,3,4,5,2
COC(=O)C(C)Oc1ccc(Oc2ccc(Cl)cc2Cl)cc1,0,0,11,341.19,4.73,44.76,0,4,5,2
COc1cc(Cl)ccc1Oc1ccc(Cl)cc1Cl,1,1,10,303.57,5.45,18.46,0,2,3,2
C[C@]12CCC(=O)C=C1CC[C@@H]1[C@@H]2[C@@H](O)C[C@@]2(C)[C@H]1CC[C@]2(O)C(=O)COP(=O)([O-])[O-],1,3,8,440.43,0.63,147.02,2,8,4,0
C[C@]12CC[C@H]3[C@@H](CCC4=CC(=O)CC[C@@]43C)[C@@H]1CC[C@@H]2C(=O)CO,1,3,10,330.47,3.7,54.37,1,3,2,0
C[C@]12CCC(=O)C=C1CC[C@H]1[C@@H]3CC[C@](O)(C(=O)CO)[C@@]3(C)C[C@H](O)[C@@]12F,1,3,11,380.46,1.87,94.83,3,5,2,0
C[C@@H]1CC2=CC(=O)CC[C@@H]2[C@H]2CC[C@@]3(C)[C@@H](CC[C@]3(C)O)[C@@H]21,0,0,1,302.46,4.13,37.3,1,2,0,0
CC(C)(C)C(=O)OCC(=O)[C@H]1CC[C@H]2[C@@H]3CCC4=CC(=O)CC[C@]4(C)[C@H]3CC[C@]12C,1,2,9,414.59,5.29,60.44,0,4,3,0
C#C[C@]1(OC(C)=O)CC[C@H]2[C@@H]3CCC4=CC(=O)CC[C@@H]4[C@H]3CC[C@@]21C,1,4,7,340.46,4.06,43.37,0,3,1,0
CC#C[C@]1(O)CC[C@H]2[C@@H]3C[C@H](C)C4=CC(=O)CC[C@]4(C)[C@H]3CC[C@@]21C,1,1,2,340.51,4.52,37.3,1,2,0,0
C[C@]12CCC(=O)C=C1CC[C@@H]1[C@@H]2CC[C@@]2(C)[C@H]1CC[C@]2(C)O,1,5,11,302.46,4.27,37.3,1,2,0,0
CC(=O)[C@H]1CC[C@H]2[C@@H]3C[C@H](C)C4=CC(=O)CC[C@]4(C)[C@H]3[C@@H](O)C[C@]12C,1,2,9,344.5,3.94,54.37,1,3,1,0
CCCCCCCCCC(=O)O[C@H]1CC[C@H]2[C@@H]3CCC4=CC(=O)CC[C@@H]4[C@H]3CC[C@]12C,1,4,11,428.66,7.18,43.37,0,3,9,0
C[C@]12CC[C@H]3[C@@H](CCC4=CC(=O)CC[C@@H]43)[C@@H]1CC[C@@H]2O,1,5,12,274.4,3.49,37.3,1,2,0,0
CCCCCC(=O)O[C@]1(C(C)=O)CC[C@H]2[C@@H]3CCC4=CC(=O)CC[C@]4(C)[C@H]3CC[C@@]21C,1,3,9,428.61,5.97,60.44,0,4,6,0
CC(=O)OCC(=O)[C@@]1(O)CCC2C3CCC4=CC(=O)CC[C@]4(C)C3[C@@H](O)C[C@@]21C,1,2,10,404.5,2.35,100.9,2,6,3,0
C[C@]12CCC(=O)C=C1CC[C@@H]1[C@@H]2CC[C@@]2(C)[C@H]1CC[C@]2(O)C(=O)CO,1,2,10,346.47,2.81,74.6,2,4,2,0
CC(C)CCC(=O)O[C@H]1CC[C@H]2[C@@H]3CCC4=CC(=O)CC[C@]4(C)[C@H]3CC[C@]12C,1,4,8,386.58,5.87,43.37,0,3,4,0
C#C[C@]1(OC(=O)CCCCCC)CC[C@H]2[C@@H]3CCC4=CC(=O)CC[C@@H]4[C@H]3CC[C@@]21C,1,5,8,410.6,6.01,43.37,0,3,6,0
CC(=O)[C@@]1(O)CC[C@H]2[C@@H]3CCC4=CC(=O)CC[C@]4(C)C3(F)[C@@H](O)C[C@@]21C,1,1,8,364.46,2.9,74.6,2,4,1,0
C#C[C@]1(O)CC[C@H]2[C@@H]3CCC4=CC(=O)CC[C@]4(C)[C@H]3CC[C@@]21C,1,4,12,312.45,3.88,37.3,1,2,0,0
CC(=O)[C@@]1(O)CC[C@H]2[C@@H]3C[C@H](C)C4=CC(=O)CC[C@]4(C)[C@H]3CC[C@@]21C,1,2,9,344.5,4.08,54.37,1,3,1,0
CC(=O)O[C@]1(C(C)=O)CC[C@H]2[C@@H]3C[C@H](C)C4=CC(=O)CC[C@]4(C)[C@H]3CC[C@@]21C,1,3,10,386.53,4.66,60.44,0,4,2,0
C#C[C@]1(O)CC[C@H]2[C@@H]3CCC4=CC(=O)CC[C@@H]4[C@H]3CC[C@@]21C,1,5,12,298.43,3.49,37.3,1,2,0,0
CCCC(=O)O[C@]1(C(=O)CO)CC[C@H]2[C@@H]3CCC4=CC(=O)CC[C@]4(C)[C@H]3[C@@H](O)C[C@@]21C,0,0,2,432.56,3.13,100.9,2,6,5,0
C[C@]12CCC(=O)C=C1CC[C@@H]1[C@@H]2[C@@H](O)C[C@@]2(C)[C@H]1CC[C@]2(O)C(=O)CO,1,3,11,362.47,1.78,94.83,3,5,2,0
C[C@]12CCC(=O)C=C1CC[C@@H]1[C@@H]2[C@@H](O)C[C@@]2(C)[C@H]1CC[C@]2(O)C(=O)COC(=O)CCC(=O)[O-],0,0,2,461.53,0.86,141.03,2,8,6,0
C#C[C@]1(O)CC[C@H]2[C@@H]3CCC4=CC(=O)CC[C@@H]4[C@H]3CC[C@@]21CC,1,4,11,312.45,3.88,37.3,1,2,1,0
CC(=O)O[C@]1(C(C)=O)CC[C@H]2[C@@H]3CCC4=CC(=O)CC[C@]4(C)[C@@]3(F)[C@@H](O)C[C@@]21C,1,2,6,406.49,3.47,80.67,1,5,2,0
CC(=O)[C@@]1(O)CC[C@H]2[C@@H]3CCC4=CC(=O)CC[C@]4(C)[C@H]3CC[C@@]21C,1,4,11,330.47,3.84,54.37,1,3,1,0
CC[C@H]1C[C@H]2[C@@H]3CCC4=CC(=O)CC[C@@H]4[C@H]3CC[C@]2(C)[C@H]1O,1,3,11,302.46,4.13,37.3,1,2,1,0
CC(=O)OCC(=O)[C@H]1CC[C@H]2[C@@H]3CCC4=CC(=O)CC[C@]4(C)[C@H]3CC[C@]12C,1,3,12,372.51,4.27,60.44,0,4,3,0
CCN(CC)CC(=O)OCC(=O)[C@@]1(O)CC[C@H]2[C@@H]3CCC4=CC(=O)CC[C@]4(C)[C@H]3[C@@H](O)C[C@@]21C,0,0,2,475.63,2.67,104.14,2,7,7,0
CCCC(=O)O[C@]1(C(=O)CC)CC[C@H]2[C@@H]3CCC4=CC(=O)CC[C@]4(C)[C@H]3[C@@H](O)C[C@@]21C,0,0,2,430.59,4.55,80.67,1,5,5,0
C[C@]12CC[C@H]3[C@@H](CCC4=CC(=O)CC[C@@]43C)[C@@H]1CC[C@H]2O,1,4,9,288.43,3.88,37.3,1,2,0,0
CCCC(=O)O[C@]1(C(=O)COC(=O)CC)CC[C@H]2[C@@H]3CCC4=CC(=O)CC[C@]4(C)[C@H]3[C@@H](O)C[C@@]21C,1,2,10,488.62,4.09,106.97,1,7,7,0
C[C@]12CC[C@H]3[C@@H](CCC4=C(Cl)C(=O)CC[C@@]43C)[C@@H]1CC[C@@H]2O,1,4,7,322.88,4.45,37.3,1,2,0,0
CCCCCCCCCC(=O)O[C@H]1CC[C@H]2[C@@H]3CCC4=CC(=O)CC[C@]4(C)[C@H]3CC[C@]12C,1,4,9,442.68,7.57,43.37,0,3,9,0
C#CC1(O)CC[C@H]2[C@@H]3CCC4=CC(=O)CC[C@@H]4[C@H]3CC[C@@]21CC,1,6,10,312.45,3.88,37.3,1,2,1,0
C[C@]12C[C@H](O)[C@H]3[C@@H](CCC4=CC(=O)CC[C@@]43C)[C@@H]1CC[C@@H]2C(=O)CO,1,3,11,346.47,2.67,74.6,2,4,2,0
CCC(=O)O[C@H]1CC[C@H]2[C@@H]3CCC4=CC(=O)CC[C@]4(C)[C@H]3CC[C@]12C,1,4,10,344.5,4.84,43.37,0,3,2,0
C[C@]1(O)CC[C@H]2[C@@H]3CCC4=CC(=O)CC[C@]4(C)[C@@]3(F)[C@@H](O)C[C@@]21C,1,3,9,336.45,3.33,57.53,2,3,0,0
CCCCC(=O)O[C@]1(C(=O)CO)CC[C@H]2[C@@H]3CCC4=CC(=O)CC[C@]4(C)[C@H]3[C@@H](O)C[C@@]21C,1,2,10,446.58,3.52,100.9,2,6,6,0
C[C@]12CC[C@H]3[C@@H](CCC4=CC(=O)CC[C@@]43C)[C@@H]1CC[C@@H]2C(=O)O,0,0,2,316.44,4.22,54.37,1,2,1,0
CC(=O)[C@H]1CC[C@H]2[C@@H]3CCC4=CC(=O)CC[C@]4(C)[C@H]3CC[C@]12C,1,3,9,314.47,4.72,34.14,0,2,1,0
C[C@]12CC[C@H]3[C@@H](CCC4=CC(=O)CC[C@@]43C)[C@@H]1CC[C@@H]2O,1,5,12,288.43,3.88,37.3,1,2,0,0
CCC(=O)OCC(=O)[C@@]1(OC(=O)CC)[C@H](C)C[C@H]2[C@H]3[C@H]([C@@H](O)C[C@@]21C)[C@@]1(C)C=CC(=O)C=C1C[C@H]3Cl,1,2,7,521.05,3.94,106.97,1,7,6,0
CCCCC(=O)O[C@]1(C(=O)CO)[C@H](C)C[C@H]2[C@@H]3CCC4=CC(=O)C=C[C@]4(C)[C@@]3(F)[C@@H](O)C[C@@]21C,1,3,10,476.59,3.64,100.9,2,6,6,0
CC(=O)OCC(=O)[C@@]1(O)[C@H](C)C[C@H]2[C@@H]3CCC4=CC(=O)C=C[C@]4(C)[C@@]3(F)[C@@H](O)C[C@@]21C,1,2,11,434.5,2.47,100.9,2,6,3,0
CC(=O)OCC(=O)[C@@]1(O)CC[C@H]2[C@@H]3CCC4=CC(=O)C=C[C@]4(C)[C@H]3[C@@H](O)C[C@@]21C,1,3,10,402.49,2.13,100.9,2,6,3,0
CC(C)(C)CC(=O)OCC(=O)[C@@]1(O)CC[C@H]2[C@@H]3CCC4=CC(=O)C=C[C@]4(C)[C@H]3[C@@H](O)C[C@@]21C,0,0,2,458.6,3.54,100.9,2,6,4,0
C[C@H]1C[C@H]2[C@@H]3CCC4=CC(=O)C=C[C@]4(C)[C@@]3(Cl)[C@@H](O)C[C@]2(C)[C@@]1(O)C(=O)CO,1,2,11,408.92,2.17,94.83,3,5,2,0
CCCC(=O)O[C@]1(C(=O)COC(C)=O)CC[C@H]2[C@@H]3C[C@H](F)C4=CC(=O)C=C[C@]4(C)[C@@]3(F)[C@@H](O)C[C@@]21C,1,2,8,508.56,3.52,106.97,1,7,6,0
C[C@@H]1C[C@H]2[C@@H]3CCC4=CC(=O)C=C[C@]4(C)[C@@]3(F)[C@@H](O)C[C@]2(C)[C@@]1(O)C(=O)COP(=O)([O-])[O-],1,3,11,470.43,0.75,147.02,2,8,4,0
C[C@H]1C[C@H]2[C@@H]3CCC4=CC(=O)C=C[C@]4(C)[C@@]3(F)[C@@H](O)C[C@]2(C)[C@@]1(O)C(=O)COP(=O)([O-])[O-],1,2,10,470.43,0.75,147.02,2,8,4,0
CCC(=O)OCC(=O)[C@@]1(OC(=O)CC)[C@@H](C)C[C@H]2[C@@H]3CCC4=CC(=O)C=C[C@]4(C)[C@@]3(Cl)[C@@H](O)C[C@@]21C,1,3,6,521.05,4.09,106.97,1,7,6,0
C[C@@H]1C[C@H]2[C@@H]3CCC4=CC(=O)C=C[C@]4(C)[C@@]3(F)[C@@H](O)C[C@]2(C)[C@@]1(O)C(=O)CO,1,2,10,392.47,1.9,94.83,3,5,2,0
C[C@@H]1C[C@H]2[C@@H]3CCC4=CC(=O)C=C[C@]4(C)[C@@]3(F)[C@@H](O)C[C@]2(C)[C@H]1C(=O)CO,1,2,9,376.47,2.78,74.6,2,4,2,0
C[C@@H]1C[C@H]2[C@@H]3C[C@H](F)C4=CC(=O)C=C[C@]4(C)[C@@]3(Cl)[C@@H](O)C[C@]2(C)[C@H]1C(=O)COC(=O)C(C)(C)C,1,2,9,495.03,4.6,80.67,1,5,3,0
CC(=O)OCC(=O)[C@@]1(O)[C@H](OC(C)=O)C[C@H]2[C@@H]3CCC4=CC(=O)C=C[C@]4(C)[C@@]3(F)[C@@H](O)C[C@@]21C,1,1,10,478.51,1.76,127.2,2,8,4,0
CCCCC(=O)OCC(=O)[C@H]1[C@H](C)C[C@H]2[C@@H]3C[C@H](F)C4=CC(=O)C=C[C@]4(C)[C@@]3(F)[C@@H](O)C[C@@]21C,1,2,10,478.58,4.47,80.67,1,5,6,0
CCC(=O)O[C@]1(C(=O)COC)[C@@H](C)C[C@H]2[C@@H]3CCC4=CC(=O)C=C[C@]4(C)C3(F)[C@@H](O)C[C@@]21C,0,0,2,462.56,3.51,89.9,1,6,5,0
C[C@H]1C[C@H]2[C@@H]3CCC4=CC(=O)C=C[C@]4(C)[C@@]3(F)[C@@H](O)C[C@]2(C)[C@@]1(O)C(=O)CO,1,3,11,392.47,1.9,94.83,3,5,2,0
CCOC(=O)O[C@]1(C(=O)COC(=O)CC)CC[C@H]2[C@@H]3CCC4=CC(=O)C=C[C@]4(C)[C@H]3[C@@H](O)C[C@@]21C,1,2,6,488.58,3.7,116.2,1,8,6,0
CCC(=O)O[C@]1(C(=O)CCl)[C@@H](C)C[C@H]2[C@@H]3C[C@H](F)C4=CC(=O)C=C[C@]4(C)[C@@]3(F)[C@@H](O)C[C@@]21C,1,3,6,484.97,4.05,80.67,1,5,4,0
C[C@]12C=CC(=O)C=C1[C@@H](F)C[C@@H]1[C@@H]2[C@@H](O)C[C@@]2(C)[C@H]1CC[C@]2(O)C(=O)CO,1,2,10,378.44,1.51,94.83,3,5,2,0
C[C@@H]1C[C@H]2C3C[C@H](F)C4=CC(=O)C=CC4(C)[C@@]3(F)[C@@H](O)CC2(C)[C@@]1(O)C(=O)COC(=O)C(C)(C)C,1,3,8,494.58,3.44,100.9,2,6,3,0
C[C@]12C=CC(=O)C=C1CC[C@@H]1[C@@H]2[C@@H](O)C[C@@]2(C)[C@H]1CC[C@]2(O)C(=O)COC(=O)CCC(=O)O,1,2,6,460.52,1.97,138.2,3,7,6,0
C[C@]12C=CC(=O)C=C1CC[C@H]1[C@@H]3C[C@@H](O)[C@](O)(C(=O)CO)[C@@]3(C)C[C@H](O)[C@@]12F,1,3,11,394.44,0.62,115.06,4,6,2,0
C[C@H]1C[C@@H]2[C@H]([C@@H](O)C[C@@]3(C)[C@H]2CC[C@]3(O)C(=O)CO)[C@@]2(C)C=CC(=O)C=C12,1,2,11,374.48,1.8,94.83,3,5,2,0
CC(=O)OCC(=O)[C@@]1(O)CC[C@H]2[C@@H]3C[C@H](C)C4=CC(=O)C=C[C@]4(C)[C@H]3[C@@H](O)C[C@@]21C,1,3,9,416.51,2.37,100.9,2,6,3,0
C[C@H]1C[C@@H]2[C@H]([C@@H](O)C[C@@]3(C)[C@H]2CC[C@]3(O)C(=O)COC(=O)CCC(=O)[O-])[C@@]2(C)C=CC(=O)C=C12,1,2,8,473.54,0.88,141.03,2,8,6,0
CC(=O)OCC(=O)[C@@]1(O)CC[C@H]2[C@@H]3CCC4=CC(=O)C=C[C@]4(C)[C@@]3(F)[C@@H](O)C[C@@]21C,1,2,10,420.48,2.22,100.9,2,6,3,0
C[C@@H]1C[C@H]2[C@@H]3C[C@H](F)C4=CC(=O)C=C[C@]4(C)[C@@]3(F)[C@@H](O)C[C@]2(C)[C@@]1(O)C(=O)CO,1,2,10,410.46,1.84,94.83,3,5,2,0
CC(=O)[C@@]1(O)CC[C@H]2[C@@H]3C[C@H](C)C4=CC(=O)C=C[C@]4(C)[C@@]3(F)[C@@H](O)C[C@@]21C,1,2,10,376.47,2.92,74.6,2,4,1,0
CC(=O)OCC(=O)[C@@]1(OC(C)=O)[C@@H](C)C[C@H]2[C@@H]3C[C@H](F)C4=CC(=O)C=C[C@]4(C)[C@@]3(F)[C@@H](O)C[C@@]21C,1,3,9,494.53,2.99,106.97,1,7,4,0
C[C@@H]1C[C@H]2[C@@H]3C[C@H](F)C4=CC(=O)C(Cl)=C[C@]4(C)[C@@]3(F)[C@@H](O)C[C@]2(C)[C@@]1(O)C(=O)CO,1,2,10,444.9,2.41,94.83,3,5,2,0
COC(=O)[C@@]1(C)[C@H](C)C[C@H]2[C@@H]3CCC4=CC(=O)C=C[C@]4(C)[C@H]3[C@@H](O)C[C@@]21C,1,2,7,372.51,3.69,63.6,1,4,1,0
C[C@]12C=CC(=O)C=C1CC[C@@H]1[C@@H]2CC[C@@]2(C)[C@H]1CC[C@]2(C)O,1,5,10,300.44,4.05,37.3,1,2,0,0
CC(C)=CCC/C(C)=C/CC/C(C)=C/C(=O)OCC(=O)[C@@]1(O)CC[C@H]2[C@@H]3CCC4=CC(=O)C=C[C@]4(C)[C@H]3[C@@H](O)C[C@@]21C,0,0,1,578.79,6.53,100.9,2,6,10,0
CCOC(=O)O[C@]1(C(=O)OCCl)CC[C@H]2[C@@H]3CCC4=CC(=O)C=C[C@]4(C)[C@H]3[C@@H](O)C[C@@]21C,1,1,2,466.96,3.92,99.13,1,7,4,0
CCC(=O)O[C@]1(C(=O)CCl)[C@@H](C)C[C@H]2[C@@H]3CCC4=CC(=O)C=C[C@]4(C)[C@@]3(F)[C@@H](O)C[C@@]21C,1,4,10,466.98,4.1,80.67,1,5,4,0
CCCCC(=O)O[C@]1(C(=O)CO)[C@@H](C)C[C@H]2[C@@H]3CCC4=CC(=O)C=C[C@]4(C)[C@@]3(F)[C@@H](O)C[C@@]21C,1,3,7,476.59,3.64,100.9,2,6,6,0
CCCC(=O)O[C@]1(C(=O)COC(=O)CC)[C@@H](C)C[C@H]2[C@@H]3CCC4=CC(=O)C=C[C@]4(C)[C@@]3(F)[C@@H](O)C[C@@]21C,1,3,7,518.62,4.21,106.97,1,7,7,0
CC(=O)OCC(=O)[C@@]1(O)[C@H](C)C[C@H]2[C@@H]3C[C@H](F)C4=CC(=O)C=C[C@]4(C)[C@H]3[C@@H](O)C[C@@]21C,1,2,8,434.5,2.32,100.9,2,6,3,0
C[C@]12C=CC(=O)C=C1CC[C@@H]1[C@@H]2[C@@H](O)C[C@@]2(C)[C@H]1CC[C@]2(O)C(=O)CO,1,2,11,360.45,1.56,94.83,3,5,2,0
CCC(=O)O[C@]1(C(=O)SCF)[C@H](C)C[C@H]2C3C[C@H](F)C4=CC(=O)C=C[C@]4(C)[C@@]3(F)[C@@H](O)C[C@@]21C,1,2,10,500.58,4.43,80.67,1,6,4,0
c1ccc(-c2ccccc2)cc1,0,0,12,154.21,3.35,0.0,0,0,1,2
O=C(O)CCC(=O)c1ccc(-c2ccccc2)cc1,0,0,8,254.29,3.4,54.37,1,2,5,2
Nc1ccc(-c2ccc(N)cc2)cc1,1,5,12,184.24,2.52,52.04,2,2,1,2
Nc1ccccc1-c1ccccc1,0,0,10,169.23,2.94,26.02,1,1,1,2
Clc1cccc(-c2cc(Cl)cc(Cl)c2)c1,0,0,10,257.55,5.31,0.0,0,0,1,2
Cc1cc(-c2ccc(N)c(C)c2)ccc1N,1,4,12,212.3,3.13,52.04,2,2,1,2
Cc1ccc(-c2ccccc2)cc1,0,0,12,168.24,3.66,0.0,0,0,1,2
Nc1ccc(-c2ccccc2)cc1,1,3,11,169.23,2.94,26.02,1,1,1,2
C#Cc1ccc(-c2ccccc2F)cc1,0,0,2,196.22,3.47,0.0,0,0,1,2
CCCCCCc1ccc(-c2ccc(C#N)cc2)cc1,1,1,12,263.38,5.35,23.79,0,1,6,2
O=[N+]([O-])c1ccccc1-c1ccccc1,0,0,11,199.21,3.26,43.14,0,2,2,2
Oc1ccc(-c2ccccc2)cc1,1,4,10,170.21,3.06,20.23,1,1,1,2
Oc1ccccc1-c1ccccc1,1,1,12,170.21,3.06,20.23,1,1,1,2
Clc1cc(Cl)c(-c2cc(Cl)c(Cl)cc2Cl)cc1Cl,0,0,11,360.88,7.27,0.0,0,0,1,2
Brc1cc(-c2ccc(Br)c(Br)c2Br)cc(Br)c1Br,1,1,11,627.59,7.93,0.0,0,0,1,2
COc1ccc(-c2ccccc2)cc1NNC(=O)OC(C)C,1,2,8,300.36,3.82,59.59,2,4,5,2
COc1cc(-c2ccc(N)c(OC)c2)ccc1N,1,3,12,244.29,2.54,70.5,2,4,3,2
Brc1ccc(-c2ccccc2)cc1,0,0,12,233.11,4.12,0.0,0,0,1,2
Fc1ccccc1-c1ccccc1,0,0,12,172.2,3.49,0.0,0,0,1,2
Cc1cc(-c2cc(C)c(N)c(C)c2)cc(C)c1N,1,1,11,240.35,3.75,52.04,2,2,1,2
COc1cc(-c2ccc(N=C=O)c(OC)c2)ccc1N=C=O,1,1,12,296.28,3.31,77.32,0,6,5,2
Clc1ccccc1-c1ccccc1Cl,1,3,10,223.1,4.66,0.0,0,0,1,2
Nc1cc(Cl)c(-c2cc(Cl)c(N)cc2Cl)cc1Cl,1,7,9,322.02,5.13,52.04,2,2,1,2
Nc1ccc(-c2ccc(N)c(N)c2)cc1N,1,4,11,214.27,1.68,104.08,4,4,1,2
Oc1ccc(-c2ccc(O)cc2)cc1,1,6,10,186.21,2.76,40.46,2,2,1,2
CC(C(=O)O)c1ccc(-c2ccccc2)c(F)c1,1,1,11,244.26,3.68,37.3,1,1,3,2
CCOC(=O)Cc1ccc(-c2ccccc2)cc1,1,1,9,240.3,3.46,26.3,0,2,4,2
Cc1cc(OI)c(C(C)C)cc1-c1cc(C(C)C)c(OI)cc1C,0,0,11,550.22,7.67,18.46,0,2,5,2
O=C(O)c1cc(-c2ccc(F)cc2F)ccc1O,0,0,8,250.2,3.04,57.53,2,2,2,2
Nc1ccc(-c2ccc(N)c(Cl)c2)cc1Cl,1,8,10,253.13,3.82,52.04,2,2,1,2
Nc1ccc(-c2ccc(F)cc2)cc1,1,2,8,187.22,3.07,26.02,1,1,1,2
Brc1cccc(-c2ccccc2)c1,0,0,8,233.11,4.12,0.0,0,0,1,2
Brc1ccccc1-c1ccccc1,0,0,12,233.11,4.12,0.0,0,0,1,2
O=C(O)Cc1ccc(-c2ccccc2)cc1,1,1,12,212.25,2.98,37.3,1,1,3,2
Cc1ccc(-c2ccccc2C#N)cc1,0,0,2,193.25,3.53,23.79,0,1,1,2
CC(C)(C)c1ccc(-c2ccc(C(C)(C)C)cc2)cc1,0,0,11,266.43,5.95,0.0,0,0,1,2
O=C(O)c1ccccc1-c1ccc(C(F)(F)F)cc1,1,1,11,266.22,4.07,37.3,1,1,2,2
[O-]c1ccccc1-c1ccccc1,1,3,12,169.2,2.43,23.06,0,1,1,2
Oc1ccc(-c2ccccc2)c(Cl)c1,1,4,9,204.66,3.71,20.23,1,1,1,2
CC(=O)OC(C)OC(=O)C(C)c1ccc(-c2ccccc2)c(F)c1,0,0,12,330.36,4.05,52.6,0,4,5,2
CC1=CC(O)CC(C)(C)C1,0,0,12,140.23,2.11,20.23,1,1,0,0
C=C(C)[C@@H]1CC=C(C)CC1,0,0,11,136.24,3.31,0.0,0,0,1,0
CC1=C(CC=O)C(C)(C)CCC1,0,0,12,166.26,3.1,17.07,0,1,2,0
CC(=O)/C=C/C1=C(C)CCCC1(C)C,0,0,12,192.3,3.66,17.07,0,1,2,0
CCC(=O)/C=C/C1C(C)=CCCC1(C)C,0,0,12,206.33,3.9,17.07,0,1,3,0
CC1=C(C=O)C(C)(C)CCC1,0,0,12,152.24,2.71,17.07,0,1,1,0
CC(C)(O)CCCC1=CCC(C=O)CC1,1,1,10,210.32,2.85,37.3,1,2,5,0
CC(=O)C=CC1=C(C)CCCC1(C)C,0,0,12,192.3,3.66,17.07,0,1,2,0
CCC(=O)OC(C)(C)C1CC=C(C)CC1,0,0,11,210.32,3.46,26.3,0,2,3,0
CC(=O)/C=C/C1C(C)=CCCC1(C)C,0,0,11,192.3,3.51,17.07,0,1,2,0
CCC(=O)C1CC(C(C)C)CC=C1C,0,0,12,194.32,3.59,17.07,0,1,3,0
OCC1CC=CCC1,0,0,10,112.17,1.33,20.23,1,1,1,0
CC(=O)OC(C)(C)C1CC=C(C)CC1,1,1,12,196.29,3.07,26.3,0,2,2,0
CC1=C(/C=C/C(C)=C\C=C/C(C)=C/C(=O)O)C(C)(C)CCC1,1,1,8,300.44,5.6,37.3,1,1,5,0
CCOC(=O)C1=C[C@@H](OC(CC)CC)[C@H](NC(C)=O)[C@@H](N)C1,0,0,10,312.41,1.29,90.65,2,5,7,0
CC(=O)/C(C)=C/C1C(C)=CCCC1(C)C,0,0,11,206.33,3.9,17.07,0,1,2,0
CC(C)=CCC[C@](C)(O)[C@@H]1CC=C(C)CC1,0,0,10,222.37,4.23,20.23,1,1,4,0
CC1=C(/C=C/C(C)=C/C=C/C(C)=C/C=O)C(C)(C)CCC1,1,1,3,284.44,5.72,17.07,0,1,5,0
CC1=C(/C=C/C(C)=C/C=C/C(C)=C\C=O)C(C)(C)CCC1,1,3,8,284.44,5.72,17.07,0,1,5,0
CC(=O)/C=C/C1C(C)=CCC(C)C1(C)C,0,0,12,206.33,3.76,17.07,0,1,2,0
C=C(C)[C@@H]1CC=C(C=O)CC1,0,0,11,150.22,2.49,17.07,0,1,2,0
CC1=CC(C)C(C=O)CC1,0,0,11,138.21,2.18,17.07,0,1,1,0
C=C(C)C1CC=C(C)C(OC(C)=O)C1,0,0,12,194.27,2.85,26.3,0,2,2,0
C=C(C)C1CC=C(C)C(O)C1,0,0,12,152.24,2.28,20.23,1,1,1,0
CC1=C(/C=C/C(C)=C/C=C/C(C)=C/CO)C(C)(C)CCC1,1,4,12,286.46,5.51,20.23,1,1,5,0
C=C(C)[C@H]1CC=C(C)CC1,0,0,12,136.24,3.31,0.0,0,0,1,0
O=CC1CC=CCC1,0,0,12,110.16,1.54,17.07,0,1,1,0
CC1=C(/C=C/C(C)=C/C=C\C(C)=C\C(=O)O)C(C)(C)CCC1,1,5,8,300.44,5.6,37.3,1,1,5,0
CCCCCCCCCCCCCCCC(=O)OC/C=C(C)/C=C/C=C(C)/C=C/C1=C(C)CCCC1(C)C,1,1,12,524.87,11.54,26.3,0,2,20,0
CC(=O)OC/C=C(C)/C=C/C=C(C)/C=C/C1=C(C)CCCC1(C)C,1,3,12,328.5,6.08,26.3,0,2,6,0
CC1=CCC(O)(C(C)C)CC1,0,0,11,154.25,2.5,20.23,1,1,1,0
C=CC1CC=CCC1,0,0,11,108.18,2.53,0.0,0,0,1,0
C=CCCC(=O)/C=C/C1C(C)=CCCC1(C)C,1,1,11,232.37,4.46,17.07,0,1,5,0
C=C(C)C1CC=C(C)CC1,1,1,12,136.24,3.31,0.0,0,0,1,0
CC1=CCC(C(C)(C)O)CC1,0,0,12,154.25,2.5,20.23,1,1,1,0
CC1=CC(C)C(C=O)C(C)C1,0,0,12,152.24,2.42,17.07,0,1,1,0
CC(C)=CCC[C@@](C)(O)[C@H]1CC=C(C)CC1,0,0,2,222.37,4.23,20.23,1,1,4,0
CC(=O)CCC1=C(C)CCCC1(C)C,0,0,11,194.32,3.88,17.07,0,1,3,0
O=C(c1ccccc1)c1cc(Cl)ccc1O,1,2,8,232.67,3.28,37.3,1,2,2,2
CN(C)c1ccc(C(=O)c2ccc(N(C)C)cc2)cc1,1,5,9,268.36,3.05,23.55,0,3,4,2
Nc1c(CC(=O)[O-])cccc1C(=O)c1ccccc1,1,2,9,254.26,0.79,83.22,1,4,4,2
Cc1ccc(C(=O)c2ccccc2)cc1,1,1,10,196.25,3.23,17.07,0,1,2,2
COc1ccc(C(=O)c2ccc(C)cc2)c(O)c1,1,2,11,242.27,2.94,46.53,1,3,3,2
O=C(c1ccc(O)cc1)c1ccc(O)cc1O,1,5,11,230.22,2.03,77.76,3,4,2,2
Nc1ccc(Cl)cc1C(=O)c1ccccc1F,1,1,2,249.67,3.29,43.09,1,2,2,2
O=C(c1ccc(O)c(O)c1)c1ccc(O)cc1O,1,6,10,246.22,1.74,97.99,4,5,2,2
COc1ccc(C(=O)c2ccc(OC)cc2O)c(O)c1,1,4,9,274.27,2.35,75.99,2,5,4,2
O=C(c1ccc(Cl)cc1)c1ccc(Cl)cc1,0,0,12,251.11,4.22,17.07,0,1,2,2
O=C(c1ccc(O)cc1)c1ccc(Cl)cc1,1,3,8,232.67,3.28,37.3,1,2,2,2
O=C(c1ccc(O)cc1)c1ccc(O)c(O)c1O,1,4,10,246.22,1.74,97.99,4,5,2,2
COc1cc(O)c(C(=O)c2ccccc2)cc1S(=O)(=O)O,1,1,12,308.31,1.88,100.9,2,5,4,2
O=C(c1ccccc1)c1ccc(O)c(O)c1O,1,3,10,230.22,2.03,77.76,3,4,2,2
O=C(CBr)Nc1ccc(Cl)cc1C(=O)c1ccccc1F,0,0,1,370.61,4.04,46.17,1,2,4,2
O=C(c1ccccc1)c1ccccc1,1,2,12,182.22,2.92,17.07,0,1,2,2
CCN(CC)c1ccc(C(=O)c2ccccc2C(=O)O)c(O)c1,1,2,10,313.35,3.17,77.84,2,4,6,2
COc1ccc(C(=O)c2ccccc2O)c(O)c1,1,2,12,244.25,2.34,66.76,2,4,3,2
O=C(c1ccccc1O)c1ccccc1O,1,3,12,214.22,2.33,57.53,2,3,2,2
COc1ccc(C(=O)c2ccccc2)c(O)c1,1,3,12,228.25,2.63,46.53,1,3,3,2
O=C(c1ccccc1)c1ccc(O)cc1O,1,3,11,214.22,2.33,57.53,2,3,2,2
O=C(c1ccc(O)cc1)c1ccc(O)cc1,1,3,10,214.22,2.33,57.53,2,3,2,2
COc1ccc(C(=O)c2cccc(O)c2)c(OC)c1,1,4,11,258.27,2.64,55.76,1,4,4,2
CC(C)OC(=O)C(C)(C)Oc1ccc(C(=O)c2ccc(Cl)cc2)cc1,0,0,11,360.84,4.68,52.6,0,4,6,2
CC(C(=O)O)c1cccc(C(=O)c2ccccc2)c1,0,0,12,254.28,3.11,54.37,1,2,4,2
O=C(c1ccccc1)c1ccc(O)cc1,1,2,7,198.22,2.62,37.3,1,2,2,2
CCCCN(CCCC)c1ccc(C(=O)c2ccccc2C(=O)O)c(O)c1,1,2,8,369.46,4.73,77.84,2,4,10,2
NC(=O)Cc1cccc(C(=O)c2ccccc2)c1N,0,0,11,254.29,1.53,86.18,2,3,4,2
Cc1ccc(C(=O)c2cc(O)c(O)c([N+](=O)[O-])c2)cc1,1,1,8,273.24,2.55,100.67,2,5,3,2
O=C(c1cc(O)c(O)c(O)c1)c1ccc(O)c(O)c1O,1,3,10,278.22,1.15,138.45,6,7,2,2
CCCCCCCCOc1ccc(C(=O)c2ccccc2)c(O)c1,1,1,12,326.44,5.36,46.53,1,3,10,2
O=C(c1ccc(O)cc1O)c1ccc(O)cc1O,1,6,12,246.22,1.74,97.99,4,5,2,2
Cc1ccc(O)c(C(=O)c2ccccc2)c1,0,0,9,212.25,2.93,37.3,1,2,2,2
O=C(c1ccccc1)c1cccc(O)c1,1,3,8,198.22,2.62,37.3,1,2,2,2
O=C(c1ccccc1)c1ccccc1O,1,1,12,198.22,2.62,37.3,1,2,2,2
CCOc1ccc(S(=O)(=O)O)c2cccnc12,1,2,9,253.28,1.88,76.49,1,4,3,2
Cc1ccc2c(Br)cc(Br)c(O)c2n1,1,4,8,316.98,3.77,33.12,1,2,0,2
Oc1c(Cl)cc(Cl)c2cccnc12,1,5,7,214.05,3.25,33.12,1,2,0,2
CCCCOc1cc(C(=O)NCCN(CC)CC)c2ccccc2n1,0,0,11,343.47,3.49,54.46,1,4,10,2
Cc1ccc2c(Cl)cc(Cl)c(O)c2n1,1,4,8,228.08,3.56,33.12,1,2,0,2
Oc1c(Br)cc(Br)c2cccnc12,1,4,11,302.95,3.47,33.12,1,2,0,2
O=C(O)CC(O)(CC(=O)O)C(=O)O.Oc1cccc2cccnc12,1,1,7,337.28,0.69,165.25,5,6,5,2
O=S(=O)(O)c1ccc(O)c2ncccc12,1,1,12,225.22,1.19,87.49,2,4,1,2
Cc1ccc2ccc(Cl)cc2n1,0,0,2,177.63,3.2,12.89,0,1,0,2
O=S(=O)(O)c1cc(I)c(O)c2ncccc12,0,0,10,351.12,1.79,87.49,2,4,1,2
CC(C)c1ccc2ncccc2c1,0,0,10,171.24,3.36,12.89,0,1,1,2
O=[N+]([O-])c1ccc(O)c2ncccc12,1,3,8,190.16,1.85,76.26,1,4,1,2
CCN(CC)CCCC(C)Nc1ccnc2cc(Cl)ccc12,0,0,12,319.88,4.81,28.16,1,3,8,2
CCN(CCO)CCCC(C)Nc1ccnc2cc(Cl)ccc12,0,0,2,335.88,3.78,48.39,2,4,9,2
Oc1ccc(Cl)c2cccnc12,1,4,11,179.61,2.59,33.12,1,2,0,2
O=C(O)c1c(Cl)ccc2cc(Cl)cnc12,0,0,11,242.06,3.24,50.19,1,2,1,2
Cc1ccc2ccccc2n1,0,0,11,143.19,2.54,12.89,0,1,0,2
O=[N+]([O-])c1ccc2ncccc2c1,1,1,12,174.16,2.14,56.03,0,3,1,2
O=[N+]([O-])c1cccc2cccnc12,1,2,12,174.16,2.14,56.03,0,3,1,2
Cc1ccnc2ccccc12,0,0,10,143.19,2.54,12.89,0,1,0,2
Cc1cnc2c(C(=O)O)c(Cl)ccc2c1,0,0,11,221.64,2.89,50.19,1,2,1,2
COc1cc(NC(C)CCCN)c2ncccc2c1,0,0,9,259.35,2.78,60.17,2,4,6,2
Cc1ccc2cccnc2c1,0,0,12,143.19,2.54,12.89,0,1,0,2
Oc1c(I)cc(Cl)c2cccnc12,1,4,10,305.5,3.2,33.12,1,2,0,2
COc1cc(NCCCC(C)N)c2ncccc2c1,1,2,6,259.35,2.78,60.17,2,4,6,2
Oc1cccc2cccnc12,1,3,9,145.16,1.94,33.12,1,2,0,2
c1ccc2ncccc2c1,0,0,12,129.16,2.23,12.89,0,1,0,2
CCCCCC(C)OC(=O)COc1ccc(Cl)c2cccnc12,1,1,10,335.83,4.78,48.42,0,4,8,2
Cc1cccc2cccnc12,0,0,12,143.19,2.54,12.89,0,1,0,2
Cc1ccc2ncccc2c1,0,0,12,143.19,2.54,12.89,0,1,0,2
Cc1ccc(O)c2ncccc12,1,3,9,159.19,2.25,33.12,1,2,0,2
Oc1c(I)cc(I)c2cccnc12,1,2,12,396.95,3.15,33.12,1,2,0,2
CCCCCCCCCCOc1cc2c(O)c(C(=O)OCC)cnc2cc1OCC,0,0,12,417.55,6.04,77.88,1,6,14,2
O=C(O)c1cc2ccccc2nc1C(=O)O,0,0,10,217.18,1.63,87.49,2,3,2,2
CCOC(=O)c1cnc2cc(OCC(C)C)c(OCC(C)C)cc2c1O,0,0,9,361.44,4.19,77.88,1,6,8,2
O=NN(c1ccccc1)c1ccccc1,1,2,12,198.22,3.51,32.67,0,2,3,2
O=Nc1ccc(Nc2ccccc2)cc1,1,8,10,198.23,3.83,41.46,1,3,3,2
CNC(=O)N(c1ccccc1)c1ccccc1,0,0,12,226.28,3.16,32.34,1,1,2,2
Nc1ccc(Nc2ccccc2)cc1,1,1,10,184.24,3.01,38.05,2,2,2,2
Cc1ccc(Nc2c(F)cccc2Cl)c(CC(=O)O)c1,1,1,9,293.73,4.16,49.33,2,2,4,2
Nc1ccccc1Nc1ccccc1,1,3,7,184.24,3.01,38.05,2,2,2,2
O=[N+]([O-])c1ccc(Nc2ccccc2)cc1,1,1,9,214.22,3.34,55.17,1,3,3,2
Oc1ccc(Nc2ccccc2)cc1,1,3,8,185.23,3.14,32.26,2,2,2,2
O=[N+]([O-])c1ccccc1Nc1ccccc1,0,0,10,214.22,3.34,55.17,1,3,3,2
Cc1c(Cl)cccc1Nc1ccccc1C(=O)O,1,3,10,261.71,4.09,49.33,2,2,3,2
COc1ccc(Nc2ccc(OC)cc2)cc1,1,2,8,229.28,3.45,30.49,1,3,4,2
Cc1cc(Nc2ccccc2C(=O)O)ccc1Cl,1,2,6,261.71,4.09,49.33,2,2,3,2
Oc1cccc(Nc2ccccc2)c1,1,3,9,185.23,3.14,32.26,2,2,2,2
CC(C)CC(C)Nc1ccc(Nc2ccccc2)cc1,0,0,3,268.4,5.28,24.06,2,2,6,2
O=C(OCCOCCO)c1ccccc1Nc1cccc(C(F)(F)F)c1,0,0,12,369.34,3.61,67.79,2,5,8,2
Cc1cccc(Nc2ccccc2C(=O)O)c1C,0,0,9,241.29,3.75,49.33,2,2,3,2
CC(C)Nc1ccc(Nc2ccccc2)cc1,1,2,8,226.32,4.25,24.06,2,2,4,2
CC(C)(C)CC(C)(C)c1ccc(Nc2ccc(C(C)(C)CC(C)(C)C)cc2)cc1,0,0,12,393.66,8.86,12.03,1,1,6,2
O=C(O)c1ccccc1Nc1cccc(C(F)(F)F)c1,1,3,10,281.23,4.15,49.33,2,2,3,2
CC(C)CC(C)N(c1ccccc1)c1ccc(N)cc1,1,4,6,268.4,4.84,29.26,1,2,5,2
Cc1ccc(Cl)c(Nc2ccccc2C(=O)[O-])c1Cl,1,1,11,295.14,3.41,52.16,1,3,3,2
O=C([O-])c1ccccc1Nc1cc(Cl)ccc1C(=O)[O-],1,1,12,289.67,0.81,92.29,1,5,4,2
O=C(O)COC(=O)Cc1ccccc1Nc1c(Cl)cccc1Cl,1,1,11,354.19,3.91,75.63,2,4,6,2
COc1ccc(Nc2ccccc2)c(C)c1,1,2,12,213.28,3.75,21.26,1,2,3,2
c1ccc(Nc2ccccc2)cc1,1,1,11,169.23,3.43,12.03,1,1,2,2
CCCCCCC(C)Nc1ccc(Nc2ccccc2)cc1,1,1,5,296.46,6.2,24.06,2,2,9,2
O=C(NOC[C@H](O)CO)c1ccc(F)c(F)c1Nc1ccc(I)cc1F,0,0,7,482.2,2.47,90.82,4,5,7,2
Cc1cccc(Nc2ccccc2)c1,1,2,11,183.25,3.74,12.03,1,1,2,2
O=C([O-])Cc1ccccc1Nc1c(Cl)cccc1Cl,1,2,11,295.14,3.03,52.16,1,3,4,2
CN(C)C(=O)Oc1ccc[n+](C)c1,1,2,12,181.21,0.57,33.42,0,2,1,1
[O-][n+]1ccccc1[S-],1,5,8,126.16,0.23,26.94,0,2,0,1
CCCCCCCCCCCCCCCC[n+]1ccccc1,1,2,6,304.54,6.46,3.88,0,0,15,1
CCCCCCCCCCCCCC[n+]1ccccc1,1,2,5,276.49,5.68,3.88,0,0,13,1
CCCC[n+]1cccc(C)c1,1,1,12,150.24,2.08,3.88,0,0,3,1
CCCCCC[n+]1ccccc1,1,1,9,164.27,2.55,3.88,0,0,5,1
C[n+]1ccccc1/C=N/O,0,0,12,137.16,0.32,36.47,1,2,1,1
CCCC[n+]1ccc(C)cc1,1,5,12,150.24,2.08,3.88,0,0,3,1
CC[n+]1ccccc1,1,3,11,108.16,0.99,3.88,0,0,1,1
CCCC[n+]1ccccc1.F[B-](F)(F)F,1,1,12,223.02,3.07,3.88,0,0,3,1
CC[n+]1ccccc1.O=S(=O)([O-])C(F)(F)F,0,0,11,257.23,1.05,61.08,0,3,1,1
CCCC[n+]1ccccc1.O=S(=O)([O-])C(F)(F)F,0,0,12,285.29,1.83,61.08,0,3,3,1
CCCCCC[n+]1ccccc1.F[B-](F)(F)F,0,0,12,251.08,3.85,3.88,0,0,5,1
CCCCCC[n+]1ccccc1.O=S(=O)([O-])C(F)(F)F,1,1,11,313.34,2.61,61.08,0,3,5,1
CCCC[n+]1ccccc1,0,0,12,136.22,1.77,3.88,0,0,3,1
O=[N+]([O-])c1cc[n+]([O-])cc1,0,0,8,140.1,0.23,70.08,0,3,1,1
Cc1cccc[n+]1[O-],0,0,11,109.13,0.63,26.94,0,1,0,1
CCCC[n+]1ccccc1C,1,1,12,150.24,2.08,3.88,0,0,3,1
O=C(O)c1ccc[n+]([O-])c1,0,0,2,139.11,0.02,64.24,1,2,1,1
CCCC[n+]1cccc(C)c1.F[B-](F)(F)F,0,0,12,237.05,3.38,3.88,0,0,3,1
CCCCCCCCCCCCCC[n+]1ccc(C)cc1,1,1,4,290.51,5.98,3.88,0,0,13,1
CCCC[n+]1ccc(C)cc1.O=S(=O)([O-])C(F)(F)F,0,0,12,299.31,2.13,61.08,0,3,3,1
CCCC[n+]1cccc(C)c1.O=S(=O)([O-])C(F)(F)F,1,1,12,299.31,2.13,61.08,0,3,3,1
CCCC[n+]1ccc(C)cc1.F[B-](F)(F)F,0,0,11,237.05,3.38,3.88,0,0,3,1
CC[n+]1ccccc1.F[B-](F)(F)F,0,0,12,194.97,2.29,3.88,0,0,1,1
[O-][n+]1cccc(CO)c1,0,0,11,125.13,-0.19,47.17,1,2,1,1
[O-][n+]1ccc(Cl)cc1,0,0,11,129.55,0.97,26.94,0,1,0,1
Cc1c(C)n(CCN(C)C)c2ccc(C(=O)OCCN(C)C)cc12,0,0,1,331.46,2.54,37.71,0,4,7,2
CC(C)OC(=O)c1cc2c(OCC(O)CNC(C)(C)C)cccc2[nH]1,0,0,11,348.44,2.86,83.58,3,5,7,2
CCCN(CCC)CCc1c[nH]c2ccccc12,0,0,11,244.38,3.83,19.03,1,1,7,2
CN(C)CCc1c[nH]c2ccccc12,0,0,11,188.27,2.27,19.03,1,1,3,2
COc1ccc2[nH]cc(CCN(C(C)C)C(C)C)c2c1,0,0,10,274.41,3.84,28.26,1,2,6,2
CN(C)CCc1c[nH]c2cccc(OP(=O)(O)O)c12,0,0,12,284.25,1.74,85.79,3,3,5,2
N[C@H](Cc1c[nH]c2ccccc12)C(=O)O,0,0,11,204.23,1.12,79.11,3,2,3,2
CCC(N)Cc1c[nH]c2ccccc12,1,1,9,188.27,2.45,41.81,2,1,3,2
CCOC(=O)c1c(C)n(C)c2ccc(O)cc12,1,1,10,233.27,2.37,51.46,1,3,2,2
CC(C)NCC(O)COc1cccc2[nH]ccc12,0,0,11,248.33,1.91,57.28,3,3,6,2
CNC(=O)[C@H](Cc1c[nH]c2ccccc12)NC(=O)[C@@H](CC(=O)NO)CC(C)C,0,0,8,388.47,1.5,123.32,5,4,9,2
CCCCCNC(=N)N/N=C/c1c[nH]c2ccc(OC)cc12,0,0,1,301.39,2.81,85.29,4,3,7,2
COc1ccc2[nH]cc(CCNC(C)=O)c2c1,1,2,12,232.28,1.86,54.12,2,2,4,2
Oc1cccc2[nH]ccc12,0,0,1,133.15,1.87,36.02,2,1,0,2
Cc1c[nH]c2ccccc12,0,0,12,131.18,2.48,15.79,1,0,0,2
CCc1cccc2c(CCO)c[nH]c12,0,0,2,189.26,2.27,36.02,2,1,3,2
O=C(O)Cc1c[nH]c2ccccc12,1,1,12,175.19,1.79,53.09,2,1,2,2
c1ccc2[nH]ccc2c1,1,1,12,117.15,2.17,15.79,1,0,0,2
O=C(O)C(=O)Cc1c[nH]c2ccccc12,1,3,12,203.2,1.36,70.16,2,2,3,2
N[C@@H](Cc1c[nH]c2ccc(O)cc12)C(=O)O,1,1,11,220.23,0.83,99.34,4,3,3,2
CNS(=O)(=O)Cc1ccc2[nH]cc(CCN(C)C)c2c1,0,0,11,295.41,1.32,65.2,2,3,6,2
NC(Cc1c[nH]c2ccccc12)C(=O)O,1,1,11,204.23,1.12,79.11,3,2,3,2
N[C@@H](Cc1c[nH]c2ccccc12)C(=O)O,1,1,12,204.23,1.12,79.11,3,2,3,2
COC(=O)C(CN)c1c[nH]c2ccc(OC)cc12,1,1,10,248.28,1.39,77.34,2,4,4,2
O=C(O)CCCc1c[nH]c2ccccc12,0,0,11,203.24,2.58,53.09,2,1,4,2
OCc1c[nH]c2ccccc12,1,4,9,147.18,1.66,36.02,2,1,1,2
CCNc1nc(Cl)nc(NC(C)(C)C)n1,1,2,9,229.72,2.17,62.73,2,5,3,1
Oc1nc(O)nc(O)n1,0,0,12,129.07,-1.01,99.36,3,6,0,1
COCN(COC)c1nc(N(COC)COC)nc(N(COC)COC)n1,0,0,12,390.44,-0.09,103.77,0,12,15,1
C=CCOc1nc(OCC=C)nc(OCC=C)n1,1,1,12,249.27,1.57,66.36,0,6,9,1
CCNc1nc(NC(C)(C)C)nc(SC)n1,1,2,11,241.36,2.24,62.73,2,6,4,1
Cc1nc(N)nc(N)n1,0,0,10,125.14,-0.66,90.71,2,5,0,1
COc1nc(C)nc(N)n1,0,0,10,140.15,-0.23,73.92,1,5,1,1
CSc1nc(NC(C)C)nc(NC(C)C)n1,0,0,12,241.36,2.23,62.73,2,6,5,1
CSc1nc(N=[N+]=[N-])nc(NC(C)C)n1,1,1,12,225.28,2.36,99.46,1,6,4,1
CCNc1nc(NC(C)C)nc(SC)n1,0,0,11,227.34,1.85,62.73,2,6,5,1
Nc1nc(N)nc(Cl)n1,0,0,12,145.55,-0.31,90.71,2,5,0,1
COc1nc(NC(C)C)nc(NC(C)C)n1,0,0,12,225.3,1.52,71.96,2,6,5,1
CC(C)Nc1nc(Cl)nc(NC(C)C)n1,0,0,12,229.72,2.17,62.73,2,5,4,1
CCNc1nc(NC(C)CC)nc(OC)n1,1,2,12,225.3,1.52,71.96,2,6,6,1
CCNc1nc(NCC)nc(SC)n1,0,0,12,213.31,1.46,62.73,2,6,5,1
Nc1nc(N)nc(N)n1,0,0,12,126.12,-1.38,116.73,3,6,0,1
Clc1nc(Cl)nc(Cl)n1,0,0,11,184.41,1.83,38.67,0,3,0,1
CCNc1nc(Cl)nc(NCC)n1,0,0,12,201.66,1.39,62.73,2,5,4,1
CC(C)Nc1nc(N)nc(Cl)n1,0,0,12,187.63,0.93,76.72,2,5,2,1
CCNc1nc(N)nc(Cl)n1,0,0,12,173.61,0.54,76.72,2,5,2,1
CCNc1nc(NC(C)C)nc(OC)n1,0,0,10,211.27,1.13,71.96,2,6,5,1
CCNc1nc(NC(C)C(C)C)nc(SC)n1,1,1,11,255.39,2.48,62.73,2,6,6,1
CCNc1nc(Cl)nc(NC(C)C)n1,0,0,12,215.69,1.78,62.73,2,5,4,1
CN(C)c1nc(N(C)C)nc(N(C)C)n1,0,0,12,210.28,0.07,48.39,0,6,3,1
CCNc1nc(Cl)nc(NC(C)(C)C#N)n1,0,0,11,240.7,1.67,86.52,2,6,4,1
O=C([O-])c1nc(O)nc(O)n1,0,0,9,156.08,-2.35,119.26,2,7,1,1
CCCCCc1ccco1,1,1,7,138.21,3.01,13.14,0,1,4,1
CC(C)SCc1ccco1,0,0,12,156.25,2.92,13.14,0,2,3,1
CCCC(=O)C(CC)Sc1ccoc1C,0,0,11,226.34,3.83,30.21,0,3,6,1
O=Cc1ccco1,1,1,12,96.08,1.09,30.21,0,2,1,1
c1ccoc1,0,0,11,68.07,1.28,13.14,0,1,0,1
O=C(O)c1ccco1,0,0,12,112.08,0.98,50.44,1,2,1,1
Cc1occc1S,1,2,12,114.17,1.88,13.14,1,2,0,1
CSSc1ccoc1C,0,0,12,160.26,2.96,13.14,0,3,2,1
O=C(O)CNC(=O)c1ccc(CO)o1,0,0,10,199.16,-0.41,99.77,3,4,4,1
Cc1ccc(C)o1,0,0,11,96.13,1.9,13.14,0,1,0,1
CC(=O)OCc1ccco1,0,0,12,140.14,1.34,39.44,0,3,2,1
OCc1ccco1,0,0,12,98.1,0.77,33.37,1,2,1,1
CN/C(=C\[N+](=O)[O-])NCCSCc1ccc(CN(C)C)o1,0,0,12,314.41,1.46,83.58,2,7,10,1
CC(=O)c1cc(C)oc1C,0,0,11,138.17,2.1,30.21,0,2,1,1
CC(=O)SCc1ccco1,1,1,12,156.21,2.06,30.21,0,3,2,1
O=Cc1ccc(CO)o1,0,0,12,126.11,0.58,50.44,1,3,2,1
NC(=O)C(=O)NN=Cc1ccc([N+](=O)[O-])o1,1,1,1,226.15,-0.88,140.83,2,6,3,1
CC(=O)N/N=C/c1ccc([N+](=O)[O-])o1,1,1,1,197.15,0.66,97.74,1,5,3,1
Cc1ccco1,1,1,12,82.1,1.59,13.14,0,1,0,1
O=[N+]([O-])c1ccc(C=NO)o1,1,1,2,156.1,1.0,88.87,1,5,2,1
CC(=O)C=Cc1ccco1,0,0,12,136.15,1.88,30.21,0,2,2,1
Cc1ccc(C(=O)O)o1,0,0,12,126.11,1.29,50.44,1,2,1,1
NC(=O)N/N=C/c1ccc([N+](=O)[O-])o1,1,2,12,198.14,0.19,123.76,2,5,3,1
CC(=O)OC(OC(C)=O)c1ccc([N+](=O)[O-])o1,1,3,5,243.17,1.31,108.88,0,7,4,1
O=C/C=C/c1ccco1,0,0,12,122.12,1.49,30.21,0,2,2,1
O=C(O)c1ccc(CO)o1,0,0,12,142.11,0.47,70.67,2,3,2,1
O=C1c2c(O)ccc([N+](=O)[O-])c2C(=O)c2c([N+](=O)[O-])ccc(O)c21,1,2,3,330.21,1.69,160.88,2,8,2,2
O=C1c2cccc(O)c2C(=O)c2c(O)cc(CO)cc21,1,2,8,270.24,1.37,94.83,3,5,1,2
CCc1ccc2c(c1)C(=O)c1ccccc1C2=O,1,5,11,236.27,3.02,34.14,0,2,1,2
O=C1c2ccccc2C(=O)c2cc(O)ccc21,1,6,10,224.21,2.17,54.37,1,3,0,2
Nc1c(S(=O)(=O)[O-])cc(Br)c2c1C(=O)c1ccccc1C2=O,1,2,11,381.18,1.71,117.36,1,6,1,2
Cc1ccc2c(c1N)C(=O)c1ccccc1C2=O,1,7,11,237.26,2.35,60.16,1,3,0,2
Nc1c(Br)cc(Br)c2c1C(=O)c1ccccc1C2=O,1,2,11,381.02,3.57,60.16,1,3,0,2
O=C1c2cccc(O)c2C(=O)c2c(O)cccc21,1,3,12,240.21,1.87,74.6,2,4,0,2
Nc1ccc(N)c2c1C(=O)c1ccccc1C2=O,1,3,10,238.25,1.63,86.18,2,4,0,2
CC(C)Nc1ccc(NC(C)C)c2c1C(=O)c1ccccc1C2=O,1,1,9,322.41,4.1,58.2,2,4,4,2
O=C1c2ccccc2C(=O)c2cc(Cl)ccc21,1,1,11,242.66,3.12,34.14,0,2,0,2
O=C1c2ccccc2C(=O)c2c(O)c(O)cc(O)c21,1,3,9,256.21,1.58,94.83,3,5,0,2
O=C1c2ccccc2C(=O)c2ccccc21,1,1,11,208.22,2.46,34.14,0,2,0,2
CC(=O)Oc1cccc2c1C(=O)c1c(OC(C)=O)cc(C(=O)O)cc1C2=O,1,2,11,368.3,2.01,124.04,1,7,3,2
O=C1c2ccccc2C(=O)c2cc(S(=O)(=O)[O-])ccc21,0,0,11,287.27,1.37,91.34,0,5,1,2
Nc1c(S(=O)(=O)O)cc(Br)c2c1C(=O)c1ccccc1C2=O,1,2,11,382.19,2.05,114.53,2,5,1,2
O=C(O)c1cc(O)c2c(c1)C(=O)c1cccc(O)c1C2=O,1,3,9,284.22,1.57,111.9,3,5,1,2
Cc1ccc2c(c1[N+](=O)[O-])C(=O)c1ccccc1C2=O,1,4,8,267.24,2.68,77.28,0,4,1,2
Nc1ccc2c(c1)C(=O)c1ccccc1C2=O,1,5,11,223.23,2.04,60.16,1,3,0,2
Cc1cc(O)c2c(c1)C(=O)c1cc(O)cc(O)c1C2=O,1,6,10,270.24,1.89,94.83,3,5,0,2
O=C1c2c(O)ccc(O)c2C(=O)c2c(NCCNCCO)ccc(NCCNCCO)c21,1,2,6,444.49,-0.14,163.18,8,10,12,2
O=C1c2ccccc2C(=O)c2c(O)ccc(O)c21,1,3,11,240.21,1.87,74.6,2,4,0,2
Cc1ccc2c(c1)C(=O)c1ccccc1C2=O,1,6,11,222.24,2.77,34.14,0,2,0,2
O=C1c2ccccc2C(=O)c2c1ccc(O)c2O,1,3,11,240.21,1.87,74.6,2,4,0,2
Cc1cc(C(F)(C(F)(F)F)C(F)(F)F)ccc1NC(=O)c1cccc(I)c1C(=O)NC(C)(C)CS(C)(=O)=O,1,2,9,682.4,5.69,92.34,2,4,7,2
O=C(Nc1ccc([N+](=O)[O-])cc1Cl)c1cc(Cl)ccc1O,1,3,5,327.12,3.86,92.47,2,4,3,2
Nc1c(I)cc(I)c(C(=O)N(CCC(=O)O)c2ccccc2)c1I,0,0,2,662.0,4.2,83.63,2,3,5,2
O=C(Nc1ccccc1)c1ccccc1O,1,3,5,213.24,2.64,49.33,2,2,2,2
Nc1ccc(NC(=O)c2ccc(N)cc2)cc1,1,1,12,227.27,2.1,81.14,3,3,2,2
Cc1ccccc1C(=O)Nc1cccc(OC(C)C)c1,1,2,11,269.34,4.03,38.33,1,2,4,2
O=C(Nc1ccc(Br)cc1)c1cc(Br)cc(Br)c1O,1,4,9,449.92,4.93,49.33,2,2,2,2
CCCCCCCCOc1ccccc1C(=O)Nc1ccc(C(=O)OCC[N+](C)(CC)CC)cc1,0,0,7,483.67,6.32,64.63,1,4,16,2
CC(C)Oc1cccc(NC(=O)c2ccccc2C(F)(F)F)c1,1,1,10,323.31,4.74,38.33,1,2,4,2
O=C(Nc1ccccc1)c1cc([N+](=O)[O-])ccc1Cl,1,2,7,276.68,3.5,72.24,1,3,3,2
O=C(Nc1cccc(C(F)(F)F)c1)c1cc(Br)cc(Br)c1O,1,3,7,439.03,5.19,49.33,2,2,2,2
CNC(=O)Oc1ccccc1C(=O)Nc1ccccc1,1,2,7,270.29,2.66,67.43,2,3,3,2
O=C(Nc1ccccc1)c1cc(Cl)ccc1O,1,2,6,247.68,3.3,49.33,2,2,2,2
O=C(Nc1ccc(Cl)c(Cl)c1)c1cc(Cl)cc(Cl)c1O,1,4,6,351.02,5.26,49.33,2,2,2,2
O=C(Nc1ccc(C(=O)O)c(O)c1)c1ccccc1,0,0,12,257.25,2.34,86.63,3,3,3,2
O=C(Nc1ccc(O)cc1)c1ccccc1O,1,4,8,229.23,2.35,69.56,3,3,2,2
Cc1cccc(C)c1NC(=O)c1ccc(N)cc1,0,0,2,240.31,3.14,55.12,2,2,2,2
O=C(Nc1ccccc1)c1ccccc1I,1,2,10,323.13,3.54,29.1,1,1,2,2
CC(C)OC(=O)C(C)N(C(=O)c1ccccc1)c1ccc(F)c(Cl)c1,1,3,9,363.82,4.47,46.61,0,3,5,2
COc1ccc(C(=O)Nc2ccccc2)cc1[N+](=O)[O-],1,3,10,272.26,2.86,81.47,1,4,4,2
Nc1ccc(C(=O)Nc2ccccc2N)cc1,1,7,9,227.27,2.1,81.14,3,3,2,2
Cc1cccc(C)c1NC(=O)c1ccccc1C(=O)O,0,0,10,269.3,3.25,66.4,2,2,3,2
Cc1cccc(C)c1NC(=O)c1cc(S(N)(=O)=O)c(Cl)cc1O,0,0,11,354.82,2.56,109.49,3,4,3,2
CCO[Si](C)(CCCOCC1CO1)OCC,0,0,12,248.39,1.94,40.22,0,4,10,0
OCC1CO1,0,0,12,74.08,-0.62,32.76,1,2,1,0
CCCCCCCCCOCC1CO1,1,1,10,200.32,3.15,21.76,0,2,10,0
CCCCCCCCCCCCC1CO1,0,0,12,212.38,4.7,12.53,0,1,11,0
C=CC1CO1,0,0,12,70.09,0.57,12.53,0,1,1,0
CCCCC(CC)COCC1CO1,0,0,12,186.29,2.62,21.76,0,2,8,0
CC(C)OCC1CO1,0,0,11,116.16,0.81,21.76,0,2,3,0
CCCCCCCCC1CO1,0,0,12,156.27,3.14,12.53,0,1,7,0
CCCCCCCCCCCCCCC1CO1,0,0,11,240.43,5.48,12.53,0,1,13,0
C=C(C)C(=O)OCC1CO1,0,0,12,142.15,0.5,38.83,0,3,3,0
C[C@@H]1O[C@@H]1P(=O)([O-])[O-],1,1,10,136.04,-1.36,75.72,0,4,1,0
CC(C)(C)OCC1CO1,0,0,11,130.19,1.2,21.76,0,2,2,0
CCCCOCC1CO1,0,0,12,130.19,1.2,21.76,0,2,5,0
C=CCOCC1CO1,0,0,12,114.14,0.59,21.76,0,2,4,0
BrCC1CO1,0,0,11,136.98,0.78,12.53,0,1,1,0
CO[Si](CCCOCC1CO1)(OC)OC,0,0,12,236.34,0.67,49.45,0,5,9,0
CCCCCCCCCCC1CO1,0,0,12,184.32,3.92,12.53,0,1,9,0
C[N+](C)(C)CC1CO1,0,0,12,116.18,0.09,12.53,0,1,2,0
CCCCCCCCCCCCOCC1CO1,0,0,12,242.4,4.32,21.76,0,2,13,0
CCC1CO1,1,1,12,72.11,0.8,12.53,0,1,1,0
ClCC1CO1,0,0,12,92.53,0.62,12.53,0,1,1,0
OC[C@]1(O)OC[C@@H](O)[C@H](O)[C@@H]1O,0,0,12,180.16,-3.22,110.38,5,6,1,0
NC(=O)[C@H]1O[C@@H](O)[C@H](O)[C@@H](O)[C@@H]1O,0,0,10,193.16,-3.73,133.24,5,6,1,0
CCCCCCCCO[C@@H]1O[C@H](CO)[C@@H](O)[C@H](O)[C@H]1O,0,0,11,292.37,0.16,99.38,4,6,9,0
OC[C@H]1OC(O)[C@H](O)[C@@H](O)[C@H]1O,0,0,9,180.16,-3.22,110.38,5,6,1,0
OC[C@H]1OC([S][Au])[C@H](O)[C@@H](O)[C@@H]1O,0,0,8,392.18,-2.02,90.15,4,6,2,0
OCCO[C@@H]1[C@@H](O)[C@H](O)[C@@H](CO)O[C@@H]1O,1,1,9,224.21,-3.2,119.61,5,7,4,0
N[C@H]1C(O)O[C@H](CO)[C@@H](O)[C@@H]1O,1,1,12,179.17,-3.25,116.17,5,6,1,0
OC[C@@H](O)[C@@H](O)[C@H](O)[C@H](O)CO[C@H]1O[C@H](CO)[C@@H](O)[C@H](O)[C@H]1O,0,0,12,344.31,-5.76,200.53,9,11,8,0
CO[C@H]1O[C@H](CO)[C@@H](O)[C@H](O)[C@H]1O,0,0,12,194.18,-2.57,99.38,4,6,2,0
OC[C@@H](O)[C@@H](O[C@@H]1O[C@H](CO)[C@H](O)[C@H](O)[C@H]1O)[C@H](O)[C@@H](O)CO,1,3,12,344.31,-5.76,200.53,9,11,8,0
CN(N=O)C(=O)N[C@@H]1[C@@H](O)[C@H](O)[C@@H](CO)O[C@@H]1O,0,0,12,265.22,-2.89,151.92,5,8,3,0
N[C@H]1C(O)O[C@H](CO)[C@H](O)[C@@H]1O,0,0,12,179.17,-3.25,116.17,5,6,1,0
OC[C@H]1OC(O)[C@H](O)[C@@H](O)[C@@H]1O,0,0,12,180.16,-3.22,110.38,5,6,1,0
O=C(O)[C@H](O)[C@@H](O)[C@H](O[C@@H]1O[C@H](CO)[C@H](O)[C@H](O)[C@H]1O)[C@H](O)CO,0,0,2,358.3,-5.67,217.6,9,11,8,0
CCCCCCCCCCO[C@@H]1O[C@H](CO)[C@@H](O)[C@H](O)[C@H]1O,0,0,11,320.43,0.94,99.38,4,6,11,0
CC[P](CC)(CC)=[Au][S][C@H]1O[C@@H](COC(C)=O)[C@H](OC(C)=O)[C@@H](OC(C)=O)[C@@H]1OC(C)=O,1,2,3,678.49,2.79,114.43,0,10,10,0
OC1OC[C@@H](O)[C@H](O)[C@@H]1O,0,0,10,150.13,-2.58,90.15,4,5,0,0
CCN(CC)CCOC[C@H]1O[C@@H](O)[C@H](OCCN(CC)CC)[C@@H](O)[C@@H]1O,0,0,10,378.51,-0.49,94.86,3,8,13,0
CC(=O)N[C@H]1C(O)O[C@H](CO)[C@@H](O)[C@@H]1O,0,0,10,221.21,-3.08,119.25,5,6,2,0
OC1OC[C@@H](O)[C@H](O)[C@H]1O,0,0,12,150.13,-2.58,90.15,4,5,0,0
CCOc1ccc2nc(S(N)(=O)=O)sc2c1,1,2,10,258.32,1.34,82.28,1,5,3,2
Cc1nc2ccccc2s1,0,0,12,149.22,2.6,12.89,0,2,0,2
CCN(CC)CCOc1ccc2nc(N(C)C)sc2c1,1,2,9,293.44,3.08,28.6,0,5,7,2
Cc1cc2nc(N)sc2cc1C,1,3,10,178.26,2.5,38.91,1,3,0,2
Nc1nc2c(Cl)cccc2s1,1,3,10,184.65,2.53,38.91,1,3,0,2
CNC(=O)N(C)c1nc2ccccc2s1,1,3,10,221.29,2.07,45.23,1,3,1,2
Nc1nc2ccc([N+](=O)[O-])cc2s1,1,2,11,195.2,1.79,82.05,1,5,1,2
N#CSCSc1nc2ccccc2s1,1,6,9,238.36,3.56,36.68,0,5,3,2
Nc1nc2ccc(OC(F)(F)F)cc2s1,1,4,10,234.2,2.78,48.14,1,4,1,2
Sc1nc2ccccc2s1,1,5,12,167.26,2.58,12.89,1,3,0,2
[S-]c1nc2ccccc2s1,1,4,10,166.25,2.2,12.89,0,3,0,2
c1ccc2scnc2c1,1,1,12,135.19,2.3,12.89,0,2,0,2
Nc1nc2ccccc2s1,1,1,11,150.21,1.88,38.91,1,3,0,2
Brc1nc2ccccc2s1,1,2,12,214.09,3.06,12.89,0,2,0,2
Cc1cccc2sc(N)nc12,1,2,11,164.23,2.19,38.91,1,3,0,2
COc1cccc2sc(N)nc12,1,2,11,180.23,1.89,48.14,1,4,1,2
COc1ccc2nc(N)sc2c1,1,2,11,180.23,1.89,48.14,1,4,1,2
CCOc1ccc2nc(N)sc2c1,1,3,9,194.26,2.28,48.14,1,4,2,2
CCCOc1ccc2nc(NC(=O)OC)sc2c1,1,5,9,266.32,3.26,60.45,1,5,4,2
CC(C)(C)NSc1nc2ccccc2s1,1,5,11,238.38,3.69,24.92,1,4,2,2
Nc1nc(Cl)cc(Cl)n1,1,1,11,164.0,1.37,51.8,1,3,0,1
CCOC(=O)OCC/C(SC(=O)OCC)=C(\C)N(C=O)Cc1cnc(C)nc1N,0,0,12,426.5,3.01,133.94,1,10,10,1
CCOP(=S)(OCC)Oc1cc(C)nc(C(C)C)n1,1,1,12,304.35,3.58,53.47,0,6,7,1
CCCSSC(CCO)=C(C)N(C=O)Cc1cnc(C)nc1N,0,0,10,356.52,2.73,92.34,2,7,10,1
CCOP(=S)(OCC)Oc1cc(C)nc(N(CC)CC)n1,1,1,8,333.39,3.31,56.71,0,7,9,1
Clc1cc(Cl)nc(Cl)n1,1,1,10,183.43,2.44,25.78,0,2,0,1
Clc1ccnc(Cl)n1,0,0,11,148.98,1.78,25.78,0,2,0,1
CCOc1cc(OP(=S)(OC)OC)nc(CC)n1,0,0,12,292.3,2.33,62.7,0,7,7,1
CCOP(=S)(Oc1cnc(C(C)(C)C)nc1)OC(C)C,1,1,11,318.38,3.84,53.47,0,6,6,1
COC(=O)CCCCC(CCSS/C(CCO)=C(\C)N(C=O)Cc1cnc(C)nc1N)SC(C)=O,0,0,2,544.77,4.09,135.71,2,11,17,1
CCCCc1c(C)nc(NCC)nc1O,0,0,12,209.29,2.27,58.04,2,4,5,1
O=C(O)c1cc(O)nc(O)n1,0,0,12,156.1,-0.41,103.54,3,5,1,1
CCCCc1c(C)nc(NCC)nc1OS(=O)(=O)N(C)C,1,2,8,316.43,1.74,84.42,1,6,8,1
Cc1ncc(CNC(=O)N(CCCl)N=O)c(N)n1,0,0,12,272.7,0.8,113.57,2,6,5,1
Cc1nc(N(C)C)nc(OC(=O)N(C)C)c1C,0,0,12,238.29,1.22,58.56,0,5,2,1
CCOP(=O)(OCC)Oc1cc(C)nc(C(C)C)n1,0,0,11,288.28,3.47,70.54,0,6,7,1
CCN(CC)c1nc(C)cc(OP(=S)(OC)OC)n1,1,2,10,305.34,2.53,56.71,0,7,7,1
Nc1nc(N)c(N)c(N)n1,1,1,8,140.15,-1.19,129.86,4,6,0,1
Cc1ncc[nH]1,1,1,12,82.11,0.72,28.68,1,1,0,1
Cc1ncc([N+](=O)[O-])n1CCO,0,0,12,171.16,0.09,81.19,1,4,3,1
N[C@@H](Cc1cnc[nH]1)C(=O)O,0,0,7,155.16,-0.64,92.0,3,3,3,1
NCCc1cnc[nH]1,0,0,12,111.15,-0.09,54.7,2,2,2,1
CN/C(=N\C#N)NCCSCc1nc[nH]c1C,0,0,12,252.35,0.6,88.89,3,4,5,1
Cc1ncc([N+](=O)[O-])n1CC(O)CCl,0,0,11,219.63,0.7,81.19,1,4,4,1
CN(C)N=Nc1nc[nH]c1C(N)=O,0,0,12,182.19,0.07,99.73,2,4,3,1
CCS(=O)(=O)CCn1c([N+](=O)[O-])cnc1C,1,2,12,247.28,0.53,95.1,0,5,5,1
O=C(O)/C=C/c1c[nH]cn1,0,0,12,138.13,0.51,65.98,2,2,2,1
Cc1ncc([N+](=O)[O-])n1CC(C)O,0,0,12,185.18,0.48,81.19,1,4,3,1
CCc1nc(C)c[nH]1,0,0,12,110.16,1.28,28.68,1,1,1,1
Cc1c[nH]cn1,0,0,12,82.11,0.72,28.68,1,1,0,1
Cn1c([N+](=O)[O-])cnc1COC(N)=O,0,0,12,200.15,-0.08,113.28,1,5,3,1
O=[N+]([O-])c1nccn1CO[C@@H](CO)[C@H](O)CO,0,0,12,247.21,-1.52,130.88,3,7,7,1
O=C(Cn1ccnc1[N+](=O)[O-])NCCO,0,0,11,214.18,-1.1,110.29,2,5,5,1
Cc1ncc([N+](=O)[O-])n1C,0,0,12,141.13,0.64,60.96,0,3,1,1
c1c[nH]cn1,0,0,12,68.08,0.41,28.68,1,1,0,1
CC(C)c1ncc([N+](=O)[O-])n1C,0,0,9,169.18,1.45,60.96,0,3,2,1
Cc1ncsc1CCCl,0,0,12,161.66,2.23,12.89,0,2,2,1
Cc1cscn1,0,0,11,99.16,1.45,12.89,0,2,0,1
CNC(=C[N+](=O)[O-])NCCSCc1csc(CN(C)C)n1,0,0,12,331.47,1.32,83.33,2,8,10,1
CCOC(=O)C(=O)c1csc(NC=O)n1,0,0,2,228.23,0.46,85.36,1,6,5,1
CO/N=C(\C(=O)O)c1csc(NC(=O)CCl)n1,1,1,2,277.69,0.76,100.88,2,6,5,1
CN/C(=N\[N+](=O)[O-])NCc1cnc(Cl)s1,0,0,12,249.68,0.65,92.45,2,4,3,1
NC(N)=Nc1nc(CSCC/C(N)=N\S(N)(=O)=O)cs1,0,0,12,337.46,-0.77,175.83,4,6,7,1
CC(C)Cc1nccs1,0,0,12,141.24,2.34,12.89,0,2,2,1
Nc1nc(CC(=O)O)cs1,0,0,11,158.18,0.35,76.21,2,4,2,1
Nc1nccs1,0,0,11,100.15,0.73,38.91,1,3,0,1
CC(=O)c1nccs1,1,2,12,127.17,1.35,29.96,0,3,1,1
CC(=O)Nc1ncc([N+](=O)[O-])s1,0,0,11,187.18,1.01,85.13,1,5,2,1
Nc1ncc([N+](=O)[O-])s1,1,3,12,145.14,0.63,82.05,1,5,1,1
CN/C(=N\C#N)NCCSCc1csc(N=C(N)N)n1,0,0,11,312.43,-0.07,137.5,4,6,6,1
Cc1ncsc1CCO,0,0,12,143.21,0.99,33.12,1,3,2,1
CCCc1ncc(C(=O)O)s1,0,0,2,171.22,1.79,50.19,1,3,3,1
CC(=O)c1sc(C)nc1C,0,0,12,155.22,1.96,29.96,0,3,1,1
C[C@]12CC[C@@H]3c4ccc(O)cc4CC[C@H]3[C@@H]1CC[C@@H]2OP(=O)(O)O,1,3,9,352.37,3.73,86.99,3,3,2,1
C[C@]12CC[C@@H]3c4ccc(OC(=O)N(CCCl)CCCl)cc4CC[C@H]3[C@@H]1CC[C@@H]2OP(=O)(O)O,1,4,9,520.39,5.3,96.3,2,4,7,1
CC(=O)Oc1ccc2c(c1)CC[C@@H]1[C@@H]2CC[C@]2(C)[C@@H](O)CC[C@@H]12,1,5,11,314.43,3.83,46.53,1,3,1,1
C#C[C@]1(O)CC[C@H]2[C@@H]3CCc4cc(OC)ccc4[C@H]3CC[C@@]21C,1,3,12,310.44,3.92,29.46,1,2,1,1
C[C@]12CC[C@@H]3c4ccc(OC(=O)N(CCCl)CCCl)cc4CC[C@H]3[C@@H]1CC[C@@H]2O,0,0,1,440.41,5.18,49.77,1,3,5,1
C[C@]12CC[C@@H]3c4ccc(O)cc4CC[C@H]3[C@@H]1C[C@@H](O)[C@@H]2O,1,2,12,288.39,2.58,60.69,3,3,0,1
C[C@]12CC[C@@H]3c4ccc(O)cc4C[C@@H](CCCCCCCCCS(=O)CCCC(F)(F)C(F)(F)F)[C@H]3[C@@H]1CC[C@@H]2O,1,3,9,606.78,8.68,57.53,2,3,14,1
C[C@]12CC[C@@H]3c4ccc(O)cc4CC[C@H]3[C@@H]1CC[C@@H]2O,1,7,12,272.39,3.61,40.46,2,2,0,1
C#C[C@]1(O)CC[C@H]2[C@@H]3CCc4cc(O)ccc4[C@H]3CC[C@@]21C,1,6,12,296.41,3.61,40.46,2,2,0,1
CCC(=O)O[C@H]1CC[C@H]2[C@@H]3CCc4cc(O)ccc4[C@H]3CC[C@]12C,1,5,9,328.45,4.57,46.53,1,3,2,1
CCCOc1ccc2c(c1)CC[C@@H]1[C@@H]2CC[C@]2(C)C(OC)CC[C@@H]12,0,0,2,328.5,5.35,18.46,0,2,4,1
C[C@]12CC[C@@H]3c4ccc(OC(=O)N(CCCl)CCCl)cc4CC[C@H]3[C@@H]1CC[C@@H]2OP(=O)([O-])[O-],1,4,9,518.37,4.04,101.96,0,6,7,1
CCC(=O)Oc1ccc2c(c1)CC[C@@H]1[C@@H]2CC[C@@]2(C)[C@H]1C[C@@H](OC(=O)CC)[C@@H]2OC(=O)CC,0,0,2,456.58,5.11,78.9,0,6,6,1
CCCCC(=O)O[C@H]1CC[C@H]2[C@@H]3CCc4cc(O)ccc4[C@H]3CC[C@]12C,1,4,9,356.51,5.35,46.53,1,3,4,1
CCCCCCC(=O)O[C@H]1CC[C@H]2[C@@H]3CCc4cc(O)ccc4[C@H]3CC[C@]12C,1,4,9,384.56,6.13,46.53,1,3,6,1
CCC(=O)Oc1ccc2c(c1)CC[C@@H]1[C@@H]2CC[C@]2(C)[C@@H](OC(=O)CC)CC[C@@H]12,1,4,8,384.52,5.18,52.6,0,4,4,1
C[C@]12CC[C@@H]3c4ccc(O)cc4CC[C@H]3[C@@H]1CC[C@H]2O,1,6,11,272.39,3.61,40.46,2,2,0,1
CC=Cc1ccc2c(c1)OCO2,0,0,12,162.19,2.45,18.46,0,2,1,1
CC(N)Cc1ccc2c(c1)OCO2,0,0,10,179.22,1.31,44.48,1,3,2,1
C=CCc1ccc2c(c1)OCO2,0,0,12,162.19,2.14,18.46,0,2,2,1
C=CCc1cc(OC)c2c(c1)OCO2,0,0,12,192.21,2.15,27.69,0,3,3,1
CNC(=O)Oc1cccc2c1OC(C)(C)O2,1,1,12,223.23,1.91,56.79,1,4,1,1
CC(=O)CCc1ccc2c(c1)OCO2,0,0,12,192.21,1.94,35.53,0,3,3,1
Oc1ccc2c(c1)OCO2,1,2,8,138.12,1.12,38.69,1,3,0,1
COc1cc(CC(C)N)cc2c1OCO2,0,0,12,209.24,1.31,53.71,1,4,3,1
CC(Cc1ccc2c(c1)OCO2)NO,0,0,12,195.22,1.33,50.72,2,4,3,1
CCNC(C)Cc1ccc2c(c1)OCO2,0,0,10,207.27,1.96,30.49,1,3,4,1
CNC(C)Cc1ccc2c(c1)OCO2,1,1,12,193.25,1.57,30.49,1,3,3,1
CC(C=O)Cc1ccc2c(c1)OCO2,0,0,11,192.21,1.79,35.53,0,3,3,1
CCCCCCCCS(=O)C(C)Cc1ccc2c(c1)OCO2,1,2,7,324.49,4.46,35.53,0,3,10,1
CCCCOCCOCCOCc1cc2c(cc1CCC)OCO2,1,1,11,338.44,3.72,46.15,0,5,13,1
CC(=O)C=Cc1ccc2c(c1)OCO2,1,1,8,190.2,2.02,35.53,0,3,2,1
O=Cc1ccc2c(c1)OCO2,0,0,10,150.13,1.23,35.53,0,3,1,1
CC(=O)OCc1ccc2c(c1)OCO2,0,0,12,194.19,1.48,44.76,0,4,2,1
CCC(C)OC(=O)N1CCCCC1CCO,0,0,11,229.32,2.16,49.77,1,3,4,0
OCCN1C[C@H](O)[C@@H](O)[C@H](O)[C@H]1CO,0,0,12,207.23,-3.26,104.39,5,6,3,0
OCCC1CCCCN1,0,0,11,129.2,0.51,32.26,2,2,2,0
CCCC1CCCCN1,0,0,2,127.23,1.93,12.03,1,1,2,0
CC1(C)CC(O)CC(C)(C)N1,0,0,12,157.26,1.29,32.26,2,2,0,0
CCCCNC1CC(C)(C)NC(C)(C)C1,0,0,11,212.38,2.69,24.06,2,2,4,0
CN1C(C)(C)CC(O)CC1(C)C,0,0,11,171.28,1.63,23.47,1,2,0,0
CC1(C)CC(O)CC(C)(C)N1[O],0,0,12,172.25,1.35,43.37,1,2,0,0
O=NN1CCCCC1,0,0,12,114.15,1.15,32.67,0,2,1,0
CC1CCCNC1,0,0,11,99.18,1.01,12.03,1,1,0,0
C1CCNCC1,0,0,10,85.15,0.76,12.03,1,1,0,0
C[C@@H]1CCC[C@H](C)N1,0,0,12,113.2,1.54,12.03,1,1,0,0
O=CN1CCCCC1,0,0,12,113.16,0.63,20.31,0,1,1,0
CCCCN1C[C@H](O)[C@@H](O)[C@H](O)[C@H]1CO,0,0,12,219.28,-1.45,84.16,4,5,4,0
CC1(C)CC(N)CC(C)(C)N1,0,0,11,156.27,1.25,38.05,2,2,0,0
CN1C(C)(C)CCCC1(C)C,0,0,12,155.28,2.66,3.24,0,1,0,0
Cn1cnc2c1c(=O)[nH]c(=O)n2C,0,0,12,180.17,-1.04,72.68,1,3,0,2
Cn1c(=O)c2c(ncn2CC(O)CO)n(C)c1=O,0,0,12,254.25,-2.21,102.28,2,5,3,2
CC(O)CCCCn1c(=O)c2c(ncn2C)n(C)c1=O,0,0,12,280.33,-0.02,82.05,1,4,5,2
Cn1c(=O)c2[nH]c(Br)nc2n(C)c1=O,0,0,12,259.06,-0.28,72.68,1,3,0,2
Cn1c(=O)c2c(ncn2CC(=O)O)n(C)c1=O,0,0,2,238.2,-1.48,99.12,1,4,2,2
Cn1c(=O)c2[nH]cnc2n(C)c1=O,1,1,12,180.17,-1.04,72.68,1,3,0,2
CC(=O)CCCCn1c(=O)c2c(ncn2C)n(C)c1=O,0,0,12,278.31,0.19,78.89,0,4,5,2
Cn1c(=O)c2c(ncn2CCO)n(C)c1=O,0,0,12,224.22,-1.57,82.05,1,4,2,2
CC(O)Cn1cnc2c1c(=O)n(C)c(=O)n2C,0,0,12,238.25,-1.19,82.05,1,4,2,2
Cn1c(=O)c2c(ncn2C)n(C)c1=O.O=C(O)CC(O)(CC(=O)O)C(=O)O,0,0,12,386.32,-2.28,193.95,4,7,5,2
CC(C)Cn1cnc2c1c(=O)n(C)c(=O)n2C,0,0,12,236.27,0.09,61.82,0,3,2,2
CCCCCCn1c(=O)c2c(ncn2C)n(C)c1=O,0,0,2,264.33,1.01,61.82,0,3,5,2
Cn1c(=O)c2c(ncn2C)n(C)c1=O,1,1,12,194.19,-1.03,61.82,0,3,0,2
CCCn1cnc2c1c(=O)n(CCCCC(C)=O)c(=O)n2C,0,0,11,306.37,1.07,78.89,0,4,7,2
CCCn1c(=O)[nH]c(=O)c2[nH]cnc21,0,0,10,194.19,-0.18,83.54,2,3,2,2
O=CN1CCOCC1,0,0,12,115.13,-0.53,29.54,0,2,1,0
CC1(C)CO[C@@H](CC(=O)O)CN1,0,0,2,173.21,0.23,58.56,2,3,2,0
O=NN1CCOCC1,0,0,12,116.12,0.0,41.9,0,3,1,0
N=C(N)NC(=N)N1CCOCC1,0,0,12,171.2,-1.26,98.22,4,3,0,0
O=S(=O)(O)CCCN1CCOCC1,0,0,12,209.27,-0.4,66.84,1,4,4,0
CCCCCCCCCCCCN1CCOCC1,0,0,10,255.45,4.24,12.47,0,2,11,0
CN1CCOCC1,0,0,12,101.15,-0.05,12.47,0,2,0,0
CCCCCCCCCCCCCN1CC(C)OC(C)C1,0,0,12,297.53,5.41,12.47,0,2,12,0
C=CC(=O)N1CCOCC1,0,0,12,141.17,0.03,29.54,0,2,1,0
OCCN1CCOCC1,0,0,11,131.17,-0.69,32.7,1,3,2,0
NCCN1CCOCC1,0,0,12,130.19,-0.72,38.49,1,3,2,0
NCCCN1CCOCC1,0,0,12,144.22,-0.33,38.49,1,3,3,0
CCN1CCOCC1,0,0,12,115.18,0.34,12.47,0,2,1,0
C1COCCN1,0,0,12,87.12,-0.39,21.26,1,2,0,0
CN(C)CCCN1c2ccccc2Sc2ccc(Cl)cc21,1,1,8,318.87,4.89,6.48,0,3,4,2
Clc1ccc2c(c1)Nc1ccccc1S2,0,0,1,233.72,4.55,12.03,1,2,0,2
CN(C)CCCN1c2ccccc2Sc2ccccc21,1,1,10,284.43,4.24,6.48,0,3,4,2
CN(C)CCCN1c2ccccc2Sc2ccc(C(F)(F)F)cc21,1,1,8,352.43,5.26,6.48,0,3,4,2
CCN(CC)CCC(=O)N1c2ccccc2Sc2ccc(Cl)cc21,0,0,7,360.91,5.2,23.55,0,3,5,2
COc1ccc2c(c1)N(C[C@H](C)CN(C)C)c1ccccc1S2,0,0,9,328.48,4.5,15.71,0,4,5,2
CC(=O)c1ccc2c(c1)N(CCCN(C)C)c1ccccc1S2,0,0,11,326.46,4.44,23.55,0,4,5,2
CC(CN1c2ccccc2Sc2ccccc21)N(C)C,0,0,11,284.43,4.24,6.48,0,3,3,2
CC(CN1c2ccccc2Sc2ccc(S(=O)(=O)N(C)C)cc21)N(C)C,0,0,8,391.56,3.49,43.86,0,5,5,2
CCc1ccc2c(c1)N(CC(C)CN(C)C)c1ccccc1S2,0,0,6,326.51,5.05,6.48,0,3,5,2
CCN(CC)CCC(=O)N1c2ccccc2Sc2ccc(C(F)(F)F)cc21,0,0,7,394.46,5.57,23.55,0,3,5,2
CCN(CC)C(C)CN1c2ccccc2Sc2ccccc21,0,0,12,312.48,5.02,6.48,0,3,5,2
c1ccc2c(c1)Nc1ccccc1S2,1,2,12,199.28,3.89,12.03,1,2,0,2
CCC(=O)c1ccc2c(c1)N(CCCN(C)C)c1ccccc1S2,0,0,8,340.49,4.83,23.55,0,4,6,2
Nc1ccc(/N=N/c2ccccc2)cc1,1,4,9,197.24,3.68,50.74,1,3,2,2
Cc1cccc(/N=N/c2ccc(N(C)C)cc2)c1,1,6,11,239.32,4.48,27.96,0,3,3,2
CCOc1ccc(N=Nc2ccc(N)cc2N)cc1,1,5,8,256.31,3.67,85.99,2,5,4,2
Nc1ccc(/N=N\c2ccccc2)c(N)c1,1,5,9,212.26,3.27,76.76,2,4,2,2
O=C(O)CCNC(=O)c1ccc(/N=N/c2ccc(O)c(C(=O)O)c2)cc1,0,0,11,357.32,2.71,148.65,4,6,7,2
CN(C)c1ccc(/N=N/c2ccccc2C(=O)O)cc1,1,4,9,269.3,3.87,65.26,1,4,4,2
CCN(CCC#N)c1ccc(N=Nc2c(Cl)cc([N+](=O)[O-])cc2Cl)cc1,1,1,8,392.25,6.06,94.89,0,6,7,2
c1ccc(N=Nc2ccccc2)cc1,1,1,12,182.23,4.1,24.72,0,2,2,2
Cc1cc(N=Nc2ccccc2C)ccc1N,1,4,7,225.3,4.3,50.74,1,3,2,2
O=C(O)c1cc(/N=N/c2ccc([N+](=O)[O-])cc2)ccc1O,1,3,6,287.23,3.41,125.39,2,6,4,2
CC(=O)OCCN(CCOC(C)=O)c1ccc(/N=N/c2ccc([N+](=O)[O-])cc2C#N)cc1,1,3,10,439.43,3.81,147.49,0,10,10,2
Oc1ccc(/N=N/c2ccccc2)cc1,1,6,9,198.23,3.81,44.95,1,3,2,2
Nc1ccc(/N=N/c2ccc(N)cc2)cc1,1,3,8,212.26,3.27,76.76,2,4,2,2
CN(C)c1ccc(N=Nc2ccccc2)cc1,1,5,10,225.3,4.17,27.96,0,3,3,2
COCCc1ccc(OCC(O)CNC(C)C)cc1.COCCc1ccc(OCC(O)CNC(C)C)cc1,0,0,12,534.74,3.23,101.44,4,8,18,2
O=C([O-])c1ccccc1O.O=C([O-])c1ccccc1O.[Zn+2],0,0,10,339.62,-0.49,120.72,2,6,2,2
CCCCCCCN(CC)CCCC(O)c1ccc(NS(C)(=O)=O)cc1.CCCCCCCN(CC)CCCC(O)c1ccc(NS(C)(=O)=O)cc1,0,0,8,769.17,8.33,139.28,4,8,28,2
COCCc1ccc(OCC(O)CNC(C)C)cc1.COCCc1ccc(OCC(O)CNC(C)C)cc1.O=C(O)CCC(=O)O,1,1,9,652.83,3.16,176.04,6,10,21,2
C/N=C(\NC)NCc1ccccc1.C/N=C(\NC)NCc1ccccc1,0,0,9,354.5,1.96,72.84,4,2,4,2
CNC(C)(C)Cc1ccccc1.CNC(C)(C)Cc1ccccc1,0,0,12,326.53,4.45,24.06,2,2,6,2
CNc1ccc(O)cc1.CNc1ccc(O)cc1,1,3,6,246.31,2.87,64.52,4,4,2,2
[2H]C([2H])([2H])[C@H](N)Cc1ccccc1.[2H]C([2H])([2H])[C@H](N)Cc1ccccc1,0,0,10,276.46,3.15,52.04,2,2,4,2
C[C@](N)(Cc1ccc(O)c(O)c1)C(=O)O.C[C@](N)(Cc1ccc(O)c(O)c1)C(=O)O,0,0,12,422.43,0.88,207.56,8,8,6,2
CC(C)(C)NCC(O)c1cc(O)cc(O)c1.CC(C)(C)NCC(O)c1cc(O)cc(O)c1,0,0,12,450.58,3.04,145.44,8,8,6,2
CC(C)NCC(O)c1cc(O)cc(O)c1.CC(C)NCC(O)c1cc(O)cc(O)c1,0,0,2,422.52,2.26,145.44,8,8,8,2
CC(C)NCC(O)COc1ccc(COCCOC(C)C)cc1.CC(C)NCC(O)COc1ccc(COCCOC(C)C)cc1,0,0,12,650.9,4.73,119.9,4,10,24,2
N=C(N)NCc1cccc(I)c1.N=C(N)NCc1cccc(I)c1,0,0,9,550.19,2.55,123.8,6,2,4,2
O=C1CCCN1,1,1,12,85.11,-0.1,29.1,1,1,0,0
O=C1CC[C@@H](C(=O)O)N1,0,0,12,129.11,-0.65,66.4,2,2,1,0
CN1CCCC1=O,0,0,12,99.13,0.24,20.31,0,1,0,0
C=CN1CCCC1=O,0,0,12,111.14,0.75,20.31,0,1,1,0
NC(=O)CN1CCCC1=O,0,0,12,142.16,-0.91,63.4,1,2,2,0
CCCCC(O)/C=C(C)/C=C/C=C/C(=O)N1CCCC1=O,0,0,2,291.39,2.75,57.61,1,3,7,0
CCN1CCCC1=O,0,0,12,113.16,0.63,20.31,0,1,1,0
O=C1CCCN1CCO,0,0,12,129.16,-0.4,40.54,1,2,2,0
CCC(C(N)=O)N1CCCC1=O,1,1,12,170.21,-0.13,63.4,1,2,3,0
CCCCCCCCCCCCN1CCCC1=O,1,1,4,253.43,4.53,20.31,0,1,11,0
CCOC(=O)CN1CCCC1=O,0,0,2,171.2,0.17,46.61,0,3,3,0
CCCCCCCCN1CCCC1=O,0,0,11,197.32,2.97,20.31,0,1,7,0
NC(=O)CN1CC(O)CC1=O,0,0,9,158.16,-1.94,83.63,2,3,2,0
Nc1nc2ccccc2[nH]1,1,1,12,133.15,1.15,54.7,2,2,0,2
CCCSc1ccc2[nH]c(NC(=O)OC)nc2c1,1,6,10,265.34,3.24,67.01,2,4,4,2
c1ccc2[nH]cnc2c1,0,0,12,118.14,1.56,28.68,1,1,0,2
Cc1nc2ccc(Cl)cc2[nH]1,1,1,12,166.61,2.52,28.68,1,1,0,2
NC(=O)Nc1nc2ccccc2[nH]1,0,0,8,176.18,1.05,83.8,3,2,1,2
CCCOc1ccc2[nH]c(NC(=O)OC)nc2c1,1,3,9,249.27,2.53,76.24,2,4,4,2
CCCCNC(=O)n1c(NC(=O)OC)nc2ccccc21,1,2,8,290.32,2.57,85.25,2,4,4,2
Cn1c(CCCC(=O)O)nc2cc(N(CCCl)CCCl)ccc21,1,1,12,358.27,3.26,58.36,1,3,9,2
O=C(O)CCc1nc2ccccc2[nH]1,0,0,12,190.2,1.58,65.98,2,2,3,2
CCCS(=O)c1ccc2[nH]c(NC(=O)OC)nc2c1,0,0,2,281.34,2.26,84.08,2,4,4,2
O=[N+]([O-])c1ccc2[nH]cnc2c1,1,1,12,163.14,1.47,71.82,1,3,1,2
CCCCc1ccc2[nH]c(NC(=O)OC)nc2c1,1,6,7,247.3,3.08,67.01,2,3,4,2
COC(=O)Nc1nc2ccccc2[nH]1,1,2,11,191.19,1.74,67.01,2,3,1,2
O=c1[nH]c(=O)n([C@H]2C[C@H](O)[C@@H](CO)O2)cc1I,0,0,10,354.1,-1.22,104.55,3,5,2,1
C[C@H]1O[C@@H](n2cc(F)c(=O)[nH]c2=O)[C@H](O)[C@@H]1O,1,3,11,246.19,-1.69,104.55,3,5,1,1
O=c1[nH]c(=O)n([C@H]2C[C@H](O)[C@@H](CO)O2)cc1/C=C/Br,0,0,9,333.14,-0.46,104.55,3,5,3,1
Cc1cn([C@@H]2O[C@H](CO)[C@@H](O)[C@@H]2F)c(=O)[nH]c1=O,0,0,2,260.22,-1.57,104.55,3,5,2,1
Cc1cn([C@H]2C[C@H](F)[C@@H](CO)O2)c(=O)[nH]c1=O,0,0,11,244.22,-0.54,84.32,2,4,2,1
O=c1[nH]c(=O)n([C@H]2C[C@H](O)[C@@H](CO)O2)cc1F,1,2,9,246.19,-1.68,104.55,3,5,2,1
CCc1cn([C@H]2C[C@H](O)[C@@H](CO)O2)c(=O)[nH]c1=O,0,0,9,256.26,-1.26,104.55,3,5,3,1
Cc1cn([C@H]2C[C@H](N=[N+]=[N-])[C@@H](CO)O2)c(=O)[nH]c1=O,1,1,12,267.25,-0.2,133.08,2,5,3,1
O=c1[nH]c(=O)n([C@H]2O[C@H](CO)[C@@H](O)[C@@H]2O)cc1/C=C\Br,0,0,2,349.14,-1.49,124.78,4,6,3,1
O=c1[nH]c(=O)n([C@H]2C[C@H](O)[C@@H](CO)O2)cc1Br,0,0,10,307.1,-1.06,104.55,3,5,2,1
O=c1[nH]c(=O)n([C@H]2C[C@H](O)[C@@H](CO)O2)cc1C(F)(F)F,1,1,8,296.2,-0.8,104.55,3,5,2,1
Cc1cn([C@H]2C[C@H](O)[C@@H](CO)O2)c(=O)[nH]c1=O,0,0,8,242.23,-1.51,104.55,3,5,2,1
O=c1[nH]c(=O)n(C2CCCO2)cc1F,0,0,12,200.17,-0.02,64.09,1,3,1,1
CCCCCCCC/C=C/CCCCCCCC(=O)OCCOCC(OCCO)C1OC(OCCO)CC1OCCO,0,0,10,604.82,4.46,133.14,3,10,30,0
CC1CCCO1,0,0,11,86.13,1.19,9.23,0,1,0,0
CC(=O)OC[C@H]1O[C@@H](OC(C)=O)[C@H](OC(C)=O)[C@@H]1OC(C)=O,0,0,2,318.28,-0.3,114.43,0,9,5,0
OCC1CCCO1,0,0,12,102.13,0.16,29.46,1,2,1,0
C=C(C)C(=O)OCC1CCCO1,0,0,12,170.21,1.28,35.53,0,3,3,0
CCCCCCCC/C=C\CCCCCCCC(=O)OC[C@@H](O)[C@H]1OC[C@H](O)[C@H]1O,0,0,12,428.61,4.05,96.22,3,6,18,0
OC[C@H]1O[C@](O)(CO)[C@@H](O)[C@@H]1O,0,0,12,180.16,-3.22,110.38,5,6,2,0
O=P([O-])([O-])OC[C@@]1(O)O[C@H](COP(=O)([O-])O)[C@@H](O)[C@@H]1O,1,1,9,337.09,-4.88,211.93,4,11,6,0
C=CC(=O)OCC1CCCO1,0,0,11,156.18,0.89,35.53,0,3,3,0
C1CCOC1,0,0,11,72.11,0.8,9.23,0,1,0,0
CCCCCCCCCCCC(=O)OC[C@@H](O)[C@H]1OC[C@H](OCCO)[C@H]1OCCO,1,2,12,434.57,1.97,114.68,3,8,19,0
CN/C(=N/[N+](=O)[O-])NCC1CCOC1,0,0,11,202.21,-0.62,88.79,2,3,3,0
CC(C)C[C@H](NC(=O)OCC1c2ccccc2-c2ccccc21)C(=O)O,1,4,10,353.42,4.02,75.63,2,3,6,2
CC(C)NCCCC1(C(N)=O)c2ccccc2-c2ccccc21,0,0,2,308.43,3.22,55.12,2,2,6,2
CC(=O)Nc1ccc2c(c1)Cc1ccccc1-2,1,5,11,223.27,3.22,29.1,1,1,1,2
O=C(Nc1ccc2c(c1)Cc1ccccc1-2)C(F)(F)F,1,1,8,277.24,3.76,29.1,1,1,1,2
CC(=O)c1ccc2c(c1)Cc1ccccc1-2,1,3,9,208.26,3.46,17.07,0,1,1,2
COC(=O)C1(O)c2ccccc2-c2ccccc21,0,0,12,240.26,2.08,46.53,1,3,1,2
Oc1ccc2c(c1)Cc1ccccc1-2,1,5,8,182.22,2.96,20.23,1,1,0,2
Oc1ccc2c(c1)-c1ccccc1C2,1,5,11,182.22,2.96,20.23,1,1,0,2
c1ccc2c(c1)Cc1ccccc1-2,0,0,12,166.22,3.26,0.0,0,0,0,2
CC(=O)Nc1ccc2c(c1)Cc1cc(NC(C)=O)ccc1-2,1,1,12,280.33,3.17,58.2,2,2,2,2
Nc1ccc2c(c1)Cc1ccccc1-2,1,4,7,181.24,2.84,26.02,1,1,0,2
O=[N+]([O-])c1ccc2c(c1)Cc1ccccc1-2,1,4,11,211.22,3.17,43.14,0,2,1,2
CCCCCCC1(C)CCC(=O)O1,0,0,11,184.28,3.05,26.3,0,2,5,0
CCCCCC1CCC(=O)O1,0,0,12,156.22,2.27,26.3,0,2,4,0
CCCC1CCC(=O)O1,0,0,11,128.17,1.49,26.3,0,2,2,0
CC1CCC(=O)O1,0,0,12,100.12,0.71,26.3,0,2,0,0
O=C1CCCO1,0,0,12,86.09,0.32,26.3,0,2,0,0
CCCCCCCCC1CCC(=O)O1,1,1,10,198.31,3.44,26.3,0,2,7,0
CC(=O)C1CCOC1=O,0,0,12,128.13,0.14,43.37,0,3,1,0
CCCCC1CCC(=O)O1,0,0,12,142.2,1.88,26.3,0,2,3,0
CCC1CCC(=O)O1,1,1,12,114.14,1.1,26.3,0,2,1,0
CCCCCCC1CCOC1=O,0,0,12,170.25,2.52,26.3,0,2,5,0
CCCCCCC1CCC(=O)O1,0,0,12,170.25,2.66,26.3,0,2,5,0
CCCCCCCC1CCC(=O)O1,0,0,12,184.28,3.05,26.3,0,2,6,0
Nc1nc(Cl)nc2c1ncn2[C@H]1C[C@H](O)[C@@H](CO)O1,1,2,12,285.69,-0.3,119.31,3,7,2,2
OC[C@H]1O[C@@H](n2cnc3c(S)ncnc32)[C@H](O)[C@@H]1O,1,3,9,284.3,-1.27,113.52,4,8,2,2
Nc1nc(Cl)nc2c1ncn2[C@@H]1O[C@H](CO)[C@@H](O)[C@@H]1F,1,3,10,303.68,-0.35,119.31,3,7,2,2
COc1nc(N)nc2c1ncn2[C@@H]1O[C@H](CO)[C@@H](O)[C@@H]1O,0,0,9,297.27,-1.97,148.77,4,9,3,2
Nc1ncnc2c1ncn2[C@@H]1O[C@H](COP(=O)(O)O)[C@@H](O)[C@H]1O,0,0,11,347.22,-1.86,186.07,5,9,4,2
Nc1ncnc2c1ncn2[C@H]1CC[C@@H](CO)O1,0,0,12,235.25,0.08,99.08,2,6,2,2
OC[C@H]1O[C@@H](n2cnc3c(O)ncnc32)[C@H](O)[C@@H]1O,0,0,12,268.23,-1.86,133.75,4,8,2,2
CC(C)(COP(=O)([O-])OP(=O)([O-])OC[C@H]1O[C@@H](n2cnc3c(N)ncnc32)[C@H](O)[C@@H]1OP(=O)([O-])O)C(O)C(=O)NCCC(=O)NCCS,1,1,9,764.52,-3.56,355.05,7,20,18,2
CC(C)=CCNc1ncnc2c1ncn2[C@@H]1O[C@H](CO)[C@@H](O)[C@H]1O,1,1,2,335.36,-0.18,125.55,4,8,5,2
Nc1nc(F)nc2c1ncn2[C@@H]1O[C@H](CO)[C@@H](O)[C@@H]1O,1,2,12,285.24,-1.84,139.54,4,8,2,2
Nc1ncnc2c1ncn2[C@@H]1O[C@H](CO)[C@@H](O)[C@H]1O,0,0,12,267.25,-1.98,139.54,4,8,2,2
Nc1ncnc2c1ncn2[C@@H]1O[C@H](COP(=O)(O)OP(=O)(O)OP(=O)(O)O)[C@@H](O)[C@H]1O,0,0,6,507.18,-1.63,279.13,7,13,8,2
CC(C)(C)C1CCC(=O)CC1,1,1,11,154.25,2.79,17.07,0,1,0,0
CC1CC(=O)CC(C)(C)C1,0,0,11,140.23,2.4,17.07,0,1,0,0
CC1CCC(C(C)(C)S)C(=O)C1,0,0,12,186.32,2.7,17.07,1,2,1,0
CCCC1CCC(=O)CC1,0,0,12,140.23,2.55,17.07,0,1,2,0
CC(C)[C@H]1CC[C@@H](C)CC1=O,0,0,12,154.25,2.65,17.07,0,1,1,0
CC(C)(C)C1CCCCC1=O,0,0,12,154.25,2.79,17.07,0,1,0,0
CCC(C)C1CCCCC1=O,0,0,12,154.25,2.79,17.07,0,1,2,0
CCC(C)(C)C1CCC(=O)CC1,0,0,11,168.28,3.18,17.07,0,1,2,0
O=C1CCCCC1,0,0,12,98.15,1.52,17.07,0,1,0,0
CC(C)[C@@H]1CC[C@@H](C)CC1=O,0,0,12,154.25,2.65,17.07,0,1,1,0
CC(=O)C1CCCCC1=O,0,0,12,140.18,1.33,34.14,0,2,1,0
O=C1CCCCC1Cl,0,0,12,132.59,1.74,17.07,0,1,0,0
O=C1NC(=O)c2ccccc21,0,0,12,147.13,0.57,46.17,1,2,0,1
CN1C(=O)c2ccccc2C1=O,0,0,11,161.16,0.91,37.38,0,2,0,1
O=C1c2ccccc2C(=O)N1CO,0,0,12,177.16,0.23,57.61,1,3,1,1
CN1C(=O)c2ccc([N+](=O)[O-])cc2C1=O,0,0,10,206.16,0.82,80.52,0,4,1,1
CCCCN1C(=O)c2ccccc2C1=O,0,0,12,203.24,2.08,37.38,0,2,3,1
O=C1NC(=O)c2cc([N+](=O)[O-])ccc21,1,1,12,192.13,0.48,89.31,1,4,1,1
O=C1c2ccccc2C(=O)N1SC(Cl)(Cl)Cl,1,3,9,296.56,3.26,37.38,0,3,1,1
CCOP(=S)(OCC)SC(CCl)N1C(=O)c2ccccc2C1=O,1,4,10,393.85,3.88,55.84,0,6,8,1
COP(=S)(OC)SCN1C(=O)c2ccccc2C1=O,0,0,12,317.33,2.49,55.84,0,6,5,1
CC(C)N1C(=O)c2ccccc2C1=O,0,0,12,189.21,1.69,37.38,0,2,1,1
O=C1c2ccccc2C(=O)N1CCl,0,0,12,195.6,1.48,37.38,0,2,1,1
CC(=O)O[C@@H]1C[C@H]2CC[C@]1(C)C2(C)C,0,0,12,196.29,2.76,26.3,0,2,1,0
CC1(C)[C@@H]2CC[C@@]1(C)[C@H](O)C2,0,0,12,154.25,2.19,20.23,1,1,0,0
CCC(=O)O[C@@H]1C[C@H]2CC[C@]1(C)C2(C)C,0,0,12,210.32,3.15,26.3,0,2,2,0
CC(=O)OC1C2(C)CCC(C2)C1(C)C,0,0,12,196.29,2.76,26.3,0,2,1,0
CNC1(C)C2CCC(C2)C1(C)C,0,0,12,167.3,2.42,12.03,1,1,1,0
CC(=O)O[C@@H]1CC2CCC1(C)C2(C)C,0,0,12,196.29,2.76,26.3,0,2,1,0
CC1(C)[C@H]2CC[C@]1(C)[C@H](O)C2,0,0,12,154.25,2.19,20.23,1,1,0,0
CC1(C)[C@H]2CC[C@](C)(C2)[C@H]1O,0,0,12,154.25,2.19,20.23,1,1,0,0
C=C(C)C(=O)O[C@@H]1C[C@H]2CC[C@]1(C)C2(C)C,0,0,12,222.33,3.32,26.3,0,2,2,0
CC12CCC(C1)C(C)(C)C2O,0,0,12,154.25,2.19,20.23,1,1,0,0
CC1(C)[C@@H]2CC[C@@]1(C)[C@H](OC(=O)CSC#N)C2,0,0,9,253.37,2.96,50.09,0,4,3,0
C1CNCCN1,1,2,12,86.14,-0.82,24.06,2,2,0,0
O=NN1CCNCC1,0,0,11,115.14,-0.43,44.7,1,3,1,0
O=S(=O)([O-])CCN1CCN(CCO)CC1,0,0,12,237.3,-1.86,83.91,1,6,5,0
NCCCN1CCN(CCCN)CC1,0,0,12,200.33,-0.7,58.52,2,4,6,0
NCCN1CCNCC1,0,0,12,129.21,-1.15,41.29,2,3,2,0
OCCN1CCNCC1,0,0,11,130.19,-1.12,35.5,2,3,2,0
O=C(CCBr)N1CCN(C(=O)CCBr)CC1,1,1,2,356.06,1.23,40.62,0,2,4,0
CN1CCN(N)CC1,0,0,2,115.18,-0.89,32.5,1,3,0,0
OCCN1CCN(CCO)CC1,0,0,12,174.24,-1.41,46.94,2,4,4,0
CCN(CC)C(=O)N1CCN(C)CC1.O=C(O)CC(O)(CC(=O)O)C(=O)O,1,1,11,391.42,-0.55,158.92,4,6,7,0
O=NN1CCN(N=O)CC1,0,0,11,144.13,-0.03,65.34,0,4,2,0
Oc1ccc(Cl)cc1Sc1cc(Cl)ccc1O,1,3,8,287.17,4.56,40.46,2,3,2,2
[O-]c1c(Cl)cc(Cl)cc1Sc1cc(Cl)cc(Cl)c1[O-],1,2,7,354.04,4.6,46.12,0,3,2,2
Nc1ccc(Sc2ccc(N)cc2)cc1,1,2,9,216.31,3.0,52.04,2,3,2,2
Cc1cc(O)c(C(C)(C)C)cc1Sc1cc(C(C)(C)C)c(O)cc1C,1,2,3,358.55,6.46,40.46,2,3,2,2
Oc1ccc(Sc2ccc(O)cc2)cc1,1,4,10,218.28,3.25,40.46,2,3,2,2
COP(=S)(OC)Oc1ccc(Sc2ccc(OP(=S)(OC)OC)cc2)cc1,0,0,6,466.48,5.63,55.38,0,9,10,2
Oc1c(Cl)cc(Cl)cc1Sc1cc(Cl)cc(Cl)c1O,1,3,7,356.06,5.86,40.46,2,3,2,2
Clc1ccc(Sc2cc(Cl)c(Cl)cc2Cl)cc1,1,1,12,324.06,6.45,0.0,0,1,2,2
c1ccc(Sc2ccccc2)cc1,1,1,12,186.28,3.84,0.0,0,1,2,2
NCc1ccccc1Sc1ccccc1CO,0,0,12,245.35,2.79,46.25,2,3,4,2
COCC(=O)Nc1cc(Sc2ccccc2)ccc1N=C(NC(=O)OC)NC(=O)OC,1,1,8,446.49,3.12,127.35,3,8,6,2
CC[N+]1(C)CCCC1.O=S(=O)([O-])C(F)(F)F,0,0,12,263.28,1.3,57.2,0,3,1,0
CCC[N+]1(C)CCCC1,0,0,12,128.24,1.64,0.0,0,0,2,0
CC[N+]1(C)CCCC1.O=S(=O)([N-]S(=O)(=O)C(F)(F)F)C(F)(F)F,0,0,11,394.36,2.31,82.38,0,4,3,0
CC[N+]1(C)CCCC1,0,0,12,114.21,1.25,0.0,0,0,1,0
CCCC[N+]1(C)CCCC1,0,0,12,142.27,2.03,0.0,0,0,3,0
CCCC[N+]1(C)CCCC1.N#CN=C=[N-],0,0,9,208.31,2.24,58.45,0,2,3,0
CCC[N+]1(C)CCCC1.O=S(=O)([N-]S(=O)(=O)C(F)(F)F)C(F)(F)F,0,0,11,408.39,2.7,82.38,0,4,4,0
CC[N+]1(C)CCCC1.F[B-](F)(F)F,0,0,11,201.02,2.55,0.0,0,0,1,0
CCCC[N+]1(C)CCCC1.O=S(=O)([N-]S(=O)(=O)C(F)(F)F)C(F)(F)F,0,0,11,422.41,3.09,82.38,0,4,5,0
CCC[N+]1(C)CCCC1.O=S(=O)([O-])C(F)(F)F,0,0,12,277.31,1.69,57.2,0,3,2,0
CCCC[N+]1(C)CCCC1.F[B-](F)(F)F,0,0,12,229.07,3.33,0.0,0,0,3,0
Clc1ccc2cc3ccccc3cc2c1,1,2,5,212.68,4.65,0.0,0,0,0,3
Brc1c2ccccc2cc2ccccc12,1,3,6,257.13,4.76,0.0,0,0,0,3
Cc1cc(O)c2c(O)c3c(O)cccc3cc2c1,1,4,12,240.26,3.42,60.69,3,3,0,3
O=C(O)c1c2ccccc2cc2ccccc12,1,1,12,222.24,3.69,37.3,1,1,1,3
Nc1ccc2cc3ccccc3cc2c1,1,5,6,193.25,3.58,26.02,1,1,0,3
N#Cc1c2ccccc2cc2ccccc12,1,2,4,203.24,3.86,23.79,0,1,0,3
O=Cc1c2ccccc2c(Cl)c2ccccc12,1,5,11,240.69,4.46,17.07,0,1,1,3
Oc1cccc2cc3cccc(O)c3c(O)c12,1,1,11,226.23,3.11,60.69,3,3,0,3
Brc1c2ccccc2c(Br)c2ccccc12,1,4,9,336.03,5.52,0.0,0,0,0,3
OCc1c2ccccc2cc2ccccc12,1,2,8,208.26,3.49,20.23,1,1,1,3
c1ccc2cc3ccccc3cc2c1,1,1,9,178.23,3.99,0.0,0,0,0,3
CCOC(=O)C1=C(C)NC(C)=C(C(=O)OC)C1c1cccc(Cl)c1Cl,1,1,5,384.26,3.96,64.63,1,5,4,1
COC(=O)C1=C(C)NC(COC(N)=O)=C(C(=O)OC(C)C)C1c1cccc(Cl)c1Cl,1,5,8,457.31,3.43,116.95,2,7,6,1
COC(=O)C1=C(C)NC(C)=C(C(=O)OCC(C)C)C1c1ccccc1[N+](=O)[O-],1,2,4,388.42,3.2,107.77,1,7,6,1
COC(=O)C1=C(C)NC(C)=C(C(=O)OCC(C)=O)C1c1ccccc1[N+](=O)[O-],1,1,9,388.38,2.13,124.84,1,8,6,1
COCCOC(=O)C1=C(C)NC(C)=C(C(=O)OC(C)C)C1c1cccc([N+](=O)[O-])c1,1,1,10,418.45,2.97,117.0,1,8,8,1
COC(=O)C1=C(C)NC(C)=C(C(=O)OC)C1c1ccccc1OC(F)F,0,0,10,367.35,2.87,73.86,1,6,5,1
CCOC(=O)C1=C(C)NC(C)=C(C(=O)OC)C1c1cccc([N+](=O)[O-])c1,1,1,10,360.37,2.57,107.77,1,7,5,1
CCOC(=O)C1=C(C)NC(C)=C(C(=O)OCC)C1c1ccccc1/C=C/C(=O)OC(C)(C)C,1,7,8,455.55,4.4,90.93,1,7,7,1
COC(=O)C1=C(C#N)NC(C)=C(C(=O)OC(C)C)C1c1cccc([N+](=O)[O-])c1,0,0,7,385.38,2.46,131.56,1,8,5,1
CCCC(=O)OCOC(=O)C1=C(C)NC(C)=C(C(=O)OC)C1c1cccc(Cl)c1Cl,0,0,2,456.32,4.25,90.93,1,7,7,1
COC(=O)C1=C(C)NC(C)=C(C(=O)OC)C1c1ccccc1[N+](=O)[O-],1,2,12,346.34,2.18,107.77,1,7,4,1
Cc1cc(=O)oc2cc(O)cc(O)c12,1,2,7,192.17,1.51,70.67,2,4,0,2
CCN(CC)c1ccc2c(C)cc(=O)oc2c1,1,3,5,231.29,2.95,33.45,0,3,3,2
Cc1c(Cl)c(=O)oc2cc(OP(=O)(OCCCl)OCCCl)ccc12,0,0,10,415.59,4.75,74.97,0,6,8,2
O=c1ccc2ccccc2o1,1,1,12,146.14,1.79,30.21,0,2,0,2
CCOP(=S)(OCC)Oc1ccc2c(C)c(Cl)c(=O)oc2c1,1,1,12,362.77,4.43,57.9,0,6,6,2
COc1cc(OC)c2ccc(=O)oc2c1,0,0,9,206.2,1.81,48.67,0,4,2,2
Cc1cc(=O)oc2cc(N(C)C)ccc12,1,2,4,203.24,2.17,33.45,0,3,1,2
CCOC(=O)COc1ccc2c(C)c(CCN(CC)CC)c(=O)oc2c1Cl,0,0,10,395.88,3.58,68.98,0,6,9,2
Cc1cc(=O)oc2cc(O)ccc12,1,2,11,176.17,1.81,50.44,1,3,0,2
C#CCOc1ccc2c(C)cc(=O)oc2c1,1,1,8,214.22,2.11,39.44,0,3,2,2
Cc1ccc2oc(=O)ccc2c1,0,0,11,160.17,2.1,30.21,0,2,0,2
C(=C\c1ccccc1)/c1ccccc1,1,3,10,180.25,3.86,0.0,0,0,2,2
O=[N+]([O-])c1ccc(C=Cc2ccc([N+](=O)[O-])cc2S(=O)(=O)[O-])c(S(=O)(=O)[O-])c1,0,0,12,428.36,1.48,200.68,0,10,6,2
CC/C(=C(/CC)c1ccc(OP(=O)(O)O)cc1)c1ccc(OP(=O)(O)O)cc1,1,2,9,428.31,4.36,133.52,4,4,8,2
CCC(=C(CC)c1ccc(O)cc1)c1ccc(O)cc1,1,4,10,268.36,4.83,40.46,2,2,4,2
CC/C(=C(/CC)c1ccc(O)cc1)c1ccc(O)cc1,1,6,11,268.36,4.83,40.46,2,2,4,2
CC[N+](CC)(CC)CCOc1ccc(/C=C/c2ccccc2)cc1,1,2,9,324.49,5.11,9.23,0,1,9,2
Nc1ccc(C=Cc2ccc(N)cc2S(=O)(=O)O)c(S(=O)(=O)O)c1,0,0,2,370.41,1.51,160.78,4,6,4,2
C(=C/c1ccccc1)/c1ccccc1,0,0,10,180.25,3.86,0.0,0,0,2,2
CCC(=O)Oc1ccc(/C(CC)=C(\CC)c2ccc(OC(=O)CC)cc2)cc1,1,4,9,380.48,6.05,52.6,0,4,8,2
CN(C)c1ccc(/C=C/c2ccc([N+](=O)[O-])cc2)cc1,1,1,9,268.32,3.83,46.38,0,3,4,2
Oc1ccc(/C=C/c2cc(O)cc(O)c2)cc1,1,6,8,228.25,2.97,60.69,3,3,2,2
Cc1nc(C)c(C)nc1C,0,0,12,136.2,1.71,25.78,0,2,0,1
Cc1cnc(C)c(C)n1,0,0,12,122.17,1.4,25.78,0,2,0,1
CCc1nccnc1C,1,1,10,122.17,1.35,25.78,0,2,1,1
COC(=O)c1nc(Cl)c(Cl)nc1N,1,2,2,222.03,1.15,78.1,1,5,1,1
c1cnccn1,0,0,11,80.09,0.48,25.78,0,2,0,1
NC(=O)c1cnccn1,0,0,12,123.11,-0.42,68.87,1,3,1,1
N=C(N)NC(=O)c1nc(Cl)c(N)nc1N,1,3,12,229.63,-1.08,156.79,5,6,1,1
CCC(C)c1nccnc1OC,0,0,12,166.22,2.0,35.01,0,3,3,1
CCc1nccnc1CC,0,0,11,136.2,1.6,25.78,0,2,2,1
CSc1cnccn1,0,0,12,126.18,1.2,25.78,0,3,1,1
CC(=O)c1cnccn1,0,0,12,122.13,0.68,42.85,0,3,1,1
O=S(=O)(c1ccccc1)c1ccc(Cl)cc1,0,0,9,252.72,3.17,34.14,0,2,2,2
O=S(=O)(c1ccc(Cl)cc1)c1cc(Cl)c(Cl)cc1Cl,1,3,9,356.06,5.13,34.14,0,2,2,2
O=S(=O)(c1ccc(O)cc1)c1ccc(O)cc1,1,2,11,250.28,1.93,74.6,2,4,2,2
Nc1cccc(S(=O)(=O)c2cccc(N)c2)c1,0,0,11,248.31,1.68,86.18,2,4,2,2
Nc1ccccc1S(=O)(=O)c1ccccc1,0,0,11,233.29,2.1,60.16,1,3,2,2
O=S(=O)(c1ccccc1)c1ccccc1,0,0,11,218.28,2.52,34.14,0,2,2,2
O=S(=O)(c1ccc(Cl)cc1)c1ccc(Cl)cc1,1,1,10,287.17,3.83,34.14,0,2,2,2
C=CCc1cc(S(=O)(=O)c2ccc(O)c(CC=C)c2)ccc1O,1,3,8,330.41,3.39,74.6,2,4,6,2
O=S([O-])CNc1ccc(S(=O)(=O)c2ccc(NCS(=O)[O-])cc2)cc1,0,0,10,402.48,1.02,138.46,2,8,8,2
Nc1ccc(S(=O)(=O)c2ccc(N)cc2)cc1,0,0,12,248.31,1.68,86.18,2,4,2,2
CC(=O)Nc1ccc(OC(=O)c2ccccc2O)cc1,0,0,8,271.27,2.57,75.63,2,4,3,2
Cc1ccc(OC(=O)c2ccccc2O)cc1,0,0,11,228.25,2.92,46.53,1,3,2,2
CC(=O)Nc1ccc(OC(=O)c2ccccc2OC(C)=O)cc1,1,1,10,313.31,2.79,81.7,1,5,4,2
O=C(Oc1ccccc1C(=O)O)c1ccccc1O,1,1,12,258.23,2.31,83.83,2,4,3,2
CC(C)(C)c1ccc(OC(=O)c2ccccc2O)cc1,1,3,10,270.33,3.91,46.53,1,3,2,2
Nc1ccc(C(=O)Oc2ccccc2)c(O)c1,1,3,8,229.24,2.19,72.55,2,4,2,2
O=C(Oc1ccccc1)c1ccccc1O,1,2,12,214.22,2.61,46.53,1,3,2,2
CN(C)C(=O)COC(=O)Cc1ccc(OC(=O)c2ccc(NC(=N)N)cc2)cc1,0,0,12,398.42,1.39,134.81,3,6,7,2
O=C(Oc1ccccc1)c1ccccc1,0,0,12,198.22,2.91,26.3,0,2,2,2
O=C(Oc1ccccc1)c1ccc(O)cc1,1,2,10,214.22,2.61,46.53,1,3,2,2
CC(C)(C)OC(=O)N1C[C@@H](F)C[C@H]1C(=O)O,0,0,12,233.24,1.42,66.84,1,3,1,0
CN1CCCC1,0,0,12,85.15,0.71,3.24,0,1,0,0
O=C(O)C1CCCN1,0,0,10,115.13,-0.18,49.33,2,2,1,0
ClCCN1CCCC1,0,0,1,133.62,1.32,3.24,0,1,2,0
C=C(C)[C@H]1CN[C@H](C(=O)O)[C@H]1CC(=O)O,1,1,12,213.23,0.33,86.63,3,3,4,0
CC(=O)N1C[C@H](O)C[C@H]1C(=O)O,1,3,10,173.17,-0.95,77.84,2,3,1,0
CCN1CCCC1CN,0,0,2,128.22,0.43,29.26,1,2,2,0
O=NN1CCCC1,0,0,12,100.12,0.76,32.67,0,2,1,0
CC(=O)N[C@@H](CO)C(=O)N[C@@H](CC(=O)O)C(=O)N[C@@H](CCCCN)C(=O)N1CCC[C@H]1C(=O)O,0,0,1,487.51,-2.87,228.46,7,8,14,0
C[C@H](CS)C(=O)N1CCC[C@H]1C(=O)O,0,0,2,217.29,0.63,57.61,2,3,3,0
C[C@H](CCC(=O)[O-])[C@H]1CC[C@H]2[C@@H]3[C@H](O)C[C@@H]4C[C@H](O)CC[C@]4(C)[C@H]3C[C@H](O)[C@]12C,0,0,11,407.57,2.11,100.82,3,5,4,0
CC(=O)[C@H]1CC[C@H]2[C@@H]3CC[C@H]4C[C@](C)(O)CC[C@]4(C)[C@H]3CC[C@]12C,0,0,12,332.53,4.99,37.3,1,2,1,0
C[C@H](CCC(=O)O)[C@H]1CC[C@H]2[C@@H]3[C@H](O)C[C@@H]4C[C@H](O)CC[C@]4(C)[C@H]3CC[C@]12C,1,1,10,392.58,4.48,77.76,3,3,4,0
C[C@H](CCC(=O)[O-])[C@H]1CC[C@H]2[C@@H]3CC[C@@H]4C[C@H](O)CC[C@]4(C)[C@H]3C[C@H](O)[C@]12C,0,0,9,391.57,3.14,80.59,2,4,4,0
C[C@H](CCC(=O)O)[C@H]1CC[C@H]2[C@@H]3CC[C@@H]4C[C@H](O)CC[C@]4(C)[C@H]3CC[C@]12C,1,2,9,376.58,5.51,57.53,2,2,4,0
CC(C)CCC[C@@H](C)[C@H]1CC[C@H]2[C@@H]3CC[C@@H]4C[C@H](O)CC[C@]4(C)[C@H]3CC[C@]12C,0,0,10,388.68,7.47,20.23,1,1,5,0
CC(O)[C@H]1CC[C@H]2[C@@H]3CC[C@@H]4C[C@@H](O)CC[C@]4(C)[C@H]3CC[C@]12C,1,2,10,320.52,4.39,40.46,2,2,1,0
CC(=O)[C@H]1CC[C@H]2[C@@H]3CC[C@H]4C[C@H](O)CC[C@]4(C)[C@H]3CC[C@]12C,1,3,10,318.5,4.6,37.3,1,2,1,0
C[C@H](CCC(=O)NCC(=O)O)[C@H]1CC[C@H]2[C@@H]3[C@H](O)C[C@@H]4C[C@H](O)CC[C@]4(C)[C@H]3C[C@H](O)[C@]12C,1,1,11,465.63,2.56,127.09,5,5,6,0
C[C@@]12CCC[C@H]1[C@@H]1CC[C@H]3C[C@@H](O)CC[C@]3(C)[C@H]1CC2,1,3,12,276.46,4.78,20.23,1,1,0,0
CCCC[N+]1(C)CCCCC1.O=S(=O)([N-]S(=O)(=O)C(F)(F)F)C(F)(F)F,0,0,10,436.44,3.48,82.38,0,4,5,0
CCCC[N+]1(C)CCCCC1,0,0,12,156.29,2.42,0.0,0,0,3,0
CCCCCCCCCCCCCCCCCCOP(=O)([O-])OC1CC[N+](C)(C)CC1,0,0,10,461.67,6.99,58.59,0,4,20,0
CCC[N+]1(C)CCCCC1.O=S(=O)([N-]S(=O)(=O)C(F)(F)F)C(F)(F)F,0,0,11,422.41,3.09,82.38,0,4,4,0
CCCC[N+]1(C)CCCCC1.O=S(=O)([O-])C(F)(F)F,1,1,12,305.36,2.47,57.2,0,3,3,0
CCC[N+]1(C)CCCCC1.F[B-](F)(F)F,0,0,10,229.07,3.33,0.0,0,0,2,0
CCC[N+]1(C)CCCCC1,0,0,12,142.27,2.03,0.0,0,0,2,0
CCCC[N+]1(C)CCCCC1.F[B-](F)(F)F,0,0,12,243.1,3.72,0.0,0,0,3,0
C[N+]1(C)CCCCC1,0,0,12,114.21,1.25,0.0,0,0,0,0
CC(C)=CC1C(C(=O)OC(C#N)c2cccc(Oc3ccccc3)c2)C1(C)C,0,0,10,375.47,5.83,59.32,0,4,6,2
CC1(C)[C@H](C(=O)O[C@H](C#N)c2cccc(Oc3ccccc3)c2)[C@@H]1C=C(Br)Br,1,1,9,505.21,6.49,59.32,0,4,6,2
CC1(C)[C@H](C(=O)O[C@H](C#N)c2cccc(Oc3ccccc3)c2)[C@@H]1/C=C(\Cl)C(F)(F)F,1,1,10,449.86,6.54,59.32,0,4,6,2
CC1(C)[C@H](C=C(Cl)Cl)[C@@H]1C(=O)O[C@@H](C#N)c1cccc(Oc2ccccc2)c1,0,0,8,416.3,6.18,59.32,0,4,6,2
CC1(C)C(C=C(Cl)Cl)C1C(=O)OCc1cccc(Oc2ccccc2)c1,0,0,12,391.29,6.11,35.53,0,3,6,2
CC1(C)C(C(=O)OC(C#N)c2cccc(Oc3ccccc3)c2)C1(C)C,1,1,9,349.43,5.27,59.32,0,4,5,2
CC1(C)[C@H](/C=C(\Cl)C(F)(F)F)[C@@H]1C(=O)O[C@H](C#N)c1cccc(Oc2ccccc2)c1,1,1,9,449.86,6.54,59.32,0,4,6,2
CC1(C)C(C=C(Cl)Cl)C1C(=O)OC(C#N)c1cccc(Oc2ccccc2)c1,0,0,12,416.3,6.18,59.32,0,4,6,2
CC(C)=CC1C(C(=O)OCc2cccc(Oc3ccccc3)c2)C1(C)C,0,0,12,350.46,5.76,35.53,0,3,6,2
CN1CCN(CCCN2c3ccccc3Sc3ccc(C(F)(F)F)cc32)CC1,0,0,6,407.51,4.95,9.72,0,4,4,2
OCCN1CCN(CCCN2c3ccccc3Sc3ccc(C(F)(F)F)cc32)CC1,0,0,5,437.53,4.31,29.95,1,5,6,2
CCC(=O)c1ccc2c(c1)N(CCCN1CCN(CCO)CC1)c1ccccc1S2,1,1,7,425.6,3.88,47.02,1,6,8,2
CN1CCN(CCCN2c3ccccc3Sc3ccc(Cl)cc32)CC1,1,1,5,373.95,4.58,9.72,0,4,4,2
CN1CCN(CCCN2c3ccccc3Sc3ccccc32)CC1,0,0,7,339.51,3.93,9.72,0,4,4,2
CC(=O)c1ccc2c(c1)N(CCCN1CCN(CCO)CC1)c1ccccc1S2,1,1,5,411.57,3.49,47.02,1,6,7,2
CCSc1ccc2c(c1)N(CCCN1CCN(C)CC1)c1ccccc1S2.O=C(O)CC(O)C(=O)O.O=C(O)CC(O)C(=O)O,0,0,8,667.8,2.85,199.38,6,11,12,2
OCCN1CCN(CCCN2c3ccccc3Sc3ccc(Cl)cc32)CC1,0,0,8,403.98,3.94,29.95,1,5,6,2
CN1CCN(CCCN2c3ccccc3Sc3ccc(S(=O)(=O)N(C)C)cc32)CC1,0,0,11,446.64,3.18,47.1,0,6,6,2
Cc1cc(S(=O)(=O)[O-])ccc1/N=N/c1c(O)ccc2ccccc12,1,1,9,341.37,4.17,102.15,1,6,3,3
Oc1ccc2ccccc2c1/N=N/c1ccccc1,1,4,12,248.28,4.96,44.95,1,3,2,3
Cc1cc(C)c(/N=N/c2c(O)c(S(=O)(=O)[O-])cc3cc(S(=O)(=O)[O-])ccc23)cc1C,0,0,12,448.48,3.69,159.35,1,9,4,3
COc1cc(S(=O)(=O)[O-])c(C)cc1/N=N/c1c(O)ccc2cc(S(=O)(=O)[O-])ccc12,0,0,9,450.45,3.09,168.58,1,10,5,3
Cc1ccc(/N=N/c2c(O)c(C(=O)[O-])cc3ccccc23)c(S(=O)(=O)[O-])c1,1,2,10,384.37,2.54,142.28,1,8,4,3
O=S(=O)([O-])c1ccc(/N=N/c2c(O)ccc3cc(S(=O)(=O)[O-])ccc23)cc1,0,0,11,406.4,2.77,159.35,1,9,4,3
O=S(=O)([O-])c1cc(S(=O)(=O)[O-])c2c(/N=N/c3ccccc3)c(O)ccc2c1,0,0,11,406.4,2.77,159.35,1,9,4,3
Nc1ccc2cc(S(=O)(=O)[O-])cc(O)c2c1/N=N/c1ccccc1C(F)(F)F,0,0,11,410.35,4.47,128.17,2,7,3,3
O=S(=O)([O-])c1ccc(N=Nc2c(O)ccc3ccccc23)cc1,1,1,9,327.34,3.86,102.15,1,6,3,3
O=C1C(N(CO)C(=O)NCO)N(CO)C(=O)N1CO,0,0,12,278.22,-3.61,153.88,5,7,5,0
CC1(C)C(=O)N(Cl)C(=O)N1Br,0,0,11,241.47,1.49,40.62,0,2,0,0
CC1(C)C(=O)N(Br)C(=O)N1Cl,1,1,11,241.47,1.49,40.62,0,2,0,0
CC1(C)NC(=O)NC1=O,0,0,12,128.13,-0.4,58.2,2,2,0,0
CC1(C)C(=O)N(Br)C(=O)N1Br,0,0,10,285.92,1.65,40.62,0,2,0,0
CC1(C)C(=O)N(Cl)C(=O)N1Cl,1,1,12,197.02,1.34,40.62,0,2,0,0
NC(=O)NC1NC(=O)NC1=O,1,1,12,158.12,-2.18,113.32,4,3,1,0
CC1(C)C(=O)NC(=O)N1CO,0,0,11,158.16,-0.73,69.64,2,3,1,0
CCC1(C)NC(=O)NC1=O,0,0,12,142.16,-0.01,58.2,2,2,1,0
C=CCC1([C@H](C)CCC)C(=O)NC(=O)NC1=O,0,0,12,238.29,1.35,75.27,2,3,5,0
C=CCC1([C@@H](C)CCC)C(=O)NC(=O)NC1=O,0,0,10,238.29,1.35,75.27,2,3,5,0
CCC1(CC)C(=O)NC(=O)NC1=O,0,0,12,184.19,0.16,75.27,2,3,2,0
CCC1(CC)C(=O)NC(=O)N(C)C1=O,0,0,9,198.22,0.5,66.48,1,3,2,0
O=C1CC(=O)NC(=O)N1,0,0,11,128.09,-1.26,75.27,2,3,0,0
C=CCC1(C(C)CC)C(=O)NC(=O)NC1=O,0,0,2,224.26,0.96,75.27,2,3,4,0
CCC1(CCC(C)C)C(=O)NC(=O)NC1=O,0,0,12,226.28,1.18,75.27,2,3,4,0
CC1(C)C(=O)NC(=O)NC1=O,0,0,12,156.14,-0.62,75.27,2,3,0,0
C=C(C)C1CC=C(C)C(=O)C1,0,0,12,150.22,2.49,17.07,0,1,1,0
CC1=CC(=O)CC(C)(C)C1,0,0,12,138.21,2.32,17.07,0,1,0,0
CCCC(=NOCC)C1=C(O)CC(CC(C)SCC)CC1=O,0,0,12,327.49,4.5,58.89,1,5,9,0
CC1=CC(=O)CC(C)(C)C1(O)/C=C/C(C)=C\C(=O)O,0,0,12,264.32,2.25,74.6,2,3,3,0
C=C(C)[C@@H]1CC=C(C)C(=O)C1,0,0,12,150.22,2.49,17.07,0,1,1,0
O=C1C=CCCC1,0,0,12,96.13,1.3,17.07,0,1,0,0
C=C(C)[C@H]1CC=C(C)C(=O)C1,0,0,12,150.22,2.49,17.07,0,1,1,0
CC1=CC(=O)CCC1,0,0,12,110.16,1.69,17.07,0,1,0,0
CN1C(CCl)Nc2cc(Cl)c(S(N)(=O)=O)cc2S1(=O)=O,1,1,11,360.24,0.6,109.57,2,5,2,1
CN1C(CSCC(F)(F)F)Nc2cc(Cl)c(S(N)(=O)=O)cc2S1(=O)=O,0,0,10,439.89,1.66,109.57,2,6,4,1
NS(=O)(=O)c1cc2c(cc1Cl)NC(C(Cl)Cl)NS2(=O)=O,0,0,11,380.66,0.82,118.36,3,5,2,1
NS(=O)(=O)c1cc2c(cc1Cl)NCNS2(=O)=O,0,0,12,297.75,-0.35,118.36,3,5,1,1
NS(=O)(=O)c1cc2c(cc1C(F)(F)F)NCNS2(=O)=O,0,0,12,331.3,0.01,118.36,3,5,1,1
CCC1Nc2cc(Cl)c(S(N)(=O)=O)cc2S(=O)(=O)N1,0,0,12,325.8,0.43,118.36,3,5,2,1
CCCCCC1Nc2cc(C(F)(F)F)c(S(N)(=O)=O)cc2S(=O)(=O)N1,0,0,12,401.43,1.96,118.36,3,5,5,1
C=CCSCC1Nc2cc(Cl)c(S(N)(=O)=O)cc2S(=O)(=O)N1,1,1,12,383.9,0.94,118.36,3,6,5,1
O=C1CN=C(c2ccccc2)c2cc(Cl)ccc2N1,0,0,10,270.72,3.13,41.46,1,2,1,2
CN1C(=O)CN=C(c2ccccc2)c2cc(Cl)ccc21,1,1,10,284.75,3.15,32.67,0,2,1,2
O=C1CN=C(c2ccccc2)c2cc([N+](=O)[O-])ccc2N1,0,0,12,281.27,2.38,84.6,1,4,2,2
O=C1Nc2ccc(Cl)cc2C(c2ccccc2Cl)=NC1O,0,0,10,321.16,3.1,61.69,2,3,1,2
CCN(CC)CCN1C(=O)CN=C(c2ccccc2F)c2cc(Cl)ccc21,0,0,10,387.89,4.0,35.91,0,3,6,2
O=C1Nc2ccc(Cl)cc2C(c2ccccc2)=NC1O,1,2,12,286.72,2.45,61.69,2,3,1,2
CN1C(=O)CN=C(c2ccccc2)c2cc([N+](=O)[O-])ccc21,1,2,8,295.3,2.41,75.81,0,4,2,2
CN1C(=O)C(O)N=C(c2ccccc2)c2cc(Cl)ccc21,0,0,11,300.75,2.47,52.9,1,3,1,2
COc1ccc(C(Cl)=C(c2ccc(OC)cc2)c2ccc(OC)cc2)cc1,1,2,12,380.87,5.87,27.69,0,3,6,3
CCN(CC)CCOc1ccc(C(=C(Cl)c2ccccc2)c2ccccc2)cc1,1,1,7,405.97,6.56,12.47,0,2,9,3
C(=C(c1ccccc1)c1ccccc1)c1ccccc1,1,3,11,256.35,5.28,0.0,0,0,3,3
CC/C(=C(\c1ccc(O)cc1)c1ccc(OCCN(C)C)cc1)c1ccccc1,1,1,2,387.52,5.7,32.7,1,3,8,3
CC/C(=C(\c1ccccc1)c1ccc(OCCN(C)C)cc1)c1ccccc1,1,3,7,371.52,6.0,12.47,0,2,8,3
CCN(CC)CCOc1ccc(C(=C(Cl)c2ccccc2)c2ccccc2)cc1.O=C(O)CC(O)(CC(=O)O)C(=O)O,1,1,5,598.09,5.31,144.6,4,6,14,3
CN(C)CCOc1ccc(/C(=C(/CCCl)c2ccccc2)c2ccccc2)cc1.O=C(O)CC(O)(CC(=O)O)C(=O)O,1,1,7,598.09,4.97,144.6,4,6,14,3
CC/C(=C(\c1ccccc1)c1ccc(OCCN(C)C)cc1)c1ccccc1.O=C(O)CC(O)(CC(=O)O)C(=O)O,1,2,7,563.65,4.75,144.6,4,6,13,3
CCCCC[C@H](O)/C=C/[C@@H]1[C@@H](C/C=C\CCCC(=O)O)[C@@H](O)C[C@H]1O,1,1,9,354.49,3.04,97.99,4,4,12,0
CC1CCCC1,1,1,9,84.16,2.2,0.0,0,0,0,0
CCC1CCC(CCC(=O)O)C1,1,1,8,170.25,2.68,37.3,1,1,4,0
CCCCCCCC(=O)CC[C@@H]1[C@@H](C/C=C\CCCC(=O)OC(C)C)[C@@H](O)C[C@H]1O,1,1,7,424.62,5.12,83.83,2,5,16,0
OC1CCCC1,0,0,12,86.13,0.92,20.23,1,1,0,0
CCCCC[C@H](O)/C=C/[C@@H]1[C@@H](C/C=C\CCCC(=O)O)[C@@H](O)C[C@H]1O.COC(N)(CO)CO,0,0,6,475.62,1.32,173.7,7,8,15,0
SC1CCCC1,0,0,11,102.2,1.86,0.0,1,1,0,0
C1CCCC1,0,0,9,70.14,1.95,0.0,0,0,0,0
CCN1CCCC1CNC(=O)c1cc(S(=O)(=O)CC)c(N)cc1OC,0,0,12,369.49,1.29,101.73,2,6,7,1
C=CCN1CCCC1CNC(=O)c1cc(S(N)(=O)=O)cc(OC)c1OC,0,0,10,383.47,0.73,110.96,2,6,8,1
CCN1CCCC1CNC(=O)c1cc(S(N)(=O)=O)ccc1OC,0,0,10,341.43,0.56,101.73,2,5,6,1
CCN1CCC[C@H]1CNC(=O)c1c(O)c(Cl)cc(Cl)c1OC,0,0,12,347.24,2.92,61.8,2,4,5,1
CCN1CCC[C@H]1CNC(=O)c1c(OC)ccc(Br)c1OC,0,0,12,371.28,2.68,50.8,1,4,6,1
CCc1cc(Cl)c(OC)c(C(=O)NC[C@@H]2CCCN2CC)c1O,1,2,10,340.85,2.83,61.8,2,4,6,1
CCN1CCCC1CNC(=O)c1cc(S(=O)(=O)CC)ccc1OC,1,1,10,354.47,1.7,75.71,1,5,7,1
CCN1CCC[C@H]1CNC(=O)c1cc(S(N)(=O)=O)ccc1OC,0,0,11,341.43,0.56,101.73,2,5,6,1
O=c1c(O)c(-c2ccc(O)cc2)oc2cc(O)cc(O)c12,1,5,11,286.24,2.28,111.13,4,6,1,3
O=c1cc(-c2ccccc2)oc2cc(O)cc(O)c12,1,6,9,254.24,2.87,70.67,2,4,1,3
O=c1cc(-c2ccc(O)cc2)oc2cc(O)cc(O)c12,1,7,10,270.24,2.58,90.9,3,5,1,3
O=c1c(O)c(-c2ccc(O)cc2O)oc2cc(O)cc(O)c12,0,0,9,302.24,1.99,131.36,5,7,1,3
O=c1cc(-c2ccccc2)oc2ccccc12,1,4,9,222.24,3.46,30.21,0,2,1,3
O=c1c(O)c(-c2ccc(O)c(O)c2)oc2cc(O)cc(O)c12,1,6,12,302.24,1.99,131.36,5,7,1,3
COc1ccc2c(=O)c(C)c(-c3ccccc3)oc2c1CN(C)C,1,2,10,323.39,3.84,42.68,0,4,4,3
CCOC(=O)COc1ccc2c(=O)cc(-c3ccccc3)oc2c1,0,0,9,324.33,3.4,65.74,0,5,5,3
CC1=C(C)C(=O)C(CCCCC#CCCCC#CCO)=C(C)C1=O,1,2,8,326.44,3.52,54.37,1,3,6,0
COC1=C(OC)C(=O)C(C/C=C(\C)CC/C=C(\C)CC/C=C(\C)CC/C=C(\C)CC/C=C(\C)CC/C=C(\C)CC/C=C(\C)CC/C=C(\C)CC/C=C(\C)CCC=C(C)C)=C(C)C1=O,0,0,10,863.36,17.85,52.6,0,4,31,0
COC1=C(OC)C(=O)C(CCCCCCCCCCO)=C(C)C1=O,1,1,6,338.44,3.46,72.83,1,5,12,0
O=C1C(Cl)=C(Cl)C(=O)C(Cl)=C1Cl,1,5,8,245.88,2.52,34.14,0,2,0,0
CC(C)(C)C1=CC(=O)C=C(C(C)(C)C)C1=O,1,1,10,220.31,3.08,34.14,0,2,0,0
O=C1C=CC(=O)C=C1,1,1,12,108.1,0.25,34.14,0,2,0,0
O=C1C(O)=C(O)C(=O)C(O)=C1O,0,0,12,172.09,-0.21,115.06,4,6,0,0
C=C1/C(=C\C=C2/CCC[C@]3(C)[C@@H]([C@H](C)OCCC(C)(C)O)CC[C@@H]23)C[C@@H](O)C[C@@H]1O,1,1,9,418.62,4.69,69.92,3,4,6,0
C=C1CC[C@H](O)C/C1=C/C=C1\CCC[C@]2(C)[C@@H]([C@H](C)CCCC(C)(C)O)CC[C@@H]12,1,1,7,400.65,6.73,40.46,2,2,6,0
C=C1/C(=C\C=C2/CCC[C@]3(C)[C@@H]([C@H](C)CCCC(C)(C)O)CC[C@@H]23)C[C@@H](O)C[C@@H]1O,1,1,5,416.65,5.7,60.69,3,3,6,0
C=C1/C(=C\C=C2/CCC[C@]3(C)[C@@H]([C@H](C)/C=C/[C@H](C)C(C)C)CC[C@@H]23)C[C@@H](O)C[C@@H]1O,0,0,7,412.66,6.61,40.46,2,2,5,0
C=C1CC[C@H](O)C/C1=C/C=C1\CCC[C@]2(C)[C@@H]([C@H](C)CC[C@@H](O)C(C)(C)O)CC[C@@H]12,1,1,7,416.65,5.7,60.69,3,3,6,0
C=C1CC[C@H](O)C/C1=C/C=C1\CCC[C@]2(C)[C@@H]([C@H](C)CCCC(C)C)CC[C@@H]12,1,2,9,384.65,7.62,20.23,1,1,6,0
C=C1CC[C@H](O)C/C1=C/C=C1\CCC[C@]2(C)[C@@H]([C@H](C)/C=C/[C@H](C)C(C)C)CC[C@@H]12,1,3,10,396.66,7.64,20.23,1,1,5,0
CC1=NN(c2ccc(S(=O)(=O)O)cc2)C(=O)C1,0,0,12,254.27,1.05,87.04,1,4,2,1
O=C(O)C1=NN(c2ccc(S(=O)(=O)O)cc2)C(=O)C1,0,0,12,284.25,0.11,124.34,2,5,3,1
CC1=NN(c2ccccc2)C(=O)C1,1,2,12,174.2,1.8,32.67,0,2,1,1
O=C([O-])C1=NN(c2ccc(S(=O)(=O)O)cc2)C(=O)C1,0,0,12,283.24,-1.22,127.17,1,6,3,1
CC1=NN(c2cccc(S(=O)(=O)O)c2)C(=O)C1,0,0,11,254.27,1.05,87.04,1,4,2,1
CC1=NN(c2ccc(C(=O)O)cc2)C(=O)C1,1,1,10,218.21,1.5,69.97,1,3,2,1
CCOC(=O)C1=NN(c2ccccc2)C(=O)C1,1,1,10,232.24,1.34,58.97,0,4,3,1
Clc1ccccc1N1CCNCC1,1,1,2,196.68,1.75,15.27,1,2,1,1
c1ccc(N2CCNCC2)cc1,0,0,2,162.24,1.1,15.27,1,2,1,1
COc1ccccc1N1CCNCC1,0,0,12,192.26,1.1,24.5,1,3,2,1
OCC(O)CN1CCN(c2ccccc2)CC1,0,0,12,236.32,0.16,46.94,2,4,4,1
Clc1cccc(N2CCNCC2)c1,0,0,12,196.68,1.75,15.27,1,2,1,1
ClCCCN1CCN(c2cccc(Cl)c2)CC1,1,1,2,273.21,3.09,6.48,0,2,4,1
CC(=O)N1CCN(c2ccc(O)cc2)CC1,1,1,2,220.27,1.06,43.78,1,3,1,1
Cc1c(C(C)C)c(=O)n(-c2ccccc2)n1C,0,0,12,230.31,2.61,26.93,0,1,2,2
Cc1c(N(C)CS(=O)(=O)[O-])c(=O)n(-c2ccccc2)n1C,1,1,12,310.36,0.42,87.37,0,5,4,2
Cc1cc(=O)n(-c2ccccc2)n1C,0,0,12,188.23,1.48,26.93,0,1,1,2
Cc1c(I)c(=O)n(-c2ccccc2)n1C,0,0,12,314.13,2.09,26.93,0,1,1,2
Cc1c(N)c(=O)n(-c2ccccc2)n1C,0,0,12,203.25,1.07,52.95,1,2,1,2
Cc1c(NC(C)C)c(=O)n(-c2ccccc2)n1C,0,0,12,245.33,2.3,38.96,1,2,3,2
Cc1c(N(C)C)c(=O)n(-c2ccccc2)n1C,0,0,12,231.3,1.55,30.17,0,2,2,2
CNC(=O)C[C@@H](N)C(=O)N[C@@H](C(=O)N[C@@H]1C(=O)N2[C@@H]1SC(C)(C)[C@@H]2C(=O)O)c1ccc(O)cc1,0,0,10,493.54,-1.36,191.16,6,8,8,1
CCOC(=O)OC(C)OC(=O)[C@@H]1N2C(=O)[C@@H](NC(=O)[C@H](N)c3ccccc3)[C@H]2SC1(C)C,0,0,11,465.53,1.3,137.26,2,9,7,1
CC1(C)S[C@@H]2[C@H](NC(=O)[C@H](N)c3ccc(O)cc3)C(=O)N2[C@H]1C(=O)O,0,0,10,365.41,0.02,132.96,4,6,4,1
CC1(C)S[C@@H]2[C@H](NC(=O)[C@H](N)c3ccccc3)C(=O)N2[C@H]1C(=O)O,0,0,12,349.41,0.32,112.73,3,5,4,1
CC1(C)S[C@@H]2[C@H](NC(=O)[C@@H](c3ccccc3)S(=O)(=O)[O-])C(=O)N2[C@H]1C(=O)[O-],0,0,12,412.45,-1.43,146.74,1,8,5,1
CC(C)(C)C(=O)OCOC(=O)[C@@H]1N2C(=O)[C@@H](NC(=O)[C@H](N)c3ccccc3)[C@H]2SC1(C)C,0,0,12,463.56,1.32,128.03,2,8,6,1
CC1(C)S[C@@H]2[C@H](NC(=O)C(C(=O)[O-])c3ccccc3)C(=O)N2[C@H]1C(=O)[O-],0,0,2,376.39,-2.18,129.67,1,7,5,1
CC1=C(O)C(=O)OC1C,0,0,11,128.13,0.76,46.53,1,3,0,0
CCCCCCCCCCCCCCCC(=O)OC[C@H](O)[C@H]1OC(=O)C(O)=C1O,0,0,10,414.54,4.62,113.29,3,7,17,0
O=C1O[C@H]([C@H](O)CO)C(O)=C1O,0,0,11,176.12,-1.41,107.22,4,6,2,0
O=C1O[C@H]([C@H](O)CO)C([O-])=C1O,0,0,11,175.12,-2.61,110.05,3,6,2,0
O=C1O[C@H]([C@@H](O)CO)C([O-])=C1O,0,0,12,175.12,-2.61,110.05,3,6,2,0
O=C1O[C@H]([C@@H](O)CO)C(O)=C1O,1,1,12,176.12,-1.41,107.22,4,6,2,0
O=C1OC(O)C(C(Cl)Cl)=C1Cl,1,5,8,217.43,1.16,46.53,1,3,1,0
CN(C)[C@@H]1C(O)=C(C(N)=O)C(=O)[C@@]2(O)C(O)=C3C(=O)c4c(O)ccc(Cl)c4[C@@H](O)[C@H]3C[C@@H]12,0,0,2,464.86,0.26,181.62,6,9,2,1
CN(C)[C@@H]1C(O)=C(C(N)=O)C(=O)[C@@]2(O)C(O)=C3C(=O)c4c(O)cccc4C[C@H]3C[C@@H]12,0,0,1,414.41,0.12,161.39,5,8,2,1
CN(C)[C@@H]1C(O)=C(C(N)=O)C(=O)[C@@]2(O)C(O)=C3C(=O)c4c(O)cccc4[C@@](C)(O)[C@H]3[C@H](O)[C@@H]12,0,0,12,460.44,-1.24,201.85,7,10,2,1
C[C@H]1c2cccc(O)c2C(=O)C2=C(O)[C@]3(O)C(=O)C(C(N)=O)=C(O)[C@@H](N(C)C)[C@@H]3[C@@H](O)[C@@H]21,0,0,11,444.44,-0.35,181.62,6,9,2,1
CN(C)[C@@H]1C(O)=C(C(=O)NCN[C@@H](CCCCN)C(=O)O)C(=O)[C@@]2(O)C(O)=C3C(=O)c4c(O)cccc4[C@@](C)(O)C3C[C@@H]12,0,0,10,602.64,-0.45,242.98,9,12,10,1
CN(C)[C@@H]1C(O)=C(C(N)=O)C(=O)[C@@]2(O)C(O)=C3C(=O)c4c(O)cccc4[C@@](C)(O)[C@H]3C[C@@H]12,0,0,11,444.44,-0.21,181.62,6,9,2,1
CN(C)c1ccc(O)c2c1C[C@H]1C[C@H]3[C@H](N(C)C)C(O)=C(C(N)=O)C(=O)[C@@]3(O)C(O)=C1C2=O,1,1,12,457.48,0.19,164.63,5,9,3,1
CC1(C)O[C@@H]2C[C@H]3[C@@H]4C[C@H](F)C5=CC(=O)C=C[C@]5(C)[C@H]4[C@@H](O)C[C@]3(C)[C@]2(C(=O)CO)O1,1,1,8,434.5,2.27,93.06,2,6,2,0
CC1(C)O[C@@H]2C[C@H]3[C@@H]4CCC5=CC(=O)C=C[C@]5(C)[C@H]4[C@@H](O)C[C@]3(C)[C@]2(C(=O)CO)O1,1,2,10,416.51,2.33,93.06,2,6,2,0
CC1(C)O[C@@H]2C[C@H]3[C@@H]4C[C@H](F)C5=CC(=O)C=C[C@]5(C)[C@@]4(F)[C@@H](O)C[C@]3(C)[C@]2(C(=O)CO)O1,1,1,11,452.49,2.37,93.06,2,6,2,0
CC1(C)O[C@@H]2C[C@H]3[C@@H]4CCC5=CC(=O)C=C[C@]5(C)[C@@]4(F)[C@@H](O)C[C@]3(C)[C@]2(C(=O)CO)O1,1,3,11,434.5,2.42,93.06,2,6,2,0
CCC[C@@H]1O[C@@H]2C[C@H]3[C@@H]4CCC5=CC(=O)C=C[C@]5(C)[C@H]4[C@@H](O)C[C@]3(C)[C@]2(C(=O)CO)O1,1,3,11,430.54,2.72,93.06,2,6,4,0
CC(=O)OCC(=O)[C@@]12OC(C)(C)O[C@@H]1C[C@H]1[C@@H]3C[C@H](F)C4=CC(=O)C=C[C@]4(C)[C@@]3(F)[C@@H](O)C[C@@]12C,1,1,7,494.53,2.94,99.13,1,7,3,0
CC(C)(C)CC(=O)OCC(=O)[C@@]12OC(C)(C)O[C@@H]1C[C@H]1[C@@H]3CCC4=CC(=O)C=C[C@]4(C)[C@@]3(F)[C@@H](O)C[C@@]12C,0,0,6,532.65,4.41,99.13,1,7,4,0
COCC(C)N(C(=O)CCl)c1c(C)csc1C,1,2,10,275.8,2.97,29.54,0,3,5,1
Clc1sc(Cl)c(Cl)c1Cl,0,0,12,221.92,4.36,0.0,0,1,0,1
COC(=O)c1sccc1S(N)(=O)=O,0,0,12,221.26,0.18,86.46,1,5,2,1
CCCNC(C)C(=O)Nc1c(C)csc1C(=O)OC,0,0,12,284.38,2.17,67.43,2,5,6,1
c1ccsc1,0,0,8,84.14,1.75,0.0,0,1,0,1
Cc1ccc(C=O)s1,0,0,9,126.18,1.87,17.07,0,2,1,1
Cc1sccc1Br,0,0,2,177.07,2.82,0.0,0,1,0,1
Cc1ccc2c(ccc3ccccc32)c1,0,0,8,192.26,4.3,0.0,0,0,0,3
Brc1cc2ccccc2c2ccccc12,0,0,10,257.13,4.76,0.0,0,0,0,3
c1ccc2c(c1)ccc1ccccc12,0,0,12,178.23,3.99,0.0,0,0,0,3
CCCCN(CCCC)CCC(O)c1cc2c(Cl)cc(Cl)cc2c2cc(C(F)(F)F)ccc12,0,0,11,500.43,8.64,23.47,1,2,10,3
Oc1cc2ccccc2c2ccccc12,1,3,4,194.23,3.7,20.23,1,1,0,3
CC(=O)c1ccc2ccc3ccccc3c2c1,1,4,10,220.27,4.2,17.07,0,1,1,3
N#Cc1cc2ccccc2c2ccccc12,1,2,9,203.24,3.86,23.79,0,1,0,3
O=[N+]([O-])c1cc(C(F)(F)F)c(Cl)c([N+](=O)[O-])c1Nc1ncc(C(F)(F)F)cc1Cl,1,6,8,465.09,5.99,111.2,1,6,4,2
O=C(O)c1cccnc1Nc1cccc(C(F)(F)F)c1,1,1,8,282.22,3.54,62.22,2,3,3,2
CNC[C@H](O)[C@@H](O)[C@@H](O)[C@H](O)CO.Cc1c(Nc2ncccc2C(=O)O)cccc1C(F)(F)F,1,1,8,491.46,0.49,175.4,8,9,9,2
Cc1cccc(Nc2ncccc2C(=O)O)c1C,1,1,8,242.28,3.14,62.22,2,3,3,2
Cc1cccc(C)c1Nc1ncccc1C(=O)O,1,3,6,242.28,3.14,62.22,2,3,3,2
Cc1c(Cl)cccc1Nc1ncccc1C(=O)O,1,2,7,262.7,3.49,62.22,2,3,3,2
CN1CCN(C(c2ccccc2)c2ccc(Cl)cc2)CC1,0,0,9,300.83,3.68,6.48,0,2,3,2
C=CCN1C[C@H](C)N([C@H](c2ccc(C(=O)N(CC)CC)cc2)c2cccc(OC)c2)C[C@H]1C,0,0,11,449.64,4.85,36.02,0,4,9,2
NC(=O)COCCN1CCN(C(c2ccccc2)c2ccc(Cl)cc2)CC1,0,0,11,387.91,2.55,58.8,1,4,8,2
OCCOCCN1CCN(C(c2ccccc2)c2ccc(Cl)cc2)CC1,0,0,11,374.91,3.06,35.94,1,4,8,2
CN1CCN(C(c2ccccc2)c2ccccc2)CC1,0,0,12,266.39,3.02,6.48,0,2,3,2
O=C(O)COCCN1CCN(C(c2ccccc2)c2ccc(Cl)cc2)CC1,1,1,12,388.9,3.15,53.01,1,4,8,2
CCCCCOC(=O)Nc1nc(=O)n([C@@H]2O[C@H](C)[C@@H](O)[C@H]2O)cc1F,0,0,12,359.35,0.76,122.91,3,7,6,1
Nc1ccn([C@@H]2O[C@H](CO)[C@@H](O)[C@@H]2O)c(=O)n1,1,2,12,243.22,-2.56,130.83,4,7,2,1
Nc1ccn([C@@H]2O[C@H](CO)[C@@H](O)C2(F)F)c(=O)n1,1,1,11,263.2,-1.29,110.6,3,6,2,1
CCCCCCCCCCCCCCCCCCCCCC(=O)Nc1ccn([C@@H]2O[C@H](CO)[C@@H](O)[C@@H]2O)c(=O)n1,1,1,10,565.8,5.62,133.91,4,7,23,1
Nc1nc(=O)n([C@@H]2O[C@H](CO)[C@@H](O)[C@@H]2F)cc1I,0,0,2,371.11,-0.98,110.6,3,6,2,1
Nc1ccn([C@H]2CC[C@@H](CO)O2)c(=O)n1,0,0,12,211.22,-0.5,90.37,2,5,2,1
O=C1OC(=O)c2ccccc21,0,0,10,148.12,1.0,43.37,0,3,0,1
O=C1OC(=O)c2c(Cl)c(Cl)c(Cl)c(Cl)c21,0,0,12,285.9,3.61,43.37,0,3,0,1
O=C1OC(=O)c2c(Br)c(Br)c(Br)c(Br)c21,0,0,11,463.7,4.05,43.37,0,3,0,1
Cc1ccc2c(c1)C(=O)OC2=O,0,0,12,162.14,1.31,43.37,0,3,0,1
O=C(O)c1ccc2c(c1)C(=O)OC2=O,0,0,12,192.13,0.7,80.67,1,4,1,1
O=C1OC(=O)c2cc([N+](=O)[O-])ccc21,0,0,12,193.11,0.91,86.51,0,5,1,1
CC(Cc1ccccc1)(NC(=O)CN)c1ccccc1,0,0,11,268.36,2.22,55.12,2,2,5,2
CCC(=O)O[C@](Cc1ccccc1)(c1ccccc1)[C@H](C)CN(C)C,0,0,8,339.48,4.28,29.54,0,3,8,2
CC[C@H](c1ccc(O)cc1)[C@@H](CC)c1ccc(O)cc1,1,6,11,270.37,4.79,40.46,2,2,5,2
COc1cccc(CCc2ccccc2OCC(CN(C)C)OC(=O)CCC(=O)O)c1,0,0,10,429.51,3.2,85.3,1,6,13,2
c1ccc(CCc2ccccc2)cc1,0,0,12,182.27,3.47,0.0,0,0,3,2
O=C(O)C(Cc1cc(I)c(O)c(I)c1)c1ccccc1,1,1,11,494.07,4.01,57.53,2,2,4,2
O=CC=C(c1ccccc1)c1ccccc1,1,2,7,208.26,3.32,17.07,0,1,3,2
Oc1ccc(C(=C(Cl)Cl)c2ccc(O)cc2)cc1,1,4,7,281.14,4.29,40.46,2,2,2,2
CCOC(=O)C(C#N)=C(c1ccccc1)c1ccccc1,1,2,11,277.32,3.58,50.09,0,3,4,2
ClC(Cl)=C(c1ccc(Cl)cc1)c1ccc(Cl)cc1,1,2,10,318.03,6.19,0.0,0,0,2,2
CCCCC(CC)COC(=O)C(C#N)=C(c1ccccc1)c1ccccc1,1,2,11,361.49,5.77,50.09,0,3,9,2
CCC(CN)=C(c1ccccc1)c1ccccc1,0,0,1,237.35,3.86,26.02,1,1,4,2
NC[C@H]1O[C@H](O[C@H]2[C@H](O)[C@@H](O[C@H]3O[C@H](CO)[C@@H](O)[C@H](N)[C@H]3O)[C@H](N)C[C@@H]2N)[C@H](O)[C@@H](O)[C@@H]1O,0,0,12,484.5,-7.29,282.61,11,15,6,0
NCC[C@H](O)C(=O)N[C@@H]1C[C@H](N)[C@@H](O[C@H]2O[C@H](CN)[C@@H](O)[C@H](O)[C@H]2O)[C@H](O)[C@H]1O[C@H]1O[C@H](CO)[C@@H](O)[C@H](N)[C@H]1O,1,1,12,585.61,-8.42,331.94,13,17,10,0
NC[C@@H]1CC[C@@H](N)[C@@H](O[C@H]2[C@H](O)[C@@H](O[C@H]3O[C@H](CO)[C@@H](O)[C@H](N)[C@H]3O)[C@H](N)C[C@@H]2N)O1,1,2,10,451.52,-5.27,247.94,9,13,6,0
NC[C@H]1O[C@H](O[C@H]2[C@H](O)[C@@H](O[C@H]3O[C@H](CO)[C@@H](O)[C@H](N)[C@H]3O)[C@H](N)C[C@@H]2N)[C@H](N)[C@@H](O)[C@@H]1O,0,0,2,483.52,-7.33,288.4,11,15,6,0
CN[C@@H]1[C@@H](O)[C@@H](O[C@@H]2[C@@H](O)[C@H](O[C@H]3O[C@H](CN)[C@@H](O)[C@H](O)[C@H]3O)[C@@H](N)C[C@H]2NC(=O)C(O)CN)OC[C@]1(C)O,1,1,9,569.61,-7.52,297.72,12,16,9,0
NC[C@H]1O[C@H](O[C@H]2[C@H](O)[C@@H](O[C@H]3O[C@H](CO)[C@@H](O)[C@H](N)[C@H]3O)[C@H](N)C[C@@H]2N)[C@H](N)C[C@@H]1O,0,0,10,467.52,-6.3,268.17,10,14,6,0
Cc1c(F)c(N2CCNC(C)C2)cc2c1c(=O)c(C(=O)O)cn2C1CC1,0,0,1,359.4,2.28,74.57,2,4,3,2
C[C@@H]1CN(c2c(F)c(F)c3c(=O)c(C(=O)O)cn(C4CC4)c3c2F)C[C@H](C)N1,1,3,12,395.38,2.64,74.57,2,4,3,2
O=C(O)c1cn(C2CC2)c2cc(N3CCNCC3)c(F)cc2c1=O,0,0,11,331.35,1.58,74.57,2,4,3,2
C[C@@H]1CN(c2c(F)c(N)c3c(=O)c(C(=O)O)cn(C4CC4)c3c2F)C[C@H](C)N1,1,1,12,392.41,2.08,100.59,3,5,3,2
COc1c(N2CCNC(C)C2)c(F)cc2c(=O)c(C(=O)O)cn(C3CC3)c12,1,1,12,375.4,1.98,83.8,2,5,4,2
CCN1CCN(c2cc3c(cc2F)c(=O)c(C(=O)O)cn3C2CC2)CC1,0,0,11,359.4,2.32,65.78,1,4,4,2
O=C1OC2(c3ccc([O-])cc3Oc3cc([O-])ccc32)c2ccccc21,0,0,6,330.3,2.4,81.65,0,5,0,3
O=C1OC2(c3cc(Br)c(O)c(Br)c3Oc3c2cc(Br)c(O)c3Br)c2c(Cl)c(Cl)c(Cl)c(Cl)c21,1,1,7,785.67,9.33,75.99,2,5,0,3
O=C1OC2(c3cc(Br)c([O-])cc3Oc3c2cc(Br)c([O-])[c]3[Hg][OH])c2ccccc21,0,0,9,704.68,2.54,101.88,1,6,1,3
O=C1OC2(c3ccccc31)c1cc(Br)c(O)c(Br)c1Oc1c2cc(Br)c(O)c1Br,0,0,4,647.9,6.72,75.99,2,5,0,3
O=C1OC2(c3ccccc31)c1cc(I)c(O)c(I)c1Oc1c2cc(I)c(O)c1I,1,1,9,835.9,6.08,75.99,2,5,0,3
O=C1OC2(c3ccc(O)cc3Oc3cc(O)ccc32)c2ccccc21,1,2,7,332.31,3.67,75.99,2,5,0,3
CCC(C)n1c(=O)[nH]c(C)c(Br)c1=O,1,1,12,261.12,1.58,54.86,1,2,2,1
Cc1[nH]c(=O)n(C(C)(C)C)c(=O)c1Cl,0,0,12,216.67,1.25,54.86,1,2,0,1
O=c1cc[nH]c(=O)[nH]1,0,0,12,112.09,-0.94,65.72,2,2,0,1
O=c1[nH]cc(F)c(=O)[nH]1,1,2,12,130.08,-0.8,65.72,2,2,0,1
CCCCCCNC(=O)n1cc(F)c(=O)[nH]c1=O,0,0,1,257.26,0.81,83.96,2,3,5,1
Cn1c(N)c(N=O)c(=O)n(C)c1=O,1,1,10,184.15,-0.94,99.45,1,5,1,1
Cc1cc(C)nc(NS(=O)(=O)c2ccc(N)cc2)n1,1,1,12,278.34,1.48,97.97,2,5,3,2
Cc1ccnc(NS(=O)(=O)c2ccc(N)cc2)n1,0,0,12,264.31,1.17,97.97,2,5,3,2
COc1cnc(NS(=O)(=O)c2ccc(N)cc2)nc1,0,0,12,280.31,0.87,107.2,2,6,4,2
Nc1ccc(S(=O)(=O)Nc2ncccn2)cc1,0,0,10,250.28,0.86,97.97,2,5,3,2
Cc1cnc(NS(=O)(=O)c2ccc(N)cc2)nc1,0,0,2,264.31,1.17,97.97,2,5,3,2
Cc1nc(NS(=O)(=O)c2ccc(N)cc2)nc(C)c1Br,0,0,10,357.23,2.24,97.97,2,5,3,2
c1ccc2cnncc2c1,0,0,12,130.15,1.63,25.78,0,2,0,2
Clc1nnc(Cl)c2ccccc12,1,2,11,199.04,2.94,25.78,0,2,0,2
Nc1cccc2c(O)nnc(O)c12,0,0,12,177.16,0.62,92.26,3,5,0,2
NNc1nnc(NN)c2ccccc12,0,0,2,190.21,0.2,101.88,4,6,2,2
NNc1nncc2ccccc12,1,4,10,160.18,0.92,63.83,2,4,1,2
CCOC(=O)NNc1nncc2ccccc12,0,0,12,232.24,1.7,76.14,2,5,3,2
CCC(=O)N(c1ccccc1)C1CCN(CCc2ccccc2)CC1,1,2,10,336.48,4.14,23.55,0,2,6,2
CCC(=O)N(c1ccccc1)C1CCN(CC(O)c2ccccc2)CC1,0,0,11,352.48,3.63,43.78,1,3,6,2
CCC(=O)N(c1ccccc1)[C@@H]1CCN(CCc2ccccc2)C[C@@H]1C,0,0,8,350.51,4.38,23.55,0,2,6,2
CCC(=O)N(c1ccccc1)[C@H]1CCN(CCc2ccccc2)C[C@@H]1C,0,0,8,350.51,4.38,23.55,0,2,6,2
CCC(=O)N(c1ccc(F)cc1)C1CCN(CCc2ccccc2)CC1,0,0,11,354.47,4.28,23.55,0,2,6,2
CCC(=O)N(c1ccccc1)C1CCN(C(C)Cc2ccccc2)CC1,0,0,11,350.51,4.53,23.55,0,2,6,2
Cc1cc(C)cc(OP(=O)(Oc2cc(C)cc(C)c2)Oc2cc(C)cc(C)c2)c1,1,1,10,410.45,7.18,44.76,0,4,6,3
CC(C)(C)c1ccc(OP(=O)(Oc2ccccc2)Oc2ccccc2)cc1,1,1,9,382.4,6.63,44.76,0,4,6,3
Cc1ccc(OP(=O)(Oc2ccc(C)cc2)Oc2ccc(C)cc2)cc1,1,2,12,368.37,6.26,44.76,0,4,6,3
Cc1ccc(OP(=O)(Oc2ccccc2)Oc2ccccc2)cc1,1,3,11,340.32,5.64,44.76,0,4,6,3
Cc1ccccc1OP(=O)(Oc1ccccc1C)Oc1ccccc1C,1,4,9,368.37,6.26,44.76,0,4,6,3
O=P(Oc1ccccc1)(Oc1ccccc1)Oc1ccccc1,1,3,11,326.29,5.33,44.76,0,4,6,3
O=c1n(CCO)c(=O)n(CCO)c(=O)n1CCO,1,1,12,261.23,-3.85,126.69,3,6,6,1
C=CC(=O)OCCn1c(=O)n(CCOC(=O)C=C)c(=O)n(CCOC(=O)C=C)c1=O,1,4,7,423.38,-1.64,144.9,0,9,12,1
O=c1[nH]c(=O)n(Cl)c(=O)n1Cl,0,0,10,197.97,-1.3,76.86,1,3,0,1
CO[Si](CCCn1c(=O)n(CCC[Si](OC)(OC)OC)c(=O)n(CCC[Si](OC)(OC)OC)c1=O)(OC)OC,0,0,12,615.86,-0.02,149.07,0,12,21,1
O=c1n(Cl)c(=O)n(Cl)c(=O)n1Cl,0,0,12,232.41,-0.82,66.0,0,3,0,1
C=CCn1c(=O)n(CC=C)c(=O)n(CC=C)c1=O,0,0,12,249.27,-0.27,66.0,0,3,6,1
CCCCN(CCCC)SN(C)C(=O)Oc1cccc2c1OC(C)(C)C2,1,3,9,380.55,5.3,42.01,0,5,9,1
CC1(C)Cc2cccc(O)c2O1,0,0,12,164.2,2.11,29.46,1,2,0,1
CNC(=O)Oc1cccc2c1OC(C)(C)C2,1,1,12,221.26,2.12,47.56,1,3,1,1
CCOC1Oc2ccc(OS(C)(=O)=O)cc2C1(C)C,1,1,9,286.35,2.06,61.83,0,5,4,1
CC1(C)Cc2cccc(N)c2O1,0,0,12,163.22,1.98,35.25,1,2,0,1
CCOC(=O)CCN(SN(C)C(=O)Oc1cccc2c1OC(C)(C)C2)C(C)C,0,0,8,410.54,4.06,68.31,0,7,8,1
CC(C)N(CCC(C(N)=O)(c1ccccc1)c1ccccn1)C(C)C,0,0,12,339.48,3.36,59.22,1,3,8,2
CN(C)CC[C@@H](c1ccc(Cl)cc1)c1ccccn1,0,0,9,274.8,3.82,16.13,0,2,5,2
C[NH+](C)CCC(c1ccc(Cl)cc1)c1ccccn1,0,0,12,275.8,2.4,17.33,1,1,5,2
CN(C)CCOC(c1ccc(Cl)cc1)c1ccccn1,0,0,11,290.79,3.4,25.36,0,3,6,2
CN(C)CCOC(C)(c1ccccc1)c1ccccn1.O=C(O)CCC(=O)O,1,1,12,388.46,2.86,99.96,2,5,9,2
CN(C)CC[C@@H](c1ccc(Br)cc1)c1ccccn1,0,0,12,319.25,3.93,16.13,0,2,5,2
CCCCCCCCCCC=CC1CC(=O)OC1=O,1,1,12,266.38,4.16,43.37,0,3,10,0
CCCCCC=CCC1CC(=O)OC1=O,0,0,10,210.27,2.6,43.37,0,3,6,0
O=C1CCC(=O)O1,0,0,12,100.07,-0.15,43.37,0,3,0,0
CCCCCCCCC/C=C/CC1CC(=O)OC1=O,1,1,11,266.38,4.16,43.37,0,3,10,0
CCCCCCCCCCCCCCCC/C=C/C1CC(=O)OC1=O,0,0,10,350.54,6.5,43.37,0,3,16,0
C/C(=C\C(C)CC(C)CC(C)C)C1CC(=O)OC1=O,1,1,11,266.38,3.73,43.37,0,3,6,0
CN(C)CCCN1c2ccccc2CCc2ccc(Cl)cc21,0,0,9,314.86,4.53,6.48,0,2,4,2
CN(C)CCCN1c2ccccc2CCc2ccccc21,0,0,8,280.42,3.88,6.48,0,2,4,2
CNCCCN1c2ccccc2CCc2ccccc21,0,0,10,266.39,3.53,15.27,1,2,4,2
CC(CN(C)C)CN1c2ccccc2CCc2ccccc21,0,0,10,294.44,4.12,6.48,0,2,4,2
CCOC(=O)Nc1ccc2c(c1)N(C(=O)CN(C)C)c1ccccc1CC2,0,0,8,367.45,3.58,61.88,1,4,4,2
c1ccc2c(c1)CCc1ccccc1N2,1,2,10,195.27,3.53,12.03,1,1,0,2
O=C(NC(=O)c1c(F)cccc1F)Nc1ccc(Cl)cc1,1,2,11,310.69,3.58,58.2,2,2,2,2
O=C(NC(=O)c1c(F)cccc1F)Nc1cc(Cl)c(OC(F)(F)C(F)C(F)(F)F)cc1Cl,1,1,12,511.15,6.11,67.43,2,3,5,2
O=C(NC(=O)c1ccccc1Cl)Nc1ccc(OC(F)(F)F)cc1,1,1,11,358.7,4.2,67.43,2,3,3,2
O=C(NC(=O)c1c(F)cccc1F)Nc1cc(Cl)c(F)c(Cl)c1F,0,0,11,381.11,4.51,58.2,2,2,2,2
O=C(NC(=O)c1c(F)cccc1F)Nc1ccc(OC(F)(F)C(F)OC(F)(F)F)c(Cl)c1,0,0,6,492.71,5.38,76.66,2,4,6,2
CC[C@@H](CO)NC(=O)[C@@H]1C=C2c3cccc4[nH]cc(c34)C[C@H]2N(C)C1,0,0,11,339.44,1.92,68.36,3,3,4,2
CC[C@@H](CO)NC(=O)[C@@H]1C=C2c3cccc4c3c(cn4C)C[C@H]2N(C)C1,1,1,12,353.47,1.94,57.5,2,3,4,2
CCN(CC)C(=O)[C@@H]1C=C2c3cccc4[nH]cc(c34)C[C@H]2N(C)C1,1,4,11,323.44,2.91,39.34,1,2,3,2
C[C@@H](CO)NC(=O)[C@@H]1C=C2c3cccc4[nH]cc(c34)C[C@H]2N(C)C1,1,2,9,325.41,1.53,68.36,3,3,3,2
CCN(CC)C(=O)N[C@@H]1C=C2c3cccc4[nH]cc(c34)C[C@@H]2N(C)C1,1,2,10,338.46,2.84,51.37,2,2,3,2
CC(=O)OC1CC(C)OC(C)O1,0,0,12,174.2,1.05,44.76,0,4,1,0
CCC1(CO)COCOC1,0,0,11,146.19,0.38,38.69,1,3,2,0
OCC1(CO)COCOC1,0,0,11,148.16,-1.04,58.92,2,4,2,0
OCC1(CO)COC(C(Cl)(Cl)Cl)OC1,0,0,10,265.52,0.7,58.92,2,4,2,0
O=[N+]([O-])C1(Br)COCOC1,0,0,8,212.0,0.36,61.6,0,4,1,0
N=C(N)NCCC[C@H](NC(=O)[C@@H]1CCCN1C(=O)[C@@H]1CSSCCC(=O)N[C@@H](Cc2ccc(O)cc2)C(=O)N[C@@H](Cc2ccccc2)C(=O)N[C@@H](CCC(N)=O)C(=O)N[C@@H](CC(N)=O)C(=O)N1)C(=O)NCC(N)=O,0,0,12,1069.24,-4.13,435.41,14,15,19,2
NCCCC[C@H](NC(=O)[C@@H]1CCCN1C(=O)[C@@H]1CSSC[C@H](N)C(=O)N[C@@H](Cc2ccccc2)C(=O)N[C@@H](Cc2ccccc2)C(=O)N[C@@H](CCC(N)=O)C(=O)N[C@@H](CC(N)=O)C(=O)N1)C(=O)NCC(N)=O,0,0,10,1040.24,-4.03,405.32,12,15,19,2
N=C(N)NCCC[C@H](NC(=O)[C@@H]1CCCN1C(=O)[C@@H]1CSSC[C@H](N)C(=O)N[C@@H](Cc2ccc(O)cc2)C(=O)N[C@@H](Cc2ccccc2)C(=O)N[C@@H](CCC(N)=O)C(=O)N[C@@H](CC(N)=O)C(=O)N1)C(=O)NCC(N)=O,1,2,10,1084.25,-5.19,461.43,15,16,19,2
NCCCC[C@H](NC(=O)[C@@H]1CCCN1C(=O)[C@@H]1CSSC[C@H](N)C(=O)N[C@@H](Cc2ccc(O)cc2)C(=O)N[C@@H](Cc2ccccc2)C(=O)N[C@@H](CCC(N)=O)C(=O)N[C@@H](CC(N)=O)C(=O)N1)C(=O)NCC(N)=O,0,0,10,1056.24,-4.33,425.55,13,16,19,2
NCCCC[C@H](NC(=O)[C@@H]1CCCN1C(=O)[C@@H]1CSSC[C@H](NC(=O)CNC(=O)CNC(=O)CN)C(=O)N[C@@H](Cc2ccc(O)cc2)C(=O)N[C@@H](Cc2ccccc2)C(=O)N[C@@H](CCC(N)=O)C(=O)N[C@@H](CC(N)=O)C(=O)N1)C(=O)NCC(N)=O,0,0,10,1227.4,-6.98,512.85,16,19,25,2
O=C(Nc1ccc([N+](=O)[O-])cc1)Nc1ccc([N+](=O)[O-])cc1,1,3,12,302.25,3.15,127.41,2,5,4,2
O=C(Nc1ccc(Cl)cc1)Nc1ccc(Cl)c(C(F)(F)F)c1,1,2,7,349.14,5.66,41.13,2,1,2,2
CCN(C(=O)N(CC)c1ccccc1)c1ccccc1,1,1,10,268.36,4.16,23.55,0,1,4,2
O=C(Nc1ccc(Cl)cc1)Nc1ccc(Cl)c(Cl)c1,1,4,9,315.59,5.29,41.13,2,1,2,2
O=C(Nc1ccccc1)Nc1ccccc1,1,3,10,212.25,3.33,41.13,2,1,2,2
O=C1C(Cl)=C(Cl)C(=O)c2ccccc21,1,4,8,227.05,2.75,34.14,0,2,0,1
CC1=C(C/C=C(\C)CCC[C@H](C)CCC[C@H](C)CCCC(C)C)C(=O)c2ccccc2C1=O,0,0,2,450.71,9.16,34.14,0,2,14,1
CC1=CC(=O)c2ccccc2C1=O,1,3,8,172.18,2.01,34.14,0,2,0,1
CC(C)=CCC1=C(O)C(=O)c2ccccc2C1=O,1,4,8,242.27,3.23,54.37,1,3,2,1
CC(C)=CCC/C(C)=C/CC/C(C)=C/CC/C(C)=C/CC1=C(C)C(=O)c2ccccc2C1=O,1,1,10,444.66,8.92,34.14,0,2,11,1
COc1cc(NS(=O)(=O)c2ccc(N)cc2)ncn1,0,0,12,280.31,0.87,107.2,2,6,4,2
COc1cc(NS(=O)(=O)c2ccc(N)cc2)nc(C)n1,0,0,12,294.34,1.18,107.2,2,6,4,2
Cc1cc(NS(=O)(=O)c2ccc(N)cc2)nc(C)n1,0,0,12,278.34,1.48,97.97,2,5,3,2
COc1cc(NS(=O)(=O)c2ccc(N)cc2)nc(OC)n1,0,0,12,310.34,0.88,116.43,2,7,5,2
COc1ncnc(NS(=O)(=O)c2ccc(N)cc2)c1OC,0,0,12,310.34,0.88,116.43,2,7,5,2
COc1ccc2c3c1O[C@H]1[C@@H](O)C=C[C@H]4[C@@H](C2)N(C)CC[C@@]341,1,3,12,299.37,1.5,41.93,1,4,1,1
C=CCN1CC[C@]23c4c5ccc(O)c4O[C@H]2[C@@H](O)C=C[C@H]3[C@H]1C5,0,0,10,311.38,1.75,52.93,2,4,2,1
CCOc1ccc2c3c1O[C@H]1[C@@H](O)C=C[C@H]4[C@@H](C2)N(C)CC[C@@]341,0,0,10,313.4,1.89,41.93,1,4,2,1
CC(=O)Oc1ccc2c3c1O[C@H]1[C@@H](OC(C)=O)C=C[C@H]4[C@@H](C2)N(C)CC[C@@]341,0,0,10,369.42,1.99,65.07,0,6,2,1
COc1ccc2c3c1O[C@H]1[C@@H](O)C=C[C@H]4[C@@H](C2)NCC[C@@]341,0,0,10,285.34,1.16,50.72,2,4,1,1
CO/N=C(/C(=O)N[C@@H]1C(=O)N2C(C(=O)OCOC(=O)C(C)(C)C)=C(C)CS[C@H]12)c1csc(N)n1,0,0,12,511.58,0.84,162.51,2,12,7,1
C=CC1=C(C(=O)O)N2C(=O)[C@@H](NC(=O)/C(=N/O)c3csc(N)n3)[C@H]2SC1,0,0,10,395.42,-0.17,158.21,4,9,5,1
C=CC1=C(C(=O)O)N2C(=O)[C@@H](NC(=O)/C(=N/OCC(=O)O)c3csc(N)n3)[C@H]2SC1,0,0,10,453.46,-0.54,184.51,4,10,8,1
CO/N=C(/C(=O)N[C@@H]1C(=O)N2C(C(=O)[O-])=C(COC(C)=O)CS[C@H]12)c1csc(N)n1,0,0,10,454.47,-1.96,176.34,2,12,7,1
CO/N=C(\C(=O)N[C@@H]1C(=O)N2C(C(=O)[O-])=CCS[C@H]12)c1csc(N)n1,0,0,10,382.4,-1.89,150.04,2,10,5,1
CCCCCCC1CCCC(=O)O1,0,0,9,184.28,3.05,26.3,0,2,5,0
CCCCCC1CCCC(=O)O1,0,0,12,170.25,2.66,26.3,0,2,4,0
O=C1CCCCO1,0,0,12,100.12,0.71,26.3,0,2,0,0
CCCC1CCCC(=O)O1,1,1,11,142.2,1.88,26.3,0,2,2,0
O=C1O[C@H](CO)[C@@H](O)[C@H](O)[C@H]1O,0,0,12,178.14,-3.01,107.22,4,6,1,0
COc1cccc2c1C(=O)c1c(O)c3c(c(O)c1C2=O)C[C@@](O)(C(C)=O)C[C@@H]3O[C@H]1C[C@H](N)[C@H](O)[C@H](C)O1,1,7,9,527.53,1.03,185.84,5,11,4,2
CC(=O)[C@]1(O)Cc2c(O)c3c(c(O)c2[C@@H](O[C@H]2C[C@H](N)[C@H](O)[C@H](C)O2)C1)C(=O)c1c(O)cccc1C3=O,1,6,7,513.5,0.73,196.84,6,11,3,2
COc1cccc2c1C(=O)c1c(O)c3c(c(O)c1C2=O)C[C@@](O)(C(=O)CO)C[C@@H]3O[C@H]1C[C@H](N)[C@H](O)[C@H](C)O1,1,7,12,543.53,0.0,206.07,6,12,5,2
CCCCC(=O)OCC(=O)[C@]1(O)Cc2c(O)c3c(c(O)c2[C@@H](O[C@H]2C[C@H](NC(=O)C(F)(F)F)[C@H](O)[C@H](C)O2)C1)C(=O)c1c(OC)cccc1C3=O,1,4,7,723.65,2.46,215.22,5,13,10,2
CC(=O)[C@]1(O)Cc2c(O)c3c(c(O)c2[C@@H](O[C@H]2C[C@H](N)[C@H](O)[C@H](C)O2)C1)C(=O)c1ccccc1C3=O,1,7,9,497.5,1.02,176.61,5,10,3,2
O=[PH](Oc1ccccc1)Oc1ccccc1,1,1,12,234.19,3.53,35.53,0,3,4,2
CC(C)CCCCCCCOP(=O)(Oc1ccccc1)Oc1ccccc1,0,0,9,390.46,7.27,44.76,0,4,13,2
O=P(Cl)(Oc1ccccc1)Oc1ccccc1,0,0,11,268.64,4.49,35.53,0,3,4,2
CCCCC(CC)COP(=O)(Oc1ccccc1)Oc1ccccc1,0,0,10,362.41,6.49,44.76,0,4,11,2
O=P(O)(Oc1ccccc1)Oc1ccccc1,0,0,11,250.19,3.24,55.76,1,3,4,2
CC(C)(C)c1nnc(NS(=O)(=O)c2ccccc2)s1,1,2,12,297.41,2.64,71.95,1,5,3,2
Cc1nnc(NS(=O)(=O)c2ccc(N)cc2)s1,0,0,12,270.34,1.23,97.97,2,6,3,2
CCc1nnc(NS(=O)(=O)c2ccc(N)cc2)s1,0,0,11,284.37,1.48,97.97,2,6,4,2
COc1ccc(S(=O)(=O)Nc2nnc(CC(C)C)s2)cc1,0,0,12,327.43,2.55,81.18,1,6,6,2
CC(C)(C)c1nnc(NS(=O)(=O)c2ccc(N)cc2)s1,0,0,2,312.42,2.22,97.97,2,6,3,2
CC(=O)[C@H]1CC[C@H]2[C@@H]3C=CC4=CC(=O)CC[C@@]4(C)[C@@H]3CC[C@]12C,1,3,12,312.45,4.5,34.14,0,2,1,0
C[C@]12CCC(=O)C=C1C=C[C@@H]1[C@@H]2CC[C@@]2(C)[C@H]1CC[C@@]2(O)CCC(=O)[O-],1,2,10,357.47,2.56,77.43,1,4,3,0
CC(=O)O[C@]1(C(C)=O)CC[C@H]2[C@@H]3C=C(C)C4=CC(=O)CC[C@]4(C)[C@H]3CC[C@@]21C,1,2,9,384.52,4.58,60.44,0,4,2,0
CC(=O)[C@@]1(O)CC[C@H]2[C@@H]3C=C(Cl)C4=CC(=O)CC[C@]4(C)[C@H]3CC[C@@]21C,1,3,8,362.9,4.18,54.37,1,3,1,0
CC(=O)O[C@]1(C(C)=O)CC[C@H]2[C@@H]3C=C(Cl)C4=CC(=O)CC[C@]4(C)[C@H]3CC[C@@]21C,1,4,9,404.93,4.75,60.44,0,4,2,0
N#Cc1ccc(CC(=O)c2cccc(C(F)(F)F)c2)cc1,0,0,11,289.26,4.0,40.86,0,2,3,2
COC(OC)(C(=O)c1ccccc1)c1ccccc1,1,2,11,256.3,3.02,35.53,0,3,5,2
O=C(Cc1ccccc1)c1ccccc1,0,0,10,196.25,3.11,17.07,0,1,3,2
O=C(c1ccccc1)C(O)c1ccccc1,0,0,12,212.25,2.6,37.3,1,2,3,2
CC(=O)OC(C(=O)c1ccccc1)c1ccccc1,0,0,11,254.29,3.17,43.37,0,3,4,2
FC(F)C(F)(F)OCC(Cn1cncn1)c1ccc(Cl)cc1Cl,1,2,5,372.15,4.24,39.94,0,3,7,2
CCCCC(C#N)(Cn1cncn1)c1ccc(Cl)cc1,1,1,12,288.78,3.58,54.5,0,3,6,2
CCCC(Cn1cncn1)c1ccc(Cl)cc1Cl,1,2,6,284.19,4.17,30.71,0,2,5,2
CCCCC(O)(Cn1cncn1)c1ccc(Cl)cc1Cl,1,1,6,314.22,3.66,50.94,1,3,6,2
CC(C)(C)C(O)C(Cc1ccc(Cl)cc1)n1cncn1,0,0,11,293.8,3.12,50.94,1,3,4,2
O=C(OCc1ccccc1)c1ccc(O)cc1,1,4,10,228.25,2.75,46.53,1,3,3,2
O=C(O)c1ccccc1C(=O)OCc1ccccc1,0,0,9,256.26,2.74,63.6,1,3,4,2
O=C(OCc1ccccc1)c1ccccc1O,1,1,11,228.25,2.75,46.53,1,3,3,2
CCCCOC(=O)c1ccccc1C(=O)OCc1ccccc1,1,2,12,312.36,4.0,52.6,0,4,7,2
O=C(OCc1ccccc1)c1ccccc1,0,0,12,212.25,3.04,26.3,0,2,3,2
CCCCOC(=O)[C@@H](C)Oc1ccc(Oc2ccc(C(F)(F)F)cn2)cc1,1,2,11,383.37,5.0,57.65,0,5,8,2
COC(=O)C(C)Oc1ccc(Oc2ncc(C(F)(F)F)cc2Cl)cc1,0,0,11,375.73,4.49,57.65,0,5,5,2
CC(Oc1ccc(Oc2ncc(C(F)(F)F)cc2Cl)cc1)C(=O)O,1,1,7,361.7,4.4,68.65,1,4,5,2
CCCCOC(=O)C(C)Oc1ccc(Oc2ccc(C(F)(F)F)cn2)cc1,1,1,12,383.37,5.0,57.65,0,5,8,2
C#CCOC(=O)[C@@H](C)Oc1ccc(Oc2ncc(Cl)cc2F)cc1,0,0,12,349.75,3.61,57.65,0,5,6,2
CNc1ncnc2[nH]cnc12,1,3,10,149.16,0.39,66.49,2,4,1,2
CC(=O)OCC(CCn1cnc2cnc(N)nc21)COC(C)=O,0,0,12,321.34,0.54,122.22,1,8,7,2
Nc1ncnc2[nH]cnc12,1,1,11,135.13,-0.06,80.48,2,4,0,2
CC(C)(C)C(=O)OCOP(=O)(COCCn1cnc2c(N)ncnc21)OCOC(=O)C(C)(C)C,1,1,2,501.48,2.7,166.98,1,12,11,2
CC(C)OC(=O)OCOP(=O)(CO[C@H](C)Cn1cnc2c(N)ncnc21)OCOC(=O)OC(C)C,0,0,11,519.45,3.04,185.44,1,14,13,2
OC1CCCc2ccccc21,0,0,12,148.2,2.06,20.23,1,1,0,1
CC(=O)c1cc2c(cc1C)C(C)(C)C(C)CC2(C)C,1,1,10,258.4,4.79,17.07,0,1,1,1
CC(=O)c1ccc2c(c1)CCCC2,0,0,9,174.24,2.77,17.07,0,1,1,1
CC(C)(C)NCC(O)COc1cccc2c1C[C@H](O)[C@H](O)C2,0,0,12,309.41,0.63,81.95,4,5,5,1
c1ccc2c(c1)CCCC2,0,0,12,132.21,2.57,0.0,0,0,0,1
CC[N+](CC)(CC)CCC(O)(c1ccccc1)C1CCCCC1,0,0,10,318.53,4.72,20.23,1,1,8,1
CCN(CC)CC#CCOC(=O)C(O)(c1ccccc1)C1CCCCC1,0,0,9,357.49,3.34,49.77,1,4,7,1
COc1ccc(C(CN(C)C)C2(O)CCCCC2)cc1,0,0,12,277.41,3.04,32.7,1,3,5,1
CCN(CC)CCOC(=O)C(c1ccccc1)C1CCCCC1,1,1,11,317.47,4.24,29.54,0,3,8,1
CC[N+](C)(CC)CCOC(=O)C(O)(c1ccccc1)C1CCCCC1,0,0,11,348.51,3.48,46.53,1,3,8,1
CC[C@H]1OC(=O)[C@H](C)[C@@H](O[C@H]2C[C@@](C)(OC)[C@@H](O)[C@H](C)O2)C(C)[C@@H](O[C@@H]2O[C@H](C)C[C@H](N(C)C)[C@H]2O)[C@](C)(OC)C[C@@H](C)C(=O)[C@H](C)[C@@H](O)[C@]1(C)O,0,0,12,747.96,2.44,182.91,4,14,8,0
CCOC(=O)CCC(=O)O[C@H]1[C@H](O[C@@H]2[C@@H](C)[C@H](O[C@H]3C[C@@](C)(OC)[C@@H](O)[C@H](C)O3)[C@@H](C)C(=O)O[C@H](CC)[C@@](C)(O)[C@H](O)[C@@H](C)C(=O)[C@H](C)C[C@@]2(C)O)O[C@H](C)C[C@@H]1N(C)C,0,0,10,862.06,2.68,226.28,4,17,12,0
CCC(=O)O[C@H]1[C@H](O[C@@H]2[C@@H](C)[C@H](O[C@H]3C[C@@](C)(OC)[C@@H](O)[C@H](C)O3)[C@@H](C)C(=O)O[C@H](CC)[C@@](C)(O)[C@H](O)[C@@H](C)C(=O)[C@H](C)C[C@@]2(C)O)O[C@H](C)C[C@@H]1N(C)C,0,0,2,790.0,2.75,199.98,4,15,9,0
CCC(=O)O[C@H]1[C@H](O[C@@H]2[C@@H](C)[C@H](O[C@H]3C[C@@](C)(OC)[C@@H](O)[C@H](C)O3)[C@@H](C)C(=O)O[C@H](CC)[C@@](C)(O)[C@H](O)[C@@H](C)C(=O)[C@H](C)C[C@@]2(C)O)O[C@H](C)C[C@@H]1N(C)C.CCCCCCCCCCCCOS(=O)(=O)O,0,0,7,1056.4,6.47,263.58,5,18,21,0
CC[C@H]1OC(=O)[C@H](C)[C@@H](O[C@H]2C[C@@](C)(OC)[C@@H](O)[C@H](C)O2)[C@H](C)[C@@H](O[C@@H]2O[C@H](C)C[C@H](N(C)C)[C@H]2O)[C@](C)(O)C[C@@H](C)C(=O)[C@H](C)[C@@H](O)[C@]1(C)O,1,1,9,733.94,1.79,193.91,5,14,7,0
CNCCC(Oc1ccc(C(F)(F)F)cc1)c1ccccc1,0,0,7,309.33,4.44,21.26,1,2,6,2
CO/N=C(/C(=O)OC)c1ccccc1COc1ccccc1C,1,1,6,313.35,3.1,57.12,0,5,6,2
Oc1ccc(OCc2ccccc2)cc1,1,6,9,200.24,2.97,29.46,1,2,3,2
CNCCC(Oc1ccccc1OC)c1ccccc1,0,0,12,271.36,3.42,30.49,1,3,7,2
CNCC[C@@H](Oc1ccccc1C)c1ccccc1,0,0,10,255.36,3.72,21.26,1,2,6,2
CCC(=O)OC1(c2ccccc2)CCN(C)CC1,0,0,11,247.34,2.56,29.54,0,3,3,1
OC1(c2ccc(Cl)cc2)CCNCC1,0,0,2,211.69,1.91,32.26,2,2,1,1
OC1(c2ccccc2)CCNCC1,0,0,2,177.25,1.26,32.26,2,2,1,1
CCC(=O)O[C@]1(c2ccccc2)CCN(C)C[C@H]1C,0,0,10,261.36,2.81,29.54,0,3,3,1
CCc1ccc(C2CCNCC2)cc1,0,0,2,189.3,2.72,12.03,1,1,2,1
Cc1cc(O)cc2c1O[C@](C)(CCC[C@H](C)CCC[C@H](C)CCCC(C)C)CC2,0,0,12,402.66,8.22,29.46,1,2,12,1
CC(=O)Oc1c(C)c(C)c2c(c1C)CC[C@@](C)(CCC[C@H](C)CCC[C@H](C)CCCC(C)C)O2,0,0,12,472.75,9.06,35.53,0,3,13,1
Cc1c(C)c2c(c(C)c1O)CC[C@@](C)(CCC[C@H](C)CCC[C@H](C)CCCC(C)C)O2,0,0,12,430.72,8.84,29.46,1,2,12,1
Cc1c(C)c2c(c(C)c1OC(=O)CCC(=O)OCCO)CC[C@@](C)(CCC[C@H](C)CCC[C@H](C)CCCC(C)C)O2,1,1,10,574.84,8.36,82.06,1,6,18,1
Cc1c(C)c2c(c(C)c1OC(=O)CCC(=O)O)CC[C@@](C)(CCC[C@H](C)CCC[C@H](C)CCCC(C)C)O2,0,0,9,530.79,8.9,72.83,1,4,16,1
O=S1(=O)OC(c2ccc([O-])cc2)(c2ccc(O)cc2)c2ccccc21,0,0,10,353.38,2.48,86.66,1,5,2,3
O=S1(=O)OC(c2ccc(O)cc2)(c2ccc(O)cc2)c2ccccc21,1,1,12,354.38,3.11,83.83,2,5,2,3
Cc1c(C2(c3cc(Br)c(O)c(Br)c3C)OS(=O)(=O)c3ccccc32)cc(Br)c(O)c1Br,0,0,7,698.02,6.78,83.83,2,5,2,3
Cc1cc(C2(c3cc(C)c(O)cc3C)OS(=O)(=O)c3ccccc32)c(C)cc1O,1,4,11,410.49,4.34,83.83,2,5,2,3
O=S1(=O)OC(c2cc(Br)c(O)c(Br)c2)(c2cc(Br)c(O)c(Br)c2)c2ccccc21,0,0,7,669.97,6.16,83.83,2,5,2,3
CCCCC[C@H](O)/C=C/[C@H]1[C@H](O)CC(=O)[C@@H]1C/C=C\CCCC(=O)O,0,0,9,352.47,3.25,94.83,3,4,12,0
CCCCC[C@H](O)/C=C/[C@H]1[C@H](O)CC(=O)[C@@H]1CCCCCCC(=O)O,0,0,8,354.49,3.48,94.83,3,4,13,0
O=C1CCCC1,0,0,12,84.12,1.13,17.07,0,1,0,0
CCCCCC1C(=O)CCC1CC(=O)OC,0,0,12,226.32,2.73,43.37,0,3,6,0
CCCCCCCC1CCCC1=O,0,0,11,182.31,3.72,17.07,0,1,6,0
COc1ccc(-c2coc3cc(O)cc(O)c3c2=O)cc1,1,5,7,284.27,2.88,79.9,2,5,2,3
CC(C)Oc1ccc2c(=O)c(-c3ccccc3)coc2c1,1,4,10,280.32,4.25,39.44,0,3,3,3
O=c1c(-c2ccc(O)cc2)coc2cc(O)cc(O)c12,1,7,10,270.24,2.58,90.9,3,5,1,3
O=c1c(-c2ccc(O)cc2)coc2cc(O)ccc12,1,4,8,254.24,2.87,70.67,2,4,1,3
COc1ccc(-c2coc3cc(O)ccc3c2=O)cc1,1,6,10,268.27,3.17,59.67,1,4,2,3
Cc1cc(OC(=O)N(C)C)nn1C(=O)N(C)C,0,0,12,240.26,0.78,67.67,0,4,1,1
Cc1cc(C)n(CO)n1,0,0,12,126.16,0.45,38.05,1,2,1,1
NCCc1cc[nH]n1,0,0,12,111.15,-0.09,54.7,2,2,2,1
N=C(N)n1cccn1,0,0,10,110.12,-0.38,67.69,2,2,0,1
Cc1cn[nH]c1,0,0,12,82.11,0.72,28.68,1,1,0,1
CN1[C@@H]2CC[C@H]1C[C@@H](OC(=O)c1cc(Cl)cc(Cl)c1)C2,0,0,11,314.21,3.78,29.54,0,3,2,1
Cc1cc(C)cc(C(=O)OC2C[C@H]3CC[C@@H](C2)N3C)c1,0,0,10,273.38,3.09,29.54,0,3,2,1
CN1[C@H]2CC[C@@H]1[C@@H](C(=O)O)[C@@H](OC(=O)c1ccccc1)C2,0,0,10,289.33,1.78,66.84,1,4,3,1
COC(=O)[C@H]1[C@@H](OC(=O)c2ccccc2)C[C@@H]2CC[C@H]1N2C,0,0,10,303.36,1.87,55.84,0,5,3,1
COC(=O)[C@@H]1[C@H]2CC[C@@H](C[C@H]1OC(=O)c1ccccc1)N2C,0,0,10,303.36,1.87,55.84,0,5,3,1
CC[C@]1(O)CC[C@H]2[C@@H]3CCC4=CCCC[C@@H]4[C@H]3CC[C@@]21C,0,0,2,288.48,5.09,20.23,1,1,1,0
CCC(=O)O[C@@H]1C=C2CCC3C(CCC4(C)C3CC[C@@H]4OC(=O)CC)C2CC1,0,0,2,388.55,5.2,52.6,0,4,4,0
C#C[C@@]1(O)CC[C@H]2[C@@H]3CCC4=CCCC[C@@H]4[C@H]3CC[C@@]21C,1,6,11,284.44,4.31,20.23,1,1,0,0
C#C[C@]1(OC(C)=O)CC[C@H]2[C@@H]3CCC4=C[C@@H](OC(C)=O)CC[C@@H]4[C@H]3CC[C@@]21C,1,8,12,384.52,4.43,52.6,0,4,2,0
C=CC[C@]1(O)CC[C@H]2[C@@H]3CCC4=CCCC[C@@H]4[C@H]3CC[C@@]21C,1,4,10,300.49,5.26,20.23,1,1,2,0
O=C(CCCN1CCC(O)(c2cccc(C(F)(F)F)c2)CC1)c1ccc(F)cc1,0,0,8,409.42,4.79,40.54,1,3,6,2
O=C(CCCN1CCC(O)(c2ccc(Br)cc2)CC1)c1ccc(F)cc1,0,0,12,420.32,4.53,40.54,1,3,6,2
O=C(CCCN1CCC(O)(c2ccc(Cl)cc2)CC1)c1ccc(F)cc1,0,0,10,375.87,4.43,40.54,1,3,6,2
Cc1ccc(C2(O)CCN(CCCC(=O)c3ccc(F)cc3)CC2)cc1,0,0,9,355.45,4.08,40.54,1,3,6,2
C[C@H]1O[C@@H](O[C@H]2CC[C@@]3(C)[C@H](CC[C@@H]4[C@@H]3C[C@@H](O)[C@]3(C)[C@@H](C5=CC(=O)OC5)CC[C@]43O)C2)C[C@H](O)[C@@H]1O[C@H]1C[C@H](O)[C@H](O[C@H]2C[C@H](O)[C@H](O[C@@H]3O[C@H](CO)[C@@H](O)[C@H](O)[C@H]3O)[C@@H](C)O2)[C@@H](C)O1,1,1,4,943.09,0.04,282.21,9,19,10,0
CC(=O)O[C@H]1C[C@H](O[C@H]2[C@@H](O)C[C@H](O[C@H]3[C@@H](O)C[C@H](O[C@H]4CC[C@@]5(C)[C@H](CC[C@@H]6[C@@H]5C[C@@H](O)[C@]5(C)[C@@H](C7=CC(=O)OC7)CC[C@]65O)C4)O[C@@H]3C)O[C@@H]2C)O[C@H](C)[C@H]1O[C@@H]1O[C@H](CO)[C@@H](O)[C@H](O)[C@H]1O,1,2,3,985.13,0.61,288.28,8,20,11,0
CC(=O)O[C@H]1C[C@H](O[C@H]2[C@@H](O)C[C@H](O[C@H]3[C@@H](O)C[C@H](OC4CC[C@@]5(C)[C@H](CC[C@@H]6[C@@H]5CC[C@]5(C)[C@@H](C7=CC(=O)OC7)CC[C@]65O)C4)O[C@@H]3C)O[C@@H]2C)O[C@H](C)[C@H]1O[C@@H]1O[C@H](CO)[C@@H](O)[C@H](O)[C@H]1O,1,2,4,969.13,1.64,268.05,7,19,11,0
CC(=O)O[C@H]1C[C@H](O[C@H]2[C@@H](O)C[C@H](O[C@H]3[C@@H](O)C[C@H](OC4CC[C@@]5(C)C(CC[C@@H]6[C@@H]5CC[C@]5(C)[C@@H](C7=CC(=O)OC7)[C@@H](O)C[C@]65O)C4)O[C@@H]3C)O[C@@H]2C)O[C@H](C)[C@H]1O[C@@H]1O[C@H](CO)[C@@H](O)[C@H](O)[C@H]1O,1,3,5,985.13,0.61,288.28,8,20,11,0
CCCc1c(OCCCOc2ccc(OCC(=O)O)cc2)ccc(C(C)=O)c1O,1,1,8,402.44,3.86,102.29,2,6,12,2
N=C(N)c1ccc(OCCCOc2ccc(C(=N)N)cc2)cc1,1,1,11,312.37,2.1,118.2,4,4,8,2
O=C(O)c1ccc(OCCCOc2ccc(C(=O)O)cc2)cc1,0,0,12,316.31,2.93,93.06,2,4,8,2
N=C(N)c1ccc(OCCCOc2ccc(C(=N)N)cc2Br)c(Br)c1,0,0,8,470.17,3.63,118.2,4,4,8,2
C=C1C(C)(C)[C@@]2(Cl)C(Cl)[C@]1(Cl)C(Cl)(Cl)C2(Cl)Cl,1,3,7,377.35,5.51,0.0,0,0,0,0
CC(=O)/C=C/C=C1/C2CCC(C2)C1(C)C,0,0,2,204.31,3.51,17.07,0,1,2,0
C=C1C2CCC(C2)C1(C)C,0,0,12,136.24,3.0,0.0,0,0,0,0
C=C1C(CCl)(CCl)C2(Cl)C(Cl)C(Cl)C1(Cl)C2(Cl)Cl,1,5,8,411.8,5.38,0.0,0,0,2,0
c1ccc2[nH]nnc2c1,1,1,12,119.13,0.96,41.57,1,2,0,2
On1nnc2ccccc21,0,0,12,135.13,0.67,50.94,1,3,0,2
Clc1ccc2[nH]nnc2c1,0,0,9,153.57,1.61,41.57,1,2,0,2
Cc1cccc2[nH]nnc12,0,0,12,133.15,1.27,41.57,1,2,0,2
O=C(O)/C=C/c1ccc(Cn2ccnc2)cc1,0,0,12,228.25,2.03,55.12,1,2,4,2
CCOC(=O)c1cncn1C(C)c1ccccc1,0,0,11,244.29,2.67,44.12,0,3,4,2
COC(=O)c1cncn1C(C)c1ccccc1,0,0,12,230.27,2.28,44.12,0,3,3,2
CCCOC(=O)c1cncn1C(C)c1ccccc1,0,0,2,258.32,3.06,44.12,0,3,5,2
CCCC(C)C1(CC)C(=O)N=C(O)NC1=O,0,0,10,226.28,1.39,78.76,2,2,4,0
CCC1(CC)C(=O)N=C([O-])NC1=O,0,0,12,183.19,-0.83,81.59,1,3,2,0
CCCC(C)C1(CC)C(=O)N=C([S-])NC1=O,0,0,12,241.34,1.38,58.53,1,3,4,0
C=CCC1(C(C)CCC)C(=O)N=C([S-])NC1=O,0,0,10,253.35,1.54,58.53,1,3,5,0
CC(=O)c1cc(C(C)(C)C)cc2c1CCC2(C)C,1,1,9,244.38,4.41,17.07,0,1,1,1
Cc1c([N+](=O)[O-])cc2c(c1[N+](=O)[O-])C(C)(C)CC2(C)C,1,2,7,278.31,3.77,86.28,0,4,2,1
Oc1ccc(Cl)c2c1CCC2,1,1,9,168.62,2.53,20.23,1,1,0,1
C#CCN[C@@H]1CCc2ccccc21,0,0,12,171.24,1.9,12.03,1,1,2,1
CCC[C@@H]1C[C@@H](C(=O)N[C@@H]([C@H]2O[C@H](SC)[C@H](O)[C@@H](O)[C@H]2O)[C@H](C)Cl)N(C)C1,0,0,10,424.99,0.39,102.26,4,7,7,0
CCC[C@@H]1C[C@@H](C(=O)N[C@@H]([C@H]2O[C@H](SC)[C@H](O)[C@@H](O)[C@H]2O)[C@@H](C)O)N(C)C1,0,0,12,406.55,-0.86,122.49,5,8,7,0
CCCCCCCCCCCCCCCC(=O)O[C@@H]1[C@@H](O)[C@@H](O)[C@@H]([C@H](NC(=O)[C@@H]2C[C@@H](CCC)CN2C)[C@H](C)Cl)O[C@@H]1SC,0,0,10,663.41,6.42,108.33,3,8,22,0
CCC[C@@H]1C[C@@H](C(=O)N[C@@H]([C@H]2O[C@H](SC)[C@H](OP(=O)(O)O)[C@@H](O)[C@H]2O)[C@H](C)Cl)N(C)C1,0,0,10,504.97,0.51,148.79,5,8,9,0
CCN(CC)c1ccc(C(=C2C=CC(=[N+](CC)CC)C=C2)c2ccc(S(=O)(=O)[O-])cc2S(=O)(=O)[O-])cc1,1,1,8,543.69,3.76,120.65,0,7,9,2
CN(C)c1ccc(C(=C2C=CC(=[N+](C)C)C=C2)c2ccc(N(C)C)cc2)cc1,1,8,10,372.54,4.46,9.49,0,2,4,2
CCN(CC)c1ccc(C(=C2C=CC(=[N+](CC)CC)C=C2)c2cc(S(=O)(=O)[O-])ccc2S(=O)(=O)[O-])cc1,0,0,2,543.69,3.76,120.65,0,7,9,2
CCN(CC)c1ccc(C(=C2C=CC(=[N+](CC)CC)C=C2)c2ccccc2)cc1,1,2,3,385.57,5.95,6.25,0,1,7,2
CCn1cc(C(=O)O)c(=O)c2cc(F)c(N3CCN(C)CC3)cc21,0,0,11,333.36,1.61,65.78,1,4,3,2
CCn1cc(C(=O)O)c(=O)c2cc(F)c(N3CCNC(C)C3)c(F)c21,0,0,12,351.35,1.8,74.57,2,4,3,2
CN1CCN(c2c(F)cc3c(=O)c(C(=O)O)cn(CCF)c3c2F)CC1,0,0,11,369.34,1.7,65.78,1,4,4,2
CCn1cc(C(=O)O)c(=O)c2cc(F)c(N3CCNCC3)cc21,0,0,12,319.34,1.27,74.57,2,4,3,2
COc1nc(C)nc(NC(=O)NS(=O)(=O)c2ccccc2Cl)n1,0,0,10,357.78,1.35,123.17,2,7,4,2
COC(=O)c1ccccc1S(=O)(=O)NC(=O)Nc1nc(C)nc(OC)n1,0,0,11,381.37,0.49,149.47,2,9,5,2
COC(=O)c1ccccc1S(=O)(=O)NC(=O)N(C)c1nc(C)nc(OC)n1,0,0,11,395.4,0.51,140.68,1,9,5,2
COc1nc(C)nc(NC(=O)NS(=O)(=O)c2ccccc2OCCCl)n1,0,0,11,401.83,1.32,132.4,2,8,7,2
Nc1ccc(S(=O)(=O)Nc2ccccc2)cc1,0,0,12,248.31,2.07,72.19,2,3,3,2
COc1cc(S(=O)(=O)Nc2ccccc2)c(OC)cc1N,0,0,11,308.36,2.09,90.65,2,5,5,2
CC(=O)Nc1ccc(S(=O)(=O)Nc2ccc([N+](=O)[O-])cc2)cc1,1,1,10,335.34,2.35,118.41,2,5,5,2
CC(C)(C)C(=O)Oc1ccc(S(=O)(=O)Nc2ccccc2C(=O)NCC(=O)[O-])cc1,1,3,12,433.46,0.92,141.7,2,7,7,2
Cc1occc(=O)c1OC(=O)C(C)C,0,0,12,196.2,1.51,56.51,0,4,2,1
O=c1cc(CO)occ1O,0,0,12,142.11,-0.16,70.67,2,4,1,1
Cc1occc(=O)c1O,0,0,12,126.11,0.65,50.44,1,3,0,1
CCc1occc(=O)c1O,0,0,9,140.14,0.91,50.44,1,3,1,1
CN1C(=O)N(C)C(O)C1O,0,0,12,146.15,-1.38,64.01,2,3,0,0
O=C1NCCN1,0,0,11,86.09,-0.7,41.13,2,1,0,0
NCCN1CCNC1=O,0,0,11,129.16,-1.03,58.36,2,2,2,0
O=C1NCCN1CCO,0,0,12,130.15,-1.0,52.57,2,2,2,0
CC(CCc1ccc(O)cc1)NCC(O)c1ccc(O)cc1,0,0,10,301.39,2.74,72.72,4,4,7,2
CC(CCc1ccccc1)NC(C)C(O)c1ccc(O)cc1,0,0,11,299.41,3.43,52.49,3,3,7,2
CC(CCc1ccc(O)cc1)NCCc1ccc(O)c(O)c1,0,0,9,301.39,2.96,72.72,4,4,7,2
CC(CCc1ccccc1)NCC(O)c1ccc(O)c(C(N)=O)c1,0,0,10,328.41,2.14,95.58,4,4,8,2
CCOP(=S)(OCC)SCn1c(=O)oc2cc(Cl)ccc21,1,4,11,367.82,4.24,53.6,0,6,7,2
O=c1[nH]c2cc(Cl)ccc2o1,0,0,11,169.57,1.77,46.0,1,2,0,2
O=c1[nH]c2ccc(Cl)cc2o1,1,1,11,169.57,1.77,46.0,1,2,0,2
O=c1[nH]c2ccccc2o1,0,0,12,135.12,1.12,46.0,1,2,0,2
CC1=CC=C(C(C)C)CC1,0,0,11,136.24,3.31,0.0,0,0,1,0
CC1=C(C=O)C(C)(C)CC=C1,0,0,12,150.22,2.49,17.07,0,1,1,0
CC1=CCC(C(C)C)C=C1,0,0,11,136.24,3.16,0.0,0,0,1,0
CC1=CC[C@H](C(C)C)C=C1,0,0,11,136.24,3.16,0.0,0,0,1,0
COC(=O)[C@H]1[C@H]2C[C@@H]3c4[nH]c5cc(OC)ccc5c4CCN3C[C@H]2C[C@H](OC)[C@@H]1OC,0,0,10,428.53,2.93,73.02,1,6,4,2
COC(=O)[C@@H]1[C@H]2C[C@H]3c4[nH]c5ccccc5c4CCN3C[C@@H]2CC[C@@H]1O,1,1,12,354.45,2.65,65.56,2,4,1,2
COC(=O)[C@H]1[C@H]2C[C@H]3c4[nH]c5ccccc5c4CCN3C[C@H]2CC[C@@H]1O,1,1,10,354.45,2.65,65.56,2,4,1,2
O=C(O)[C@@H]1[C@H]2C[C@H]3c4[nH]c5ccccc5c4CCN3C[C@@H]2CC[C@@H]1O,0,0,10,340.42,2.56,76.56,3,3,1,2
O=C1NC(=O)C2CC=CCC12,0,0,12,151.16,0.23,46.17,1,2,0,0
O=C1C2CC=CCC2C(=O)N1SC(Cl)(Cl)Cl,1,4,10,300.59,2.91,37.38,0,3,1,0
O=C1C2CC=CCC2C(=O)N1SC(Cl)(Cl)C(Cl)Cl,1,3,5,349.07,3.52,37.38,0,3,3,0
O=C1NC(=O)[C@@H]2CC=CC[C@H]12,0,0,12,151.16,0.23,46.17,1,2,0,0
COc1ccc(/C=N\NC(=O)c2ccncc2)c(C(=O)O)c1OC,1,1,10,329.31,1.56,110.11,2,6,6,2
COc1ccc(/C=N/NC(=O)c2ccncc2)cc1OC,1,1,12,285.3,1.86,72.81,1,5,5,2
O=C(N/N=C/c1ccccc1O)c1ccncc1,1,2,5,241.25,1.55,74.58,2,4,3,2
O=C(O)COc1ccccc1/C=N/NC(=O)c1ccncc1,0,0,9,299.29,1.31,100.88,2,5,6,2
CN(CCOc1ccc(NS(C)(=O)=O)cc1)CCc1ccc(NS(C)(=O)=O)cc1,1,1,10,441.58,1.98,104.81,2,6,11,2
CCOc1ccccc1OCCN[C@H](C)Cc1ccc(OC)c(S(N)(=O)=O)c1,1,3,11,408.52,2.34,99.88,2,6,11,2
CC(COc1ccccc1)NC(C)C(O)c1ccc(O)cc1,0,0,12,301.39,2.87,61.72,3,4,7,2
O=C(O)Cc1ccc(OCCNC[C@H](O)c2ccccc2)cc1,1,1,11,315.37,2.02,78.79,3,4,9,2
OC1CCCCC1c1ccccc1,0,0,12,176.26,2.71,20.23,1,1,1,1
NC1(c2ccccc2)CCCCC1,0,0,9,175.27,2.8,26.02,1,1,1,1
COc1cccc([C@@]2(O)CCCC[C@@H]2CN(C)C)c1,0,0,12,263.38,2.63,32.7,1,3,4,1
O=[N+]([O-])c1cc(C2CCCCC2)c(O)c([N+](=O)[O-])c1,1,1,6,266.25,3.26,106.51,1,5,3,1
CCN(CC)C(=O)N[C@H]1C[C@@H]2c3cccc4[nH]cc(c34)C[C@H]2N(C)C1,1,2,9,340.47,2.93,51.37,2,2,3,2
CCCN1C[C@H](CSC)C[C@@H]2c3cccc4[nH]cc(c34)C[C@H]21,0,0,10,314.5,4.27,19.03,1,2,4,2
C=CCN1C[C@H](C(=O)N(CCCN(C)C)C(=O)NCC)C[C@@H]2c3cccc4[nH]cc(c34)C[C@H]21,0,0,2,451.62,3.19,71.68,2,4,8,2
CN1C[C@@H](NS(=O)(=O)N(C)C)C[C@@H]2c3cccc4c3c(cn4C)C[C@H]21,0,0,11,362.5,1.29,57.58,1,3,3,2
CCCCc1oc2ccc(NS(C)(=O)=O)cc2c1C(=O)c1ccc(OCCCN(CCCC)CCCC)cc1,1,1,6,556.77,7.05,88.85,1,6,18,3
CCCCc1oc2ccccc2c1C(=O)c1cc(I)c(OCCN(CC)CC)c(I)c1,0,0,9,645.32,6.94,42.68,0,4,11,3
CCc1oc2ccccc2c1C(=O)c1cc(Br)c(O)c(Br)c1,1,3,10,424.09,5.46,50.44,1,3,3,3
CCc1oc2ccccc2c1C(=O)c1cc(I)c(O)c(I)c1,1,4,8,518.09,5.14,50.44,1,3,3,3
COCCc1ccc(OCC2CO2)cc1,0,0,2,208.26,1.65,30.99,0,3,6,1
CC(C)(C)c1ccc(OCC2CO2)cc1,1,1,11,206.28,2.76,21.76,0,2,3,1
Cc1ccccc1OCC1CO1,0,0,10,164.2,1.77,21.76,0,2,3,1
c1ccc(OCC2CO2)cc1,0,0,11,150.18,1.46,21.76,0,2,3,1
COc1ccc(Cc2cnc(N)nc2N)cc1OC,0,0,12,260.3,1.25,96.28,2,6,4,2
CC(C)C(O)(c1ccc(OC(F)(F)F)cc1)c1cncnc1,0,0,12,312.29,3.27,55.24,1,4,4,2
COc1cc(Cc2cnc(N)nc2N)cc(OC)c1OC,0,0,12,290.32,1.26,105.51,2,7,5,2
COc1cc(C)c(Cc2cnc(N)nc2N)cc1OC,0,0,12,274.32,1.56,96.28,2,6,4,2
CC1=C(C(=O)O)N2C(=O)[C@@H](NC(=O)[C@H](N)c3ccccc3)[C@H]2SC1,0,0,1,347.4,0.44,112.73,3,5,4,1
CC1=C(C(=O)O)N2C(=O)[C@@H](NC(=O)[C@H](N)c3ccc(O)cc3)[C@H]2SC1,1,1,2,363.4,0.15,132.96,4,6,4,1
N[C@@H](C(=O)N[C@@H]1C(=O)N2C(C(=O)O)=C(Cl)CS[C@H]12)c1ccccc1,0,0,11,367.81,0.62,112.73,3,5,4,1
CC(=O)OCC1=C(C(=O)O)N2C(=O)[C@@H](NC(=O)Cc3ccccc3)[C@H]2SC1,0,0,9,390.42,0.53,113.01,2,6,6,1
CC(C)(C1CCC(O)CC1)C1CCC(O)CC1,1,1,10,240.39,3.11,40.46,2,2,2,0
NC1CCC(CC2CCC(N)CC2)CC1,0,0,12,210.36,2.41,52.04,2,2,2,0
CC1CC(CC2CCC(N)C(C)C2)CCC1N,0,0,10,238.42,2.9,52.04,2,2,2,0
O=C=NC1CCC(CC2CCC(N=C=O)CC2)CC1,0,0,12,262.35,3.17,58.86,0,4,4,0
CCn1c2ccccc2c2cc([N+](=O)[O-])ccc21,1,3,9,240.26,3.72,48.07,0,2,2,3
CCn1c2ccccc2c2cc(N)ccc21,1,7,12,210.28,3.4,30.95,1,1,1,3
c1ccc2c(c1)[nH]c1ccccc12,0,0,10,167.21,3.32,15.79,1,0,0,3
CC(C(=O)O)c1ccc2c(c1)[nH]c1ccc(Cl)cc12,0,0,11,273.72,4.16,53.09,2,1,2,3
Clc1nc2ccccc2nc1Cl,1,1,9,199.04,2.94,25.78,0,2,0,2
Cc1cccc2nccnc12,0,0,10,144.18,1.94,25.78,0,2,0,2
CCOP(=S)(OCC)Oc1cnc2ccccc2n1,1,3,12,298.3,3.31,53.47,0,6,6,2
c1ccc2nccnc2c1,0,0,11,130.15,1.63,25.78,0,2,0,2
[Fe+2].c1cc[cH-]c1.c1cc[cH-]c1,0,0,12,186.03,2.81,0.0,0,0,0,2
[Ni+2].c1cc[cH-]c1.c1cc[cH-]c1,0,0,12,188.88,2.81,0.0,0,0,0,2
[Cr+2].c1cc[cH-]c1.c1cc[cH-]c1,0,0,12,182.19,2.81,0.0,0,0,0,2
[Co+2].c1cc[cH-]c1.c1cc[cH-]c1,1,1,11,189.12,2.81,0.0,0,0,0,2
OC[C@H]1O[C@H](O[C@@]2(CO)O[C@@H](O)[C@H](O)[C@@H]2O)[C@H](O)[C@@H](O)[C@@H]1O,0,0,9,328.27,-5.44,189.53,8,11,4,0
CC(=O)OC[C@H]1O[C@@](COC(C)=O)(O[C@H]2O[C@H](COC(C)=O)[C@@H](OC(C)=O)[C@H](OC(C)=O)[C@H]2OC(C)=O)[C@@H](OC(C)=O)[C@@H]1OC(C)=O,0,0,12,678.59,-0.83,238.09,0,19,13,0
OC[C@H]1O[C@@](CO)(O[C@H]2O[C@H](CO)[C@@H](O)[C@H](O)[C@H]2O)[C@@H](O)[C@@H]1O,0,0,12,342.3,-5.4,189.53,8,11,5,0
OC[C@H]1O[C@H](O[C@]2(CCl)O[C@H](CCl)[C@@H](O)[C@@H]2O)[C@H](O)[C@@H](O)[C@H]1Cl,0,0,12,397.63,-1.66,128.84,5,8,5,0
CCN(CC)CCO[C@H]1CC[C@@]2(C)C(=CC[C@@H]3[C@@H]2CC[C@]2(C)C(=O)CC[C@@H]32)C1,0,0,10,387.61,5.25,29.54,0,3,6,0
CC(=O)O[C@H]1CC[C@@]2(C)C(=CC[C@@H]3[C@@H]2CC[C@]2(C)C(=O)CC[C@@H]32)C1,1,3,10,330.47,4.45,43.37,0,3,1,0
C[C@]12CC[C@H](OS(=O)(=O)[O-])CC1=CC[C@@H]1[C@@H]2CC[C@]2(C)C(=O)CC[C@@H]12,1,2,10,367.49,3.36,83.5,0,5,2,0
C[C@]12CC[C@H](O)CC1=CC[C@@H]1[C@@H]2CC[C@]2(C)C(=O)CC[C@@H]12,1,2,10,288.43,3.88,37.3,1,2,0,0
CCCN1C=CN(C)C1,0,0,12,126.2,1.07,6.48,0,2,2,0
CCCCCCCCN1C=CN(C)C1,0,0,8,196.34,3.02,6.48,0,2,7,0
CCN1C=CN(C)C1C,0,0,12,126.2,1.07,6.48,0,2,1,0
CCCCN1C=CN(C)C1,0,0,12,140.23,1.46,6.48,0,2,3,0
O=C1CCCc2ccccc21,1,1,12,146.19,2.21,17.07,0,1,0,1
COc1ccc2c(c1)CCCC2=O,0,0,2,176.21,2.21,26.3,0,2,1,1
O=C1CCCc2c(O)cccc21,0,0,1,162.19,1.91,37.3,1,2,0,1
CC(C)(C)NC[C@H](O)COc1cccc2c1CCCC2=O,0,0,12,291.39,2.33,58.56,2,4,5,1
C[C@]12C=CC3=C4CCC(=O)C=C4CC[C@H]3[C@@H]1CC[C@@H]2O,1,5,12,270.37,3.33,37.3,1,2,0,0
C#C[C@]1(O)CC[C@H]2[C@@H]3CCC4=CC(=O)CCC4=C3C=C[C@@]21CC,1,6,12,308.42,3.72,37.3,1,2,1,0
C=CC[C@]1(O)CC[C@H]2[C@@H]3CCC4=CC(=O)CCC4=C3C=C[C@@]21C,1,4,10,310.44,4.28,37.3,1,2,2,0
CC(=O)O[C@H]1CC[C@H]2[C@@H]3CCC4=CC(=O)CCC4=C3C=C[C@]12C,1,4,10,312.41,3.9,43.37,0,3,1,0
O=C1C(I)=CC(=C(c2cc(I)c([O-])c(I)c2)c2ccccc2C(=O)[O-])C=C1I,1,2,10,819.9,4.36,80.26,0,4,3,2
CC1=C(Br)C(=O)C(Br)=C/C1=C(\c1ccccc1S(=O)(=O)[O-])c1cc(Br)c(O)c(Br)c1C,0,0,8,697.01,6.46,94.5,1,5,3,2
O=C1C(I)=CC(=C(c2cc(I)c(O)c(I)c2)c2ccccc2C(=O)O)C=C1I,1,1,8,821.91,6.32,74.6,2,3,3,2
CCOC(=O)c1ccccc1C(=C1C=C(Br)C(=O)C(Br)=C1)c1cc(Br)c(O)c(Br)c1,1,2,7,661.97,7.04,63.6,1,4,4,2
CN1CC[C@@]23CCCC[C@@H]2[C@@H]1Cc1ccc(O)cc13,1,1,9,257.38,3.08,23.47,1,2,0,1
C=CCN1CC[C@]23CCCC[C@H]2[C@H]1Cc1ccc(O)cc13,0,0,11,283.42,3.64,23.47,1,2,2,1
COc1ccc2c(c1)[C@@]13CCCCC1[C@@H](C2)N(C)CC3,0,0,10,271.4,3.38,12.47,0,2,1,1
Cc1ccc2c(c1)[C@]13CCCC[C@@H]1[C@H](C2)N(C)CC3,0,0,9,255.4,3.68,3.24,0,1,0,1
CCCCC1(COC(=O)CCC(=O)O)C(=O)N(c2ccccc2)N(c2ccccc2)C1=O,1,2,12,438.48,3.57,104.22,1,5,10,2
CCCCC1C(=O)N(c2ccccc2)N(c2ccc(O)cc2)C1=O,0,0,6,324.38,3.49,60.85,1,3,5,2
CCCCC1C(=O)N(c2ccccc2)N(c2ccccc2)C1=O,1,1,12,308.38,3.79,40.62,0,2,5,2
CC(C)=CCC1C(=O)N(c2ccccc2)N(c2ccccc2)C1=O,1,4,7,320.39,3.95,40.62,0,2,4,2
CC(C)(C)CC(C)(C)c1ccc(O)c(-n2nc3ccccc3n2)c1,1,2,11,323.44,4.84,50.94,1,3,3,3
CCC(C)(C)c1cc(-n2nc3ccccc3n2)c(O)c(C(C)(C)CC)c1,0,0,12,351.49,5.5,50.94,1,3,5,3
Cc1ccc(O)c(-n2nc3ccccc3n2)c1,1,3,9,225.25,2.43,50.94,1,3,1,3
Cc1cc(-n2nc3ccc(Cl)cc3n2)c(O)c(C(C)(C)C)c1,1,1,12,315.8,4.39,50.94,1,3,1,3
COc1c2occc2cc2ccc(=O)oc12,1,2,12,216.19,2.55,52.58,0,4,1,3
COc1c2ccoc2cc2oc(=O)ccc12,1,1,11,216.19,2.55,52.58,0,4,1,3
Cc1cc2cc3c(C)cc(=O)oc3c(C)c2o1,0,0,11,228.25,3.46,43.35,0,3,0,3
CC(C)=CCOc1c2occc2cc2ccc(=O)oc12,1,1,10,270.28,3.88,52.58,0,4,3,3
NNc1nc(-c2ccccc2)cs1,1,4,10,191.26,2.1,50.94,2,4,2,2
NNc1nc(-c2ccc(N)cc2)cs1,1,3,9,206.27,1.68,76.96,3,5,2,2
Nc1nc(-c2ccccc2)cs1,1,4,10,176.24,2.39,38.91,1,3,1,2
Nc1nc(-c2ccc([N+](=O)[O-])cc2)cs1,1,2,9,221.24,2.3,82.05,1,5,2,2
CCCCCCCCn1sc(Cl)c(Cl)c1=O,1,2,7,282.24,4.58,22.0,0,2,7,1
CCCCCCCCn1sccc1=O,1,3,7,213.35,3.27,22.0,0,2,7,1
Cn1sccc1=O,0,0,7,115.16,0.45,22.0,0,2,0,1
Cn1sc(Cl)cc1=O,1,1,11,149.6,1.1,22.0,0,2,0,1
COc1ccc(CN(CCN(C)C)c2ccccn2)cc1,1,1,12,285.39,2.66,28.6,0,4,7,2
CN(C)CCN(Cc1ccc(Cl)cc1)c1ccccn1,0,0,12,289.81,3.3,19.37,0,3,6,2
CCOC(=O)Nc1ccc(NCc2ccc(F)cc2)nc1N,1,1,10,304.33,2.98,89.27,3,5,5,2
CN(C)CCN(Cc1ccccc1)c1ccccn1.O=C(O)CC(O)(CC(=O)O)C(=O)O,0,0,11,447.49,1.4,151.5,4,7,11,2
Cc1c[nH]c(=S)[nH]c1=O,0,0,12,142.18,0.74,48.65,2,2,0,1
Cc1cc(=O)[nH]c(=S)[nH]1,1,2,12,142.18,0.74,48.65,2,2,0,1
O=c1cc[nH]c(=S)[nH]1,0,0,12,128.16,0.43,48.65,2,2,0,1
CCCc1cc(=O)[nH]c(=S)[nH]1,1,1,12,170.24,1.38,48.65,2,2,2,1
CC(=O)[C@H]1[C@H](C#N)C[C@H]2[C@@H]3CC=C4C[C@@H](O)CC[C@]4(C)[C@H]3CC[C@@]21C,1,1,10,341.5,4.26,61.09,1,3,1,0
CC(=O)O[C@H]1CC[C@@]2(C)C(=CC[C@H]3[C@@H]4CC[C@H](C(C)=O)[C@@]4(C)CC[C@@H]32)C1,1,2,9,358.52,5.09,43.37,0,3,2,0
CC(=O)[C@H]1CC[C@H]2[C@@H]3CC=C4C[C@@H](O)CC[C@]4(C)[C@H]3CC[C@]12C,1,3,12,316.49,4.52,37.3,1,2,1,0
C[C@]12CC[C@H]3[C@@H](CC=C4C[C@@H](O)CC[C@@]43C)[C@@H]1CC[C@@H]2O,1,4,10,290.45,3.67,40.46,2,2,0,0
COc1ccc(C2C(=O)c3ccccc3C2=O)cc1,0,0,2,252.27,2.86,43.37,0,3,2,2
O=C1c2ccccc2C(=O)C1c1ccc(Cl)cc1,0,0,7,256.69,3.5,34.14,0,2,1,2
O=C1c2ccccc2C(=O)C1c1ccccc1,0,0,11,222.24,2.85,34.14,0,2,1,2
O=C1c2ccccc2C(=O)C1c1ccc(Br)cc1,0,0,1,301.14,3.61,34.14,0,2,1,2
C=C[C@H]1CN2CCC1C[C@H]2[C@H](O)c1ccnc2ccc(OC)cc12,1,1,11,324.42,3.17,45.59,1,4,4,2
C=C[C@H]1CN2CCC1C[C@@H]2[C@@H](O)c1ccnc2ccccc12,0,0,7,294.4,3.16,36.36,1,3,3,2
C=C[C@H]1CN2CCC1C[C@@H]2[C@@H](O)c1ccnc2ccc(OC)cc12,1,3,11,324.42,3.17,45.59,1,4,4,2
C=C[C@H]1CN2CC[C@H]1C[C@H]2[C@H](OC(=O)OCC)c1ccnc2ccc(OC)cc12,1,3,9,396.49,4.35,60.89,0,6,6,2
C[C@H](Cc1ccc(O)c(O)c1)[C@@H](C)Cc1ccc(O)c(O)c1,1,1,8,302.37,3.57,80.92,4,4,5,2
CC(Cc1ccc(O)c(O)c1)C(C)Cc1ccc(O)c(O)c1,1,3,8,302.37,3.57,80.92,4,4,5,2
OC[C@H](Cc1cccc(O)c1)[C@H](CO)Cc1cccc(O)c1,0,0,7,302.37,2.1,80.92,4,4,7,2
CCCN(CCC)C(=O)Cc1c(-c2ccc(Cl)cc2)nc2ccc(Cl)cn12,0,0,9,404.34,5.5,37.61,0,2,7,3
CS(=O)(=O)c1ccc(-c2cn3ccccc3n2)cc1,0,0,1,272.33,2.4,51.44,0,3,2,3
Cc1ccc(-c2nc3ccc(C)cn3c2CC(=O)N(C)C)cc1,1,1,10,307.4,3.25,37.61,0,2,3,3
CC[C@H](C)C(=O)O[C@H]1CCC=C2C=C[C@H](C)[C@H](CC[C@@H]3C[C@@H](O)CC(=O)O3)[C@H]21,1,1,10,390.52,3.95,72.83,1,5,6,0
CC[C@H](C)C(=O)O[C@H]1C[C@@H](C)C=C2C=C[C@H](C)[C@H](CC[C@@H]3C[C@@H](O)CC(=O)O3)[C@H]21,1,3,12,404.55,4.2,72.83,1,5,6,0
CCC(C)(C)C(=O)O[C@H]1C[C@@H](C)C=C2C=C[C@H](C)[C@H](CC[C@@H]3C[C@@H](O)CC(=O)O3)[C@H]21,1,4,10,418.57,4.59,72.83,1,5,6,0
O[C@@H]1CO[C@H]2[C@@H]1OC[C@@H]2O,0,0,12,146.14,-1.49,58.92,2,4,0,0
O=[N+]([O-])O[C@H]1CO[C@H]2[C@@H]1OC[C@H]2O[N+](=O)[O-],0,0,11,236.14,-1.06,123.2,0,8,4,0
O=[N+]([O-])O[C@@H]1CO[C@H]2[C@@H]1OC[C@@H]2O,0,0,10,191.14,-1.28,91.06,1,6,2,0
CN(C)c1ccc(C2(c3ccc(N(C)C)cc3)OC(=O)c3cc(N(C)C)ccc32)cc1,1,4,9,415.54,4.35,36.02,0,5,5,3
O=C1OC(c2ccc(O)c(S(=O)(=O)[O-])c2)(c2ccc(O)c(S(=O)(=O)[O-])c2)c2c(Br)c(Br)c(Br)c(Br)c21,1,1,12,792.02,4.42,181.16,2,10,4,3
O=C1OC(c2ccc(O)cc2)(c2ccc(O)cc2)c2ccccc21,1,5,11,318.33,3.56,66.76,2,4,2,3
C1=CC2C3C=CC(C3)C2C1,0,0,12,132.21,2.38,0.0,0,0,0,0
ClC1=C(Cl)C2(Cl)C3C(Cl)C=CC3C1(Cl)C2(Cl)Cl,1,2,9,373.32,5.24,0.0,0,0,0,0
CC1=CC2C3CC(C=C3C)C2C1,1,1,12,160.26,3.16,0.0,0,0,0,0
CCOC(=O)c1cc(-c2ccccc2)nc2ccc(C)cc12,0,0,7,291.35,4.39,39.19,0,3,3,3
O=C(O)c1cc(-c2ccccc2)nc2ccccc12,1,1,10,249.27,3.6,50.19,1,2,2,3
O=C(O)c1c(O)c(-c2ccccc2)nc2ccccc12,0,0,2,265.27,3.31,70.42,2,3,2,3
CC(C)(C)c1ccc(CN2CCN(C(c3ccccc3)c3ccc(Cl)cc3)CC2)cc1,1,2,9,433.04,6.54,6.48,0,2,5,3
COc1ccc(CN2CCN(C(c3ccc(F)cc3)c3ccc(F)cc3)CC2)c(OC)c1OC,1,1,8,468.54,4.9,34.17,0,5,8,3
Cc1cccc(CN2CCN(C(c3ccccc3)c3ccc(Cl)cc3)CC2)c1,1,1,12,390.96,5.56,6.48,0,2,5,3
Nc1ccc(S(=O)(=O)Nc2nccs2)cc1,1,1,12,255.32,1.53,85.08,2,5,3,2
O=C(O)CCC(=O)Nc1ccc(S(=O)(=O)Nc2nccs2)cc1,0,0,12,355.4,1.75,125.46,3,6,7,2
O=C(O)C=CC(=O)Nc1ccc(S(=O)(=O)Nc2nccs2)cc1,0,0,10,353.38,1.52,125.46,3,6,6,2
Cc1ccc2ccc3cccc4ccc1c2c34,1,1,12,216.28,4.89,0.0,0,0,0,4
O=[N+]([O-])c1ccc2ccc3cccc4ccc1c2c34,1,3,7,247.25,4.49,43.14,0,2,1,4
Oc1ccc2ccc3cccc4ccc1c2c34,1,4,8,218.25,4.29,20.23,1,1,0,4
C1CCCNCC1,0,0,11,99.18,1.15,12.03,1,1,0,0
O=NN1CCCCCC1,0,0,12,128.18,1.54,32.67,0,2,1,0
CCSC(=O)N1CCCCCC1,0,0,12,187.31,2.74,20.31,0,2,1,0
CC(C)(C)N(NC(=O)c1ccc(Cl)cc1)C(=O)c1ccccc1,1,1,11,330.82,3.93,49.41,1,2,2,2
CCc1ccc(C(=O)NN(C(=O)c2cc(C)cc(C)c2)C(C)(C)C)cc1,1,1,11,352.48,4.45,49.41,1,2,3,2
COc1cccc(C(=O)NN(C(=O)c2cc(C)cc(C)c2)C(C)(C)C)c1C,0,0,10,368.48,4.21,58.64,1,3,3,2
CCC1(c2ccccc2)C(=O)N(COC)C(=O)N(COC)C1=O,0,0,12,320.35,1.33,76.15,0,5,6,1
CCC1(c2ccccc2)C(=O)NC(=O)NC1=O,0,0,12,232.24,0.7,75.27,2,3,2,1
CCC1(c2ccccc2)C(=O)NC(=O)N(C)C1=O,1,1,10,246.27,1.04,66.48,1,3,2,1
CC1(C)CC(=O)CC(C)(C)N1[O],0,0,11,170.23,1.55,40.21,0,2,0,0
CC1(C)CC(=O)CC(C)(C)N1,0,0,12,155.24,1.5,29.1,1,2,0,0
CCOC(=O)N1CCC(=O)CC1,0,0,2,171.2,0.81,46.61,0,3,1,0
Cc1nnc2n1-c1ccc(Cl)cc1C(c1ccccc1)=NC2,1,1,7,308.77,3.58,43.07,0,3,1,3
Clc1ccc2c(c1)C(c1ccccc1)=NCc1nncn1-2,0,0,10,294.75,3.27,43.07,0,3,1,3
Cc1nnc2n1-c1ccc(Cl)cc1C(c1ccccc1Cl)=NC2,0,0,9,343.22,4.23,43.07,0,3,1,3
CC(C)c1cc2c(cc1S(=O)(=O)O)[C@@]1(C)CCC[C@@](C)(C(=O)O)[C@@H]1CC2,0,0,10,380.51,4.15,91.67,2,3,3,1
CC(C)c1ccc2c(c1)CC[C@H]1[C@](C)(CN)CCC[C@]21C,0,0,2,285.47,4.78,26.02,1,1,2,1
CC(C)c1cc2c(cc1S(=O)(=O)O)[C@@]1(C)CCC[C@@](C)(C(=O)[O-])[C@@H]1CC2,0,0,2,379.5,2.82,94.5,1,4,3,1
CCN(CC)Cc1cc(Nc2ccnc3cc(Cl)ccc23)ccc1O,0,0,10,355.87,5.18,48.39,2,4,6,3
O=C(OCC(O)CO)c1ccccc1Nc1ccnc2c(C(F)(F)F)cccc12,0,0,1,406.36,3.51,91.68,3,6,6,3
O=C(OCC(O)CO)c1ccccc1Nc1ccnc2cc(Cl)ccc12,1,2,9,372.81,3.14,91.68,3,6,6,3
Nc1ccc(C(=O)OCCCOC(=O)c2ccc(N)cc2)cc1,1,2,8,314.34,2.25,104.64,2,6,6,2
CC(C)C(OC(=O)c1ccccc1)C(C)(C)COC(=O)c1ccccc1,1,3,11,354.45,4.75,52.6,0,4,7,2
CC(C)(COC(=O)c1ccccc1)COC(=O)c1ccccc1,1,1,12,312.37,3.73,52.6,0,4,6,2
CC(C)COC(=O)OCN1C(=O)CN(CCN2CC(=O)N(COC(=O)OCC(C)C)C(=O)C2)CC1=O,1,1,9,514.53,-0.14,152.3,0,12,11,0
CC(CN1CC(=O)NC(=O)C1)N1CC(=O)NC(=O)C1,1,1,11,268.27,-2.71,98.82,2,6,3,0
C[C@@H](CN1CC(=O)NC(=O)C1)N1CC(=O)NC(=O)C1,0,0,2,268.27,-2.71,98.82,2,6,3,0
COc1ccc(-c2cc(C(F)F)nn2-c2ccc(S(N)(=O)=O)cc2)cc1F,1,1,11,397.38,3.27,87.21,1,4,5,3
Cc1ccc(-c2cc(C(F)(F)F)nn2-c2ccc(S(N)(=O)=O)cc2)cc1,1,3,10,381.38,3.51,77.98,1,3,3,3
COc1ccc(-n2nc(C(F)F)cc2-c2ccc(S(C)=O)cc2)cc1,0,0,12,362.4,4.22,44.12,0,3,5,3
CC[C@@]1(O)C(=O)OCc2c1cc1n(c2=O)Cc2cc3c(CN(C)C)c(O)ccc3nc2-1,1,2,7,421.45,1.85,104.89,2,7,3,3
CC[C@@]1(O)C(=O)OCc2c1cc1n(c2=O)Cc2c-1nc1ccccc1c2/C=N/OC(C)(C)C,1,1,1,447.49,3.23,103.01,1,7,3,3
CC[C@@]1(O)C(=O)OCc2c1cc1n(c2=O)Cc2cc3c([N+](=O)[O-])cccc3nc2-1,1,2,5,393.36,1.99,124.56,1,7,2,3
C=C[C@](C)(O)CC[C@@H]1[C@@]2(C)CCCC(C)(C)[C@@H]2CC[C@@]1(C)O,0,0,4,308.51,4.7,40.46,2,2,4,0
FC1(F)C(F)(F)C(F)(F)C2(F)C(F)(F)C(F)(F)C(F)(F)C(F)(F)C2(F)C1(F)F,0,0,2,462.07,5.51,0.0,0,0,0,0
C1CCC2CCCCC2C1,0,0,11,138.25,3.37,0.0,0,0,0,0
C=CC(=O)OCC1CC2CC1C1CCC(COC(=O)C=C)C21,1,3,8,304.39,2.74,52.6,0,4,6,0
OCC1CC2CC1C1CCC(CO)C21,0,0,12,196.29,1.27,40.46,2,2,2,0
C1C[C@@H]2[C@@H]3CC[C@H](C3)[C@@H]2C1,0,0,12,136.24,2.83,0.0,0,0,0,0
CC1CN(c2ccccc2)NC1=O,1,2,9,176.22,1.17,32.34,1,2,1,1
O=C1CCN(c2ccccc2)N1,0,0,9,162.19,0.93,32.34,1,2,1,1
CC1(CO)CN(c2ccccc2)NC1=O,1,1,9,206.25,0.54,52.57,2,3,2,1
COc1ccnc(CS(=O)c2nc3cc(OC(F)F)ccc3[nH]2)c1OC,1,2,10,383.38,2.88,86.33,1,6,7,3
Cc1c(OCC(F)(F)F)ccnc1CS(=O)c1nc2ccccc2[nH]1,1,2,10,369.37,3.52,67.87,1,4,5,3
COc1ccc2[nH]c(S(=O)Cc3ncc(C)c(OC)c3C)nc2c1,1,2,11,345.42,2.9,77.1,1,5,5,3
N[C@@H]1C[C@H]1c1ccccc1,0,0,11,133.19,1.5,26.02,1,1,1,1
CCN(CC)C(=O)[C@]1(c2ccccc2)C[C@@H]1CN,0,0,10,246.35,1.77,46.33,1,2,5,1
CC(C)(Oc1ccc(C2CC2(Cl)Cl)cc1)C(=O)O,1,1,12,289.16,3.59,46.53,1,2,4,1
Nc1nc2c(ncn2COC(CO)CO)c(=O)[nH]1,0,0,12,255.23,-1.97,139.28,4,7,5,2
CC(C)[C@H](N)C(=O)OCCOCn1cnc2c(=O)[nH]c(N)nc21,0,0,12,324.34,-0.8,151.14,3,8,7,2
Nc1nc2c(ncn2COCCO)c(=O)[nH]1,0,0,12,225.21,-1.33,119.05,3,6,4,2
COc1cc2c(cc1OC)CN(C(=O)[C@H](C)N[C@@H](CCc1ccccc1)C(=O)O)[C@H](C(=O)O)C2,0,0,2,470.52,2.11,125.4,3,6,10,2
CCOC(=O)[C@H](CCc1ccccc1)N[C@@H](C)C(=O)N1Cc2ccccc2C[C@H]1C(=O)O,1,1,12,438.52,2.57,95.94,2,5,9,2
CCOC(=O)[C@H](CCc1ccccc1)N[C@@H](C)C(=O)N1Cc2cc(OC)c(OC)cc2C[C@H]1C(=O)O,1,1,12,498.58,2.58,114.4,2,7,11,2
CN[C@H]1CC[C@@H](c2ccc(Cl)c(Cl)c2)c2ccc(S(N)(=O)=O)cc21,1,1,7,385.32,3.83,72.19,2,3,3,2
CC(C)(Oc1ccc(C2CCCc3ccccc32)cc1)C(=O)O,1,2,10,310.39,4.4,46.53,1,2,4,2
CN[C@H]1CC[C@@H](c2ccc(Cl)c(Cl)c2)c2ccccc21,0,0,4,306.24,5.18,12.03,1,1,2,2
O=C1CCC(=O)N1CO,0,0,8,129.12,-0.91,57.61,1,3,1,0
CCC1(C)CC(=O)NC1=O,0,0,12,141.17,0.45,46.17,1,2,1,0
O=C1CCC(=O)N1Cl,0,0,12,133.53,0.29,37.38,0,2,0,0
NC12CC3CC(CC(C3)C1)C2,0,0,12,151.25,1.91,26.02,1,1,0,0
CC12CC3CC(C)(C1)CC(N)(C3)C2,0,0,12,179.31,2.69,26.02,1,1,0,0
CC(N)C12CC3CC(CC(C3)C1)C2,0,0,11,179.31,2.55,26.02,1,1,1,0
CC1=CC[C@H]2C[C@@H]1C2(C)C,0,0,12,136.24,3.0,0.0,0,0,0,0
CC1=CC[C@@H]2C[C@H]1C2(C)C,0,0,11,136.24,3.0,0.0,0,0,0,0
CC1=CCC2CC1C2(C)C,0,0,12,136.24,3.0,0.0,0,0,0,0
CC(C)=CCN1CC[C@]2(C)c3cc(O)ccc3C[C@H]1[C@H]2C.O=C(O)CCC(=O)O,1,1,10,403.52,3.82,98.07,3,4,5,1
C[C@@H]1[C@H]2Cc3ccc(O)cc3[C@]1(C)CCN2C,0,0,8,231.34,2.55,23.47,1,2,0,1
CC(C)=CCN1CC[C@@]2(C)c3cc(O)ccc3C[C@@H]1[C@@H]2C.O=C(O)CCC(=O)O,0,0,12,403.52,3.82,98.07,3,4,5,1
CC(C)(C)C(=O)C1C(=O)c2ccccc2C1=O,1,2,8,230.26,2.3,51.21,0,3,1,1
CC(C)CC(=O)C1C(=O)c2ccccc2C1=O,1,2,10,230.26,2.3,51.21,0,3,3,1
O=C1c2ccccc2C(=O)C1(O)O,1,3,9,178.14,-0.25,74.6,2,4,0,1
CC1CN(c2cc3c(cc2F)c(=O)c(C(=O)O)cn3-c2ccc(F)cc2F)CCN1,0,0,12,417.39,2.9,74.57,2,4,3,3
O=C(O)c1cn(-c2ccc(F)cc2)c2cc(N3CCNCC3)c(F)cc2c1=O,0,0,11,385.37,2.38,74.57,2,4,3,3
CN1CCN(c2cc3c(cc2F)c(=O)c(C(=O)O)cn3-c2ccc(F)cc2)CC1,1,1,11,399.4,2.72,65.78,1,4,3,3
O=c1[nH]c2ccccc2n1C1CCNCC1,0,0,2,217.27,1.25,49.82,2,2,1,2
O=c1[nH]c2cc(Cl)ccc2n1C1CCNCC1,0,0,1,251.72,1.91,49.82,2,2,1,2
CCOC(=O)N1CCC(n2c(=O)[nH]c3cc(Cl)ccc32)CC1,1,1,2,323.78,2.78,67.33,1,3,2,2
C[C@H]1C[C@H]2[C@@H]3CCC4=CC(=O)C=C[C@]4(C)[C@H]3C(=O)C[C@]2(C)[C@@]1(O)C(=O)CO,1,2,11,372.46,2.01,91.67,2,5,2,0
CCCC(=O)O[C@]1(C(=O)CCl)[C@@H](C)C[C@H]2[C@@H]3CCC4=CC(=O)C=C[C@]4(C)[C@@]3(F)C(=O)C[C@@]21C,1,1,2,478.99,4.7,77.51,0,5,5,0
C[C@]12C=CC(=O)C=C1CC[C@@H]1[C@@H]2C(=O)C[C@@]2(C)[C@H]1CC[C@]2(O)C(=O)CO,1,3,12,358.43,1.77,91.67,2,5,2,0
CCC(=O)N(c1ccccc1)C1CCN(CCc2cccs2)CC1,0,0,10,342.51,4.2,23.55,0,3,6,2
CCC(=O)N(c1ccccc1)C1CCN(C(C)Cc2cccs2)CC1,1,1,11,356.54,4.59,23.55,0,3,6,2
CCC(=O)N(c1ccccc1)C1(COC)CCN(CCc2cccs2)CC1.O=C(O)CC(O)(CC(=O)O)C(=O)O,1,1,8,578.68,2.97,164.91,4,8,13,2
COc1ccc(NS(=O)(=O)c2ccc(N)cc2)nn1,0,0,12,280.31,0.87,107.2,2,6,4,2
Nc1ccc(S(=O)(=O)Nc2ccc(Cl)nn2)cc1,0,0,12,284.73,1.51,97.97,2,5,3,2
CCOc1ccc(NS(=O)(=O)c2ccc(N)cc2)nn1,0,0,12,294.34,1.26,107.2,2,6,5,2
CC(C(=O)O)c1ccc(C(=O)c2cccs2)cc1,0,0,12,260.31,3.17,54.37,1,3,4,2
O=C(O)COc1ccc(C(=O)c2cccs2)c(Cl)c1Cl,0,0,10,331.18,3.75,63.6,1,4,5,2
CC(C(=O)O)c1ccc(C(=O)c2ccccc2)s1,0,0,6,260.31,3.17,54.37,1,3,4,2
CCC(=O)O[C@@H]1CC(=O)O[C@H](C)CC=CC=C[C@H](O)[C@H](C)C[C@H](CC=O)[C@H](O[C@@H]2O[C@H](C)[C@@H](O[C@H]3C[C@@](C)(O)[C@@H](OC(=O)CC)[C@H](C)O3)[C@H](N(C)C)[C@H]2O)[C@H]1OC,0,0,10,813.98,2.77,206.05,3,16,12,0
COC1[C@@H](O[C@@H]2O[C@H](C)[C@@H](O[C@H]3C[C@@](C)(O)[C@H](OC(=O)CC(C)C)[C@H](C)O3)[C@H](N(C)C)[C@H]2O)[C@@H](CC=O)C[C@@H](C)[C@@H](O)C=CC=CC[C@@H](C)OC(=O)C[C@H]1OC(C)=O,0,0,10,828.01,3.01,206.05,3,16,12,0
CO[C@@H]1[C@@H](O[C@@H]2O[C@H](C)[C@@H](O[C@H]3C[C@@](C)(O)[C@@H](OC(=O)CC(C)C)[C@H](C)O3)[C@H](N(C)C)[C@H]2O)[C@@H](CC=O)C[C@@H](C)[C@@H](O)C=CC=CC[C@@H](C)OC(=O)C[C@H]1O,1,2,8,785.97,2.44,199.98,4,15,11,0
CCN(Cc1c(F)cccc1Cl)c1c([N+](=O)[O-])cc(C(F)(F)F)cc1[N+](=O)[O-],1,3,12,421.73,5.34,89.52,0,5,6,2
CCN(Cc1ccccc1)c1ccccc1,0,0,11,211.31,3.71,3.24,0,1,4,2
CCN(Cc1cccc(S(=O)(=O)O)c1)c1ccccc1,0,0,12,291.37,2.96,57.61,1,3,5,2
CN(C)CCCO[C@@H]1[C@H]2OC(C)(C)O[C@H]2O[C@@H]1C(O)CO,0,0,11,305.37,-0.45,80.62,2,7,7,0
OC[C@@H](O)[C@H]1O[C@@H]2O[C@@H](C(Cl)(Cl)Cl)O[C@@H]2[C@H]1O,0,0,10,309.53,-0.46,88.38,3,6,2,0
OC[C@@H](O)[C@H]1O[C@@H]2O[C@H](C(Cl)(Cl)Cl)O[C@@H]2[C@H]1O,0,0,12,309.53,-0.46,88.38,3,6,2,0
CC(=O)Nc1cc(S(=O)(=O)[O-])cc2cc(S(=O)(=O)[O-])c(N=Nc3ccccc3)c(O)c12,0,0,9,463.45,2.73,188.45,2,10,5,3
COc1ccccc1/N=N/c1c(S(=O)(=O)[O-])cc2cc(S(=O)(=O)[O-])cc(NC(C)=O)c2c1O,0,0,9,493.48,2.74,197.68,2,11,6,3
Cc1cc(C)c(S(=O)(=O)[O-])cc1N=Nc1cc(S(=O)(=O)[O-])c2ccccc2c1O,0,0,11,434.45,3.39,159.35,1,9,4,3
C#CCC1=C(C)[C@H](OC(=O)[C@H]2[C@H](C=C(C)C)C2(C)C)CC1=O,0,0,6,300.4,3.45,43.37,0,3,4,0
C=CCC1=C(C)[C@@H](OC(=O)[C@@H]2[C@@H](C=C(C)C)C2(C)C)CC1=O,0,0,5,302.41,4.0,43.37,0,3,5,0
C=CCC1=C(C)C(OC(=O)C2C(C=C(C)C)C2(C)C)CC1=O,1,1,6,302.41,4.0,43.37,0,3,5,0
CC(C)C(C(=O)OC(C#N)c1cccc(Oc2ccccc2)c1)c1ccc(Cl)cc1,1,2,10,419.91,6.68,59.32,0,4,7,3
CC(C)[C@H](C(=O)OC(C#N)c1cccc(Oc2ccccc2)c1)c1ccc(OC(F)F)cc1,1,1,10,451.47,6.63,68.55,0,5,9,3
CC(C)[C@H](C(=O)O[C@H](C#N)c1cccc(Oc2ccccc2)c1)c1ccc(Cl)cc1,0,0,10,419.91,6.68,59.32,0,4,7,3
COc1ccc2c(c1)c(CC(=O)OCC(=O)O)c(C)n2C(=O)c1ccc(Cl)cc1,0,0,10,415.83,3.47,94.83,1,5,6,3
COc1ccc2c(c1)c(CC(=O)OC/C=C(\C)CC/C=C(\C)CCC=C(C)C)c(C)n2C(=O)c1ccc(Cl)cc1,0,0,1,562.15,8.81,57.53,0,4,12,3
COc1ccc2c(c1)c(CC(=O)O)c(C)n2C(=O)c1ccc(Cl)cc1,1,1,11,357.79,3.93,68.53,1,3,4,3
c1ccc(CNCc2ccccc2)cc1,0,0,10,197.28,2.98,12.03,1,1,4,2
ON(Cc1ccccc1)Cc1ccccc1,0,0,11,213.28,3.08,23.47,1,2,4,2
CN(Cc1ccccc1)Cc1ccccc1,0,0,10,211.31,3.32,3.24,0,1,4,2
COC(=O)[C@H]1[C@H]2C[C@@H]3c4[nH]c5cc(OC)ccc5c4CCN3C[C@H]2C[C@@H](OC(=O)c2cc(OC)c(OC)c(OC)c2)[C@@H]1OC,1,4,10,608.69,4.17,117.78,1,10,8,3
COC(=O)[C@H]1[C@H]2C[C@@H]3c4[nH]c5ccccc5c4CCN3C[C@H]2C[C@@H](OC(=O)c2cc(OC)c(OC)c(OC)c2)[C@@H]1OC,1,2,7,578.66,4.16,108.55,1,9,7,3
CCOC(=O)Oc1c(OC)cc(C(=O)O[C@@H]2C[C@@H]3CN4CCc5c([nH]c6cc(OC)ccc56)[C@H]4C[C@@H]3[C@H](C(=O)OC)[C@H]2OC)cc1OC,0,0,5,666.72,4.7,144.08,1,12,9,3
O=C([O-])c1ccccc1-c1c2cc(I)c(=O)c(I)c-2oc2c(I)c([O-])c(I)cc12,0,0,8,833.88,4.42,93.4,0,5,2,2
O=C([O-])c1c(Cl)c(Cl)c(Cl)c(Cl)c1-c1c2cc(I)c(=O)c(I)c-2oc2c(I)c([O-])c(I)cc12,1,2,7,971.66,7.03,93.4,0,5,2,2
O=C([O-])c1ccccc1-c1c2cc(Br)c(=O)c(Br)c-2oc2c(Br)c([O-])c(Br)cc12,0,0,8,645.88,5.05,93.4,0,5,2,2
COC(=O)N/N=C/c1c[n+]([O-])c2ccccc2[n+]1[O-],0,0,2,262.23,-0.2,104.57,1,5,2,2
[O-][n+]1cc[n+]([O-])c2ccccc21,0,0,9,162.15,0.11,53.88,0,2,0,2
Cc1c(C(=O)NCCO)[n+]([O-])c2ccccc2[n+]1[O-],0,0,12,263.25,-0.86,103.21,2,4,3,2
COc1ccc2c(c1OC)C(=O)O[C@@H]2[C@H]1c2cc3c(cc2CCN1C)OCO3,0,0,10,383.4,2.87,66.46,0,7,3,2
COc1ccc2c(c1OC)C(=O)O[C@@H]2[C@H]1c2c(cc3c(c2OC)OCO3)CCN1C,0,0,11,413.43,2.88,75.69,0,8,4,2
COc1ccc2c(c1OC)C(=O)O[C@H]2[C@@H]1c2cc3c(cc2CCN1C)OCO3,1,1,12,383.4,2.87,66.46,0,7,3,2
Cc1ccc2c(c1)CCCN2,1,1,12,147.22,2.35,12.03,1,1,0,1
CCOc1ccc2c(c1)C(C)CC(C)(C)N2,1,1,12,219.33,3.78,21.26,1,2,2,1
CC(C)NCC1CCc2cc(CO)c([N+](=O)[O-])cc2N1,0,0,10,279.34,1.81,87.43,3,5,5,1
C=CN1CCCCCC1=O,0,0,12,139.2,1.53,20.31,0,1,1,0
O=C1CCCCCN1,0,0,12,113.16,0.68,29.1,1,1,0,0
CCCCCCCCCCCCN1CCCCCC1=O,0,0,5,281.48,5.31,20.31,0,1,11,0
C1=COCCC1,0,0,11,84.12,1.31,9.23,0,1,0,0
COC1CCC=CO1,0,0,10,114.14,1.28,18.46,0,2,1,0
CC(=O)N[C@H]1[C@H]([C@H](O)[C@H](O)CO)OC(C(=O)O)=C[C@@H]1NC(=N)N,0,0,12,332.31,-3.58,198.22,8,7,6,0
Cl[C@H]1OCCO[C@@H]1Cl,0,0,12,157.0,1.16,18.46,0,2,0,0
C1COCCO1,0,0,12,88.11,0.03,18.46,0,2,0,0
OC1OCCOC1O,0,0,12,120.1,-1.33,58.92,2,4,0,0
Cc1ccccc1-n1c(CF)nc2ccc(N)cc2c1=O,1,4,10,283.31,2.75,60.91,1,3,2,3
Cc1nc2ccccc2c(=O)n1-c1ccccc1Cl,1,1,9,270.72,3.35,34.89,0,2,1,3
Cc1ccccc1-n1c(C)nc2ccccc2c1=O,1,1,10,250.3,3.0,34.89,0,2,1,3
CO[C@H]1O[C@@H]2O[C@]3(C)CC[C@H]4[C@H](C)CC[C@@H]([C@H]1C)C24OO3,0,0,10,298.38,2.84,46.15,0,5,1,0
C[C@H]1[C@H](OC(=O)CCC(=O)O)O[C@@H]2O[C@]3(C)CC[C@H]4[C@H](C)CC[C@@H]1C24OO3,0,0,5,384.43,2.6,100.52,1,7,4,0
CCO[C@H]1O[C@@H]2OC3(C)CC[C@H]4[C@H](C)CC[C@@H]([C@H]1C)[C@@]24OO3,0,0,2,312.41,3.23,46.15,0,5,2,0
O=C(/C=C/c1ccc([N+](=O)[O-])cc1)c1ccccc1,1,1,6,253.26,3.49,60.21,0,3,4,2
CC(C)=CCOc1ccc(/C=C/C(=O)c2ccc(OCC=C(C)C)cc2OCC(=O)O)cc1,1,4,9,450.53,5.74,82.06,1,5,12,2
COc1ccc(C=CC(=O)c2ccc(OC)cc2OC)cc1,1,2,2,298.34,3.61,44.76,0,4,6,2
Cn1cnc2c(=O)nc(N)[nH]c21,0,0,11,165.16,-0.76,89.59,2,4,0,2
Nc1nc(=O)c2ncn(CCC(CO)CO)c2[nH]1,0,0,12,253.26,-1.31,130.05,4,6,5,2
CC(C)[C@H](N)C(=O)OCC(CO)OCn1cnc2c(=O)nc(N)[nH]c21,0,0,10,354.37,-1.44,171.37,4,9,8,2
CC(c1ccc(O)cc1)(c1ccc(O)cc1)c1ccc(O)cc1,1,4,9,306.36,4.16,60.69,3,3,3,3
CN(C)c1ccc(C(c2ccccc2)c2ccc(N(C)C)cc2)cc1,1,1,11,330.48,5.0,6.48,0,2,5,3
O=C(O)c1ccccc1C(c1ccc(O)cc1)c1ccc(O)cc1,0,0,11,320.34,3.98,77.76,3,3,4,3
COc1ccc(CCNC[C@H](O)c2ccc(O)cc2)cc1OC,0,0,9,317.39,2.28,70.95,3,5,8,2
C[C@H](NCCc1ccc(O)cc1)[C@H](O)c1ccc(O)cc1,0,0,10,287.36,2.35,72.72,4,4,6,2
CC(Cc1ccc(O)cc1)NCC(O)c1cc(O)cc(O)c1,0,0,11,303.36,2.06,92.95,5,5,6,2
N#Cc1ccc2c(c1)N(CCCN1CCC(O)CC1)c1ccccc1S2,1,1,9,365.5,4.01,50.5,1,5,4,2
CCCCCCCCCCCCCCCC(=O)OCCC1CCN(CCCN2c3ccccc3Sc3ccc(S(=O)(=O)N(C)C)cc32)CC1,0,0,10,714.1,10.06,70.16,0,7,23,2
CC(=O)c1ccc2c(c1)N(CCCN1CCC(CCO)CC1)c1ccccc1S2,0,0,12,410.58,4.98,43.78,1,5,7,2
COc1cccc([C@H](O)C2CCN(CCc3ccc(F)cc3)CC2)c1OC,0,0,11,373.47,3.83,41.93,1,4,7,2
OC(CN1CCC(Cc2ccc(F)cc2)CC1)c1ccc(Cl)cc1,1,1,10,347.86,4.47,23.47,1,2,5,2
CC(C(O)c1ccc(O)cc1)N1CCC(Cc2ccccc2)CC1,0,0,11,325.45,3.77,43.7,2,3,5,2
CSc1ccc(/C=C2/C(C)=C(CC(=O)O)c3cc(F)ccc32)cc1,1,2,8,340.42,5.35,37.3,1,2,4,2
CC1=C(CC(=O)O)c2cc(F)ccc2/C1=C\c1ccc(S(C)=O)cc1,1,2,12,356.42,4.37,54.37,1,2,4,2
CC1=C(CC(=O)O)c2cc(F)ccc2/C1=C\c1ccc(S(C)(=O)=O)cc1,0,0,9,372.42,4.03,71.44,1,3,4,2
O=C(O)CCCCCCNC1c2ccccc2CCc2ccccc21,1,2,12,337.46,4.5,49.33,2,2,8,2
NC(=O)C1c2ccccc2CCc2ccccc21,0,0,10,237.3,2.4,43.09,1,1,1,2
CC(CC1c2ccccc2CCc2ccccc21)CN(C)C,0,0,1,293.45,4.5,3.24,0,1,4,2
CNC(=O)N(C)c1nnc(C(C)(C)C)s1,0,0,12,228.32,1.61,58.12,1,4,1,1
CC(=O)Nc1nnc(S(N)(=O)=O)s1,0,0,12,222.25,-0.86,115.04,2,6,2,1
Sc1nnc(S)s1,1,1,11,150.25,1.12,25.78,2,5,0,1
C=C[C@]1(C)C[C@@H](OC(=O)CSC(C)(C)CNC(=O)[C@H](N)C(C)C)[C@]2(C)[C@H](C)CC[C@]3(CCC(=O)[C@H]32)[C@@H](C)[C@@H]1O,0,0,6,564.83,4.5,118.72,3,7,9,0
C=C[C@]1(C)C[C@@H](OC(=O)CSCCN(CC)CC)[C@]2(C)C(C)CC[C@]3(CCC(=O)[C@H]32)[C@@H](C)[C@@H]1O,0,0,9,493.75,4.97,66.84,1,6,9,0
C=CC1(C)CC(OC(=O)CO)C2(C)C(C)CCC3(CCC(=O)C32)C(C)C1O,0,0,10,378.51,2.89,83.83,2,5,3,0
CCN(CC)CCNc1ccc(CO)c2sc3ccccc3c(=O)c12,1,3,7,356.49,3.66,52.57,2,5,7,3
CCN(CC)CCNc1ccc(CNC=O)c2sc3ccc(OC)cc3c(=O)c12,1,6,8,413.54,3.42,70.67,2,6,10,3
CC(C)c1ccc2sc3ccccc3c(=O)c2c1,1,5,10,254.35,4.54,17.07,0,2,1,3
CC(=O)CC(c1ccccc1)c1c(O)c2ccccc2oc1=O,1,2,12,308.33,3.61,67.51,1,4,4,3
CC(=O)CC(c1ccc([N+](=O)[O-])cc1)c1c(O)c2ccccc2oc1=O,1,1,11,353.33,3.52,110.65,1,6,5,3
CC(=O)CC(c1ccccc1)c1c([O-])c2ccccc2oc1=O,1,5,12,307.33,2.98,70.34,0,4,4,3
Clc1ccc2c(c1)CCc1cccnc1C2=C1CCNCC1,0,0,9,310.83,4.02,24.92,1,2,0,2
CCOC(=O)N1CCC(=C2c3ccc(Cl)cc3CCc3cccnc32)CC1,1,2,8,382.89,4.89,42.43,0,3,1,2
CN1CCC(=C2c3ccccc3CCc3cccnc32)CC1,0,0,11,290.41,3.71,16.13,0,2,0,2
Cc1cc(C(C)(C)C)c(O)c(C)c1CC1=NCCN1,0,0,12,260.38,2.85,44.62,2,3,2,1
c1ccc(CC2=NCCN2)cc1,0,0,12,160.22,1.23,24.39,1,2,2,1
Cc1cc(C(C)(C)C)cc(C)c1CC1=NCCN1,0,0,12,244.38,3.15,24.39,1,2,2,1
CC1COC(=O)O1,0,0,12,102.09,0.54,35.53,0,3,0,0
CCC1COC(=O)O1,0,0,12,116.12,0.93,35.53,0,3,1,0
O=C1OCCO1,0,0,12,88.06,0.15,35.53,0,3,0,0
Nc1nc[nH]n1,1,1,12,84.08,-0.61,67.59,2,3,0,1
c1nc[nH]n1,0,0,11,69.07,-0.2,41.57,1,2,0,1
CCOP(=S)(OCC)Oc1nc(Cl)n(C(C)C)n1,1,1,12,313.75,3.19,58.4,0,6,7,1
C[N+]1([O-])[C@@H]2C[C@@H](OC(=O)[C@H](CO)c3ccccc3)C[C@H]1[C@@H]1O[C@@H]12,0,0,10,319.36,0.93,82.12,1,5,4,1
C[N+]1(C)[C@@H]2C[C@@H](OC(=O)[C@H](CO)c3ccccc3)C[C@H]1[C@@H]1O[C@@H]12,0,0,12,318.39,1.06,59.06,1,4,4,1
CCCC[N+]1(C)[C@@H]2C[C@@H](OC(=O)[C@H](CO)c3ccccc3)C[C@H]1[C@@H]1O[C@@H]12,0,0,12,360.47,2.23,59.06,1,4,7,1
C=CC1CC2C=CC1C2,0,0,11,120.19,2.38,0.0,0,0,1,0
O=C(O)C1C(C(=O)O)C2(Cl)C(Cl)=C(Cl)C1(Cl)C2(Cl)Cl,0,0,11,388.85,3.23,74.6,2,2,2,0
ClC1=C(Cl)C2(Cl)C(CBr)CC1(Cl)C2(Cl)Cl,1,1,11,393.75,5.23,0.0,0,0,1,0
CCCCOC(=O)C(=O)Nc1cccc(-c2nnn[nH]2)c1,0,0,10,289.3,1.15,109.86,2,6,5,2
c1ccc(-c2nnn[nH]2)cc1,0,0,12,146.15,0.87,54.46,1,3,1,2
O=C(O)C(=O)Nc1cccc(-c2nnn[nH]2)c1,0,0,11,233.19,-0.11,120.86,3,5,2,2
OCCN1CCN(CC/C=C2/c3ccccc3Sc3ccc(Cl)cc32)CC1,0,0,9,400.98,4.24,26.71,1,4,5,2
CN1CCN(CCC=C2c3ccccc3Sc3ccc(S(=O)(=O)N(C)C)cc32)CC1,0,0,6,443.64,3.47,43.86,0,5,5,2
OCCN1CCN(CC/C=C2/c3ccccc3Sc3ccc(C(F)(F)F)cc32)CC1,0,0,8,434.53,4.6,26.71,1,4,5,2
COc1ccc(Cc2nccc3cc(OC)c(OC)cc23)cc1OC,1,1,9,339.39,3.86,49.81,0,5,6,3
CCc1cc2cc(OC)c(OC)cc2c(Cc2ccccc2)n1,0,0,2,307.39,4.41,31.35,0,3,5,3
CCOc1ccc(Cc2nccc3cc(OCC)c(OCC)cc23)cc1OCC,0,0,7,395.5,5.42,49.81,0,5,10,3
O=S(=O)(Oc1ccc(Cl)cc1Cl)c1ccccc1,1,3,11,303.17,3.76,43.37,0,3,3,2
O=S(=O)(Oc1ccc(Cl)cc1)c1ccc(Cl)cc1,1,1,11,303.17,3.76,43.37,0,3,3,2
O=S(=O)(Oc1ccc(Cl)cc1)c1ccccc1,0,0,9,268.72,3.11,43.37,0,3,3,2
Cc1cc(=O)nc(C(C)C)[nH]1,0,0,12,152.2,1.2,45.75,1,2,1,1
CCOc1nc(=O)c(F)c[nH]1,0,0,2,158.13,0.31,54.98,1,3,2,1
Nc1cc(=O)nc(N)[nH]1,0,0,12,126.12,-1.07,97.79,3,4,0,1
Nc1c2ccccc2nc2ccccc12,1,5,7,194.24,2.97,38.91,1,2,0,3
Nc1ccc2cc3ccc(N)cc3nc2c1,1,7,10,209.25,2.55,64.93,2,3,0,3
CC(O)C(=O)O.CCOc1ccc2nc3cc(N)ccc3c(N)c2c1,1,6,9,343.38,2.4,131.69,4,6,3,3
CC[C@]1(O)C[C@@H]2CN(CCc3c([nH]c4ccccc34)[C@@](C(=O)OC)(c3cc4c(cc3OC)N(C)[C@H]3[C@@](O)(C(=O)OC)[C@H](OC(C)=O)[C@]5(CC)C=CCN6CC[C@]43[C@@H]65)C2)C1,1,5,7,810.99,3.99,154.1,3,12,7,3
CC[C@]1(O)C[C@H]2CN(CCc3c([nH]c4ccccc34)[C@@](C(=O)OC)(c3cc4c(cc3OC)N(C)[C@H]3[C@@](O)(C(N)=O)[C@H](O)[C@]5(CC)C=CCN6CC[C@]43[C@@H]65)C2)C1,1,2,5,753.94,2.73,164.82,5,10,6,3
CC[C@]1(O)C[C@H]2CN(CCc3c([nH]c4ccccc34)[C@@](C(=O)OC)(c3cc4c(cc3OC)N(C=O)[C@H]3[C@@](O)(C(=O)OC)[C@H](OC(C)=O)[C@]5(CC)C=CCN6CC[C@]43[C@@H]65)C2)C1,1,1,4,824.97,3.52,171.17,3,12,8,3
CO[C@H]1[C@@H](O)C[C@H](O[C@H]2[C@@H](O)C[C@H](O[C@H]3[C@@H](O)C[C@H](O[C@H]4CC[C@@]5(C)[C@H](CC[C@@H]6[C@@H]5C[C@@H](O)[C@]5(C)[C@@H](C7=CC(=O)OC7)CC[C@]65O)C4)O[C@@H]3C)O[C@@H]2C)O[C@@H]1C,1,2,4,794.98,2.87,192.06,5,14,8,0
C[C@H]1O[C@@H](O[C@H]2[C@@H](O)C[C@H](O[C@H]3[C@@H](O)C[C@H](O[C@H]4CC[C@@]5(C)[C@H](CC[C@@H]6[C@@H]5CC[C@]5(C)[C@@H](C7=CC(=O)OC7)CC[C@]65O)C4)O[C@@H]3C)O[C@@H]2C)C[C@H](O)[C@@H]1O,1,3,6,764.95,3.25,182.83,5,13,7,0
C[C@H]1O[C@@H](O[C@H]2[C@@H](O)C[C@H](O[C@H]3[C@@H](O)C[C@H](O[C@H]4CC[C@@]5(C)[C@H](CC[C@@H]6[C@@H]5C[C@@H](O)[C@]5(C)[C@@H](C7=CC(=O)OC7)CC[C@]65O)C4)O[C@@H]3C)O[C@@H]2C)C[C@H](O)[C@@H]1O,1,6,8,780.95,2.22,203.06,6,14,7,0
O=NN1CCCCCCC1,0,0,11,142.2,1.93,32.67,0,2,1,0
N=C(N)NCCN1CCCCCCC1,0,0,2,198.31,0.74,65.14,3,2,3,0
C1CCCNCCC1,0,0,12,113.2,1.54,12.03,1,1,0,0
CO[C@@]1(NC(=O)Cc2cccs2)C(=O)N2C(C(=O)[O-])=C(COC(N)=O)CS[C@@H]21,0,0,10,426.45,-1.24,151.09,2,9,7,1
CC(=O)OCC1=C(C(=O)O)N2C(=O)[C@@H](NC(=O)Cc3cccs3)[C@H]2SC1,1,1,1,396.45,0.59,113.01,2,7,6,1
CO[C@@]1(NC(=O)Cc2cccs2)C(=O)N2C(C(=O)O)=C(COC(N)=O)CS[C@@H]21,0,0,12,427.46,0.1,148.26,3,8,7,1
Cc1ccc(C(=O)C(C)CN2CCCCC2)cc1,1,2,12,245.37,3.3,20.31,0,2,4,1
CCc1ccc(C(=O)C(C)CN2CCCCC2)cc1,1,1,11,259.39,3.55,20.31,0,2,5,1
CCCCOc1ccc(C(=O)CCN2CCCCC2)cc1,1,2,9,289.42,3.92,29.54,0,3,8,1
CCN(CC)CCOC(=O)C1(C2CCCCC2)CCCCC1,0,0,10,309.49,4.4,29.54,0,3,7,0
C1CCC(C2CCCCC2)CC1,0,0,11,166.31,4.15,0.0,0,0,1,0
OC1CCC(C2CCCCC2)CC1,0,0,11,182.31,3.12,20.23,1,1,1,0
Nc1cnn(-c2ccccc2)c(=O)c1Cl,0,0,11,221.65,1.47,60.91,1,3,1,2
CNc1cnn(-c2cccc(C(F)(F)F)c2)c(=O)c1Cl,1,3,11,303.67,2.95,46.92,1,3,2,2
CCOC(=O)COc1cc(-n2ncc(C(F)(F)F)c(C)c2=O)c(F)cc1Cl,0,0,12,408.74,3.29,70.42,0,5,5,2
BrC1CCC(Br)C(Br)CCC(Br)C(Br)CCC1Br,1,2,8,641.7,6.92,0.0,0,0,0,0
C1CCCCCCCCCCC1,0,0,11,168.32,4.68,0.0,0,0,0,0
OC1CCCCCCCCCCC1,1,1,12,184.32,3.65,20.23,1,1,0,0
CCCCN1CCCC[C@H]1C(=O)Nc1c(C)cccc1C,0,0,11,288.44,3.9,32.34,1,2,5,1
Cc1cccc(C)c1NC(=O)C1CCCCN1C,0,0,9,246.35,2.73,32.34,1,2,2,1
CCCN1CCCC[C@H]1C(=O)Nc1c(C)cccc1C,0,0,11,274.41,3.51,32.34,1,2,4,1
CCC(=O)[N-]S(=O)(=O)c1ccc(-c2c(-c3ccccc3)noc2C)cc1,0,0,8,369.42,4.32,91.34,0,5,5,3
COc1ccc(-c2noc(CC(=O)O)c2-c2ccc(OC)cc2)cc1,0,0,7,339.35,3.65,81.79,1,5,6,3
Cc1onc(-c2ccccc2)c1-c1ccc(S(N)(=O)=O)cc1,0,0,10,314.37,2.96,86.19,1,4,3,3
C[N+]1(C)[C@@H]2CC[C@H]1C[C@@H](OC(=O)C(CO)c1ccccc1)C2,1,2,12,304.41,2.08,46.53,1,3,4,1
C[N+]1([O-])[C@@H]2CC[C@H]1C[C@@H](OC(=O)C(CO)c1ccccc1)C2,0,0,10,305.37,1.94,69.59,1,4,4,1
CC(C)[N+]1(C)C2CCC1CC(OC(=O)C(CO)c1ccccc1)C2,1,1,10,332.46,2.85,46.53,1,3,5,1
CC(C)C1=CC2=CC[C@@H]3[C@](C)(CCC[C@@]3(C)C(=O)[O-])[C@H]2CC1,1,1,8,301.45,3.87,40.13,0,2,2,0
CC(C)C1=CC2=CC[C@@H]3[C@](C)(CCC[C@@]3(C)C(=O)O)[C@H]2CC1,0,0,10,302.46,5.21,37.3,1,1,2,0
COC(=O)[C@]1(C)CCC[C@@]2(C)[C@H]1CC=C1C=C(C(C)C)CC[C@@H]12,1,2,11,316.49,5.29,26.3,0,2,2,0
CC1(C)[C@@H](O[C@H]2O[C@H](C(=O)O)[C@@H](O)[C@H](O)[C@H]2O[C@@H]2O[C@H](C(=O)[O-])[C@@H](O)[C@H](O)[C@H]2O)CC[C@]2(C)[C@H]3C(=O)C=C4[C@@H]5C[C@@](C)(C(=O)O)CC[C@]5(C)CC[C@@]4(C)[C@]3(C)CC[C@@H]12,0,0,12,821.93,0.91,269.87,7,14,7,0
CC1(C)[C@@H](O[C@H]2O[C@H](C(=O)O)[C@@H](O)[C@H](O)[C@H]2O[C@@H]2O[C@H](C(=O)O)[C@@H](O)[C@H](O)[C@H]2O)CC[C@]2(C)[C@H]3C(=O)C=C4[C@@H]5C[C@@](C)(C(=O)O)CC[C@]5(C)CC[C@@]4(C)[C@]3(C)CC[C@@H]12,1,1,12,822.94,2.25,267.04,8,13,7,0
CC1(C)C2CC[C@]3(C)[C@H](C(=O)C=C4[C@@H]5C[C@@](C)(C(=O)O)CC[C@]5(C)CC[C@]43C)[C@@]2(C)CC[C@@H]1O[C@H]1O[C@H](C(=O)[O-])[C@@H](O)[C@H](O)[C@H]1O[C@@H]1O[C@H](C(=O)O)[C@@H](O)[C@H](O)[C@H]1O,1,1,10,821.93,0.91,269.87,7,14,7,0
Cc1ncc(C[n+]2csc(CCOP(=O)(O)OP(=O)(O)O)c2C)c(N)n1,0,0,10,425.32,0.84,168.97,4,8,8,2
Cc1ncc(C[n+]2csc(CCO)c2C)c(N)n1,0,0,12,265.36,0.61,75.91,2,5,4,2
Cc1ncc(C[n+]2csc(CCOP(=O)(O)O)c2C)c(N)n1,0,0,10,345.34,0.72,122.44,3,6,6,2
Nc1ccccc1C(=O)OCCc1ccccc1,1,4,10,241.29,2.67,52.32,1,3,4,2
CCC(COC(=O)c1cc(OC)c(OC)c(OC)c1)(c1ccccc1)N(C)C,1,1,10,387.48,3.74,57.23,0,6,9,2
O=C(OCCc1ccccc1)c1ccccc1,1,2,11,226.28,3.09,26.3,0,2,4,2
O=C1/C(=C2\Nc3ccc(S(=O)(=O)O)cc3C2=O)Nc2ccc(S(=O)(=O)O)cc21,1,1,10,422.4,1.31,166.94,4,8,2,2
O=C1/C(=C2\Nc3ccc(S(=O)(=O)[O-])cc3C2=O)Nc2ccc(S(=O)(=O)[O-])cc21,0,0,12,420.38,0.62,172.6,2,10,2,2
O=C1/C(=C2\Nc3ccccc3C2=O)Nc2ccccc21,1,1,11,262.27,2.81,58.2,2,4,0,2
C[C@H](N[C@H](CCc1ccccc1)C(=O)O)C(=O)N1CCC[C@H]1C(=O)O,0,0,12,348.4,1.13,106.94,3,4,8,1
NCCCC[C@H](N[C@@H](CCc1ccccc1)C(=O)O)C(=O)N1CCC[C@H]1C(=O)O,0,0,12,405.5,1.24,132.96,4,5,12,1
CCOC(=O)[C@H](CCc1ccccc1)N[C@@H](C)C(=O)N1CCC[C@H]1C(=O)O,0,0,12,376.45,1.6,95.94,2,5,9,1
CSc1nc(NC2CC2)nc(NC(C)(C)C)n1,1,2,9,253.38,2.38,62.73,2,6,4,1
CC(C)(C#N)Nc1nc(Cl)nc(NC2CC2)n1,0,0,11,252.71,1.81,86.52,2,6,4,1
Nc1nc(N)nc(NC2CC2)n1,1,1,12,166.19,-0.39,102.74,3,6,2,1
O=C(CCc1ccc(O)cc1)c1c(O)cc(O)cc1O,1,4,6,274.27,2.32,97.99,4,5,4,2
CCN(CC)CCOc1ccccc1C(=O)CCc1ccccc1,0,0,11,325.45,4.22,29.54,0,3,10,2
CCCNCC(O)COc1ccccc1C(=O)CCc1ccccc1,0,0,8,341.45,3.24,58.56,2,4,11,2
CNC1(c2ccccc2Cl)CCCCC1=O,0,0,10,237.73,2.9,29.1,1,2,2,1
CN[C@@]1(c2ccccc2Cl)CCCCC1=O,0,0,10,237.73,2.9,29.1,1,2,2,1
CN[C@]1(c2ccccc2Cl)CCCCC1=O,0,0,10,237.73,2.9,29.1,1,2,2,1
Cc1cc(-c2ccc(N=Nc3c(S(=O)(=O)[O-])cc4cc(S(=O)(=O)[O-])cc(N)c4c3O)c(C)c2)ccc1N=Nc1c(S(=O)(=O)[O-])cc2cc(S(=O)(=O)[O-])cc(N)c2c1O,0,0,5,868.86,5.3,370.74,4,20,9,6
Nc1c(/N=N/c2ccc(-c3ccc(/N=N/c4cc(S(=O)(=O)[O-])c5ccccc5c4N)cc3)cc2)cc(S(=O)(=O)[O-])c2ccccc12,1,1,9,650.7,7.46,215.88,2,12,7,6
Cc1cc(-c2ccc(/N=N/c3ccc4c(S(=O)(=O)[O-])cc(S(=O)(=O)[O-])c(N)c4c3O)c(C)c2)ccc1/N=N/c1ccc2c(S(=O)(=O)[O-])cc(S(=O)(=O)[O-])c(N)c2c1O,0,0,7,868.86,5.3,370.74,4,20,9,6
O=P1(NCCCl)OCCCN1CCCl,0,0,12,261.09,1.88,41.57,1,2,5,0
O=P1(N(CCCl)CCCl)NC(OO)CCO1,0,0,10,293.09,1.7,71.03,2,4,6,0
O=P1(N(CCCl)CCCl)NCCCO1,1,1,12,261.09,1.88,41.57,1,2,5,0
CC[C@H](C)[C@@H](C(=O)O)n1sc2ccccc2c1=O,1,1,11,265.33,2.73,59.3,1,3,4,2
O=c1[nH]sc2ccccc12,1,2,6,151.19,1.59,32.86,1,2,0,2
O=c1[nH]sc2cc(Cl)ccc12,1,1,1,185.63,2.24,32.86,1,2,0,2
O=C([O-])COc1nn(Cc2ccccc2)c2ccccc12,0,0,11,281.29,1.21,67.18,0,4,5,3
CN(C)CCCOc1nn(Cc2ccccc2)c2ccccc12,0,0,11,309.41,3.42,30.29,0,3,7,3
O=C(O)c1nn(Cc2ccc(Cl)cc2Cl)c2ccccc12,1,3,10,321.16,4.09,55.12,1,2,3,3
CCOC(=O)C1OC1c1ccccc1,0,0,11,192.21,1.69,38.83,0,3,3,1
c1ccc(C2CO2)cc1,0,0,12,120.15,1.76,12.53,0,1,1,1
CCOC(=O)C1OC1(C)c1ccccc1,0,0,10,206.24,1.86,38.83,0,3,3,1
Clc1ccc(C(Cn2ccnc2)OCc2c(Cl)cccc2Cl)c(Cl)c1,1,2,7,416.14,6.45,27.05,0,2,6,3
Clc1ccc(COC(Cn2ccnc2)c2ccc(Cl)cc2Cl)c(Cl)c1,1,2,9,416.14,6.45,27.05,0,2,6,3
Clc1ccc(COC(Cn2ccnc2)c2ccc(Cl)cc2Cl)cc1,1,3,8,381.69,5.8,27.05,0,2,6,3
CCc1cnc(C2=NC(C)(C(C)C)C(=O)N2)c(C(=O)O)c1,0,0,12,289.33,1.63,91.65,2,4,4,1
COCc1cnc(C2=NC(C)(C(C)C)C(=O)N2)c(C(=O)O)c1,0,0,12,305.33,1.22,100.88,2,5,5,1
CC(C)C1(C)N=C(c2ncccc2C(=O)O)NC1=O,0,0,12,261.28,1.07,91.65,2,4,3,1
CCCC1COC(Cn2cncn2)(c2ccc(Cl)cc2Cl)O1,1,3,11,342.23,3.65,49.17,0,4,5,2
Clc1ccc(C2(Cn3cncn3)OCCO2)c(Cl)c1,0,0,12,300.14,2.48,49.17,0,4,3,2
CCC1COC(Cn2cncn2)(c2ccc(Cl)cc2Cl)O1,1,2,11,328.2,3.26,49.17,0,4,4,2
CCCCCCCCCCCCCCCC(=O)O[C@@H]1CC(C)=C(/C=C/C(C)=C/C=C/C(C)=C/C=C\C=C(C)\C=C\C=C(C)\C=C\C2=C(C)C[C@@H](OC(=O)CCCCCCCCCCCCCCC)CC2(C)C)C(C)(C)C1,0,0,10,1045.72,22.61,52.6,0,4,40,0
CC1=C(/C=C/C(C)=C/C=C/C(C)=C/C=C/C=C(C)/C=C/C=C(C)/C=C/C2=C(C)C[C@@H](O)CC2(C)C)C(C)(C)C[C@H](O)C1,1,2,5,568.89,10.55,40.46,2,2,10,0
CC1=C(/C=C/C(C)=C/C=C/C(C)=C/C=C\C=C(C)\C=C\C=C(C)\C=C\C2=C(C)CCCC2(C)C)C(C)(C)CCC1,0,0,10,536.89,12.61,0.0,0,0,10,0
O=C1c2ccccc2C(=O)C1c1ccc2cc(S(=O)(=O)[O-])cc(S(=O)(=O)[O-])c2n1,1,1,10,431.4,1.21,161.43,0,9,3,3
O=C1c2ccccc2C(=O)C1c1ccc2ccccc2n1,1,4,9,273.29,3.4,47.03,0,3,1,3
O=C1c2ccccc2C(=O)C1c1nc2ccccc2c(Br)c1O,1,4,12,368.19,3.87,67.26,1,4,1,3
OC[C@H]1O[C@@H](O[C@H]2[C@H](O)[C@@H](O)[C@H](O)O[C@@H]2CO)[C@H](O)[C@@H](O)[C@H]1O,0,0,11,342.3,-5.4,189.53,8,11,4,0
OC[C@H]1O[C@@H](O[C@H]2[C@H](O)[C@@H](O)[C@H](O)O[C@@H]2CO)[C@H](O)[C@@H](O)[C@@H]1O,0,0,10,342.3,-5.4,189.53,8,11,4,0
O=C(O)c1ccc2[nH]cc(CCCCN3CC=C(c4ccccc4)CC3)c2c1,0,0,11,374.48,4.98,56.33,2,2,7,3
Oc1ccc2[nH]cc(CCCCN3CC=C(c4ccccc4)CC3)c2c1,0,0,6,346.47,4.99,39.26,2,2,6,3
CN1C[C@H](C(=O)N[C@]2(C)O[C@@]3(O)[C@@H]4CCCN4C(=O)[C@H](Cc4ccccc4)N3C2=O)C[C@@H]2c3cccc4[nH]cc(c34)C[C@H]21,0,0,7,583.69,2.08,118.21,3,6,4,3
CC(C)[C@@]1(NC(=O)[C@@H]2C[C@@H]3c4cccc5[nH]cc(c45)C[C@H]3N(C)C2)O[C@@]2(O)[C@@H]3CCCN3C(=O)[C@H](Cc3ccccc3)N2C1=O,0,0,7,611.74,2.72,118.21,3,6,5,3
C/C=C1\C(=O)C[C@H]2[C@@H]3CCC4=CC(=O)CC[C@]4(C)[C@H]3CC[C@]12C,1,1,7,312.45,4.64,34.14,0,2,0,0
C/C=C1/C(=O)C[C@H]2[C@@H]3CCC4=CC(=O)CC[C@]4(C)[C@H]3CC[C@]12C,1,4,10,312.45,4.64,34.14,0,2,0,0
CN1C2=CC(=O)C(=NNC(N)=O)C=C2CC1S(=O)(=O)[O-],0,0,10,299.29,-1.39,144.99,2,7,2,0
CN1CC(O)C2=C/C(=N/NC(N)=O)C(=O)C=C21,0,0,10,236.23,-1.29,108.02,3,5,1,0
C#C[C@]1(O)CC[C@H]2[C@@H]3[C@H](C)CC4=C(CCC(=O)C4)[C@H]3CC[C@@]21C,1,4,11,312.45,3.88,37.3,1,2,0,0
C#C[C@]1(O)CC[C@H]2[C@@H]3CCC4=C(CCC(=O)C4)[C@H]3CC[C@@]21C,1,4,10,298.43,3.64,37.3,1,2,0,0
CN(C(=O)Cc1ccc(Cl)c(Cl)c1)[C@H]1CC[C@@]2(CCCO2)C[C@@H]1N1CCCC1,0,0,10,425.4,4.56,32.78,0,3,4,1
CN(C(=O)Cc1ccccc1)[C@H]1CC[C@@]2(CCCO2)C[C@@H]1N1CCCC1,0,0,11,356.51,3.25,32.78,0,3,4,1
CC1=C(C(=O)O)N2C(=O)[C@@H](N)[C@H]2SC1,0,0,2,214.25,-0.41,83.63,2,4,1,0
CC(=O)OCC1=C(C(=O)O)N2C(=O)[C@@H](N)[C@H]2SC1,0,0,12,272.28,-0.87,109.93,2,6,3,0
COc1c2c(cc3c1OCO3)CCN(C)C2,0,0,11,221.26,1.41,30.93,0,4,1,1
CN1CCc2cc3c(cc2C1O)OCO3,0,0,6,207.23,0.89,41.93,1,4,0,1
C=C[Si]1(C)O[Si](C)(C=C)O[Si](C)(C=C)O[Si](C)(C=C)O1,1,1,12,344.66,3.26,36.92,0,4,4,0
C[Si]1(C)O[Si](C)(C)O[Si](C)(C)O[Si](C)(C)O1,0,0,12,296.62,2.87,36.92,0,4,0,0
O=C1NC(=O)c2cccc3cccc1c23,1,3,11,197.19,1.72,46.17,1,2,0,2
O=C(O)CN1C(=O)c2cccc3cccc(c23)C1=O,0,0,12,255.23,1.52,74.68,1,3,2,2
Nc1nc(=O)n([C@@H]2CS[C@H](CO)O2)cc1F,0,0,10,247.25,-0.46,90.37,2,6,2,1
Nc1ccn([C@H]2CS[C@@H](CO)O2)c(=O)n1,0,0,12,229.26,-0.59,90.37,2,6,2,1
CO[C@H]1C[C@@H]2CC[C@@H](C)[C@@](O)(O2)C(=O)C(=O)N2CCCC[C@H]2C(=O)O[C@H]([C@H](C)C[C@@H]2CC[C@@H](OCCO)[C@H](OC)C2)CC(=O)[C@H](C)C=C(C)[C@@H](O)[C@@H](OC)C(=O)[C@H](C)C[C@H](C)C=CC=CC=C1C,1,2,5,958.24,6.2,204.66,3,14,9,0
CO[C@H]1C[C@@H]2CC[C@@H](C)[C@@](O)(O2)C(=O)C(=O)N2CCCC[C@H]2C(=O)O[C@H]([C@H](C)C[C@@H]2CC[C@@H](O)[C@H](OC)C2)CC(=O)[C@H](C)C=C(C)[C@@H](O)[C@@H](OC)C(=O)[C@H](C)C[C@H](C)C=CC=CC=C1C,1,2,5,914.19,6.18,195.43,3,13,6,0
Nc1ncnc(Nc2ccccc2)n1,0,0,9,187.21,1.2,76.72,2,5,2,2
Nc1ncnc(Nc2ccc(Cl)cc2)n1,1,3,9,221.65,1.85,76.72,2,5,2,2
CCCC(=O)Nc1ncnc2c1ncn2[C@@H]1O[C@@H]2COP(=O)(O)O[C@H]2[C@H]1OC(=O)CCC,0,0,10,469.39,1.69,163.99,2,10,7,2
Nc1ncnc2c1ncn2[C@@H]1O[C@@H]2COP(=O)(O)O[C@H]2[C@H]1O,0,0,12,329.21,-0.82,154.84,3,9,1,2
Cc1ccc(Nc2ccc(O)c3c2C(=O)c2ccccc2C3=O)cc1,1,2,12,329.36,4.22,66.4,2,4,2,3
O=C1c2c(O)ccc(Nc3ccc(CCO)cc3)c2C(=O)c2c([N+](=O)[O-])ccc(O)c21,1,3,9,420.38,3.06,150.0,4,8,5,3
CC1(C)OC[C@@H]2O[C@@]3(C(=O)O)OC(C)(C)O[C@H]3[C@@H]2O1,0,0,12,274.27,0.47,83.45,1,6,1,0
CC1(C)OC[C@@H]2O[C@@]3(C(=O)[O-])OC(C)(C)O[C@H]3[C@@H]2O1,0,0,11,273.26,-0.87,86.28,0,7,1,0
CC12CCC(CC1=O)C2(C)C,0,0,12,152.24,2.4,17.07,0,1,0,0
CC1(C)[C@@H]2CC[C@@]1(C)C(=O)C2,0,0,12,152.24,2.4,17.07,0,1,0,0
CC[N+]1(C)CCCC(OC(=O)C(O)(c2ccccc2)c2ccccc2)C1,0,0,2,354.47,3.09,46.53,1,3,5,2
C[N+]1(C)CCCC(OC(=O)C(O)(c2ccccc2)c2ccccc2)C1,0,0,9,340.44,2.7,46.53,1,3,4,2
COc1ncc(F)c2nc(S(=O)(=O)Nc3c(F)cccc3F)nn12,0,0,12,359.29,1.35,98.48,1,6,4,3
CCOc1nc(F)cc2nc(S(=O)(=O)Nc3c(Cl)cccc3Cl)nn12,1,1,10,406.23,2.77,98.48,1,6,5,3
CC(C)(C(=O)O)c1ccc(C(O)CCCN2CCC(C(O)(c3ccccc3)c3ccccc3)CC2)cc1,0,0,11,501.67,5.51,81.0,3,4,10,3
CC(C)(C)c1ccc(C(O)CCCN2CCC(C(O)(c3ccccc3)c3ccccc3)CC2)cc1,0,0,8,471.69,6.45,43.7,2,3,8,3
C[C@@H]1[C@@H]2Cc3ccc(O)cc3[C@@]1(C)CCN2CCc1ccccc1,1,1,8,321.46,4.16,23.47,1,2,3,2
C[C@H]1[C@H]2Cc3ccc(O)cc3[C@]1(C)CCN2CCc1ccccc1,1,1,8,321.46,4.16,23.47,1,2,3,2
C=CCN1CC[C@]23c4c5ccc(O)c4O[C@H]2C(=O)CC[C@@]3(O)[C@H]1C5,0,0,12,327.38,1.3,70.0,2,5,2,1
C=CCN1CC[C@]23c4c5ccc(O)c4O[C@H]2C(=O)CC[C@@]3(O)[C@H]1C5.CI,0,0,9,469.32,2.35,70.0,2,5,2,1
CN1CCCN=C1/C=C/c1cccs1,1,1,2,206.31,2.5,15.6,0,3,2,1
Cc1ccsc1/C=C/C1=NCCCN1C,0,0,2,220.34,2.8,15.6,0,3,2,1
CCOC(=O)[N-]c1c[n+](N2CCOCC2)no1,0,0,12,242.23,0.09,82.78,0,6,3,1
Nc1c[n+](N2CCOCC2)no1,0,0,12,171.18,-1.49,68.4,1,5,1,1
CC(COCC(C)OC(=O)c1ccccc1)OC(=O)c1ccccc1,1,1,12,342.39,3.49,61.83,0,5,8,2
O=C(OCCOCCOC(=O)c1ccccc1)c1ccccc1,0,0,12,314.34,2.72,61.83,0,5,8,2
C1CN2CCC1CC2,0,0,2,111.19,1.1,3.24,0,1,0,0
CC(=O)OC1CN2CCC1CC2,0,0,9,169.22,0.64,29.54,0,3,1,0
CC1=C(O)C(=O)CO1,0,0,10,114.1,0.38,46.53,1,3,0,0
CC1=C(O)C(=O)C(C)O1,0,0,12,128.13,0.76,46.53,1,3,0,0
CC(C(=O)O)c1ccc(N2Cc3ccccc3C2=O)cc1,1,3,7,281.31,3.04,57.61,1,2,3,2
CCC(C(=O)O)c1ccc(N2Cc3ccccc3C2=O)cc1,0,0,2,295.34,3.43,57.61,1,2,4,2
COC(=O)[C@H](c1ccccc1Cl)N1CCc2sccc2C1,1,2,12,321.83,3.67,29.54,0,4,3,2
Clc1ccccc1CN1CCc2sccc2C1,1,2,11,263.79,3.96,3.24,0,2,2,2
O=C(CC(=O)c1ccccc1)c1ccccc1,1,5,11,224.26,3.14,34.14,0,2,4,2
COc1ccc(C(=O)CC(=O)c2ccc(C(C)(C)C)cc2)cc1,0,0,8,310.39,4.45,43.37,0,3,5,2
O=C1Nc2ccccc2C1=O,1,2,11,147.13,0.82,46.17,1,2,0,1
O=C1Nc2ccc([N+](=O)[O-])cc2C1=O,1,2,10,192.13,0.73,89.31,1,4,1,1
N=C1C=CC(=C(c2ccc(N)cc2)c2ccc(N)cc2)C=C1,1,4,6,287.37,3.8,75.89,3,3,2,2
Cc1cc(C(=C2C=CC(=N)C=C2)c2ccc(N)cc2)ccc1N,1,1,10,301.39,4.11,75.89,3,3,2,2
CN(C1CCCCC1)S(=O)(=O)c1ccccc1N,0,0,9,268.38,2.22,63.4,1,3,3,1
Cc1ccc(S(=O)(=O)NC2CCCCC2)cc1,1,1,10,253.37,2.61,46.17,1,2,3,1
CCOC(=O)[C@H](CCc1ccccc1)N[C@@H](C)C(=O)N1C(=O)N(C)C[C@H]1C(=O)O,0,0,12,405.45,0.88,116.25,2,6,9,1
CC(NC(CCc1ccccc1)C(=O)O)C(=O)N1C(=O)N(C)CC1C(=O)O,0,0,2,377.4,0.4,127.25,3,5,8,1
COc1ccc([C@@H]2CC(=O)c3c(O)cc(O[C@@H]4O[C@H](CO[C@@H]5O[C@@H](C)[C@H](O)[C@@H](O)[C@H]5O)[C@@H](O)[C@H](O)[C@H]4O)cc3O2)cc1OC,0,0,12,624.59,-0.85,223.29,7,15,8,2
COc1ccc([C@@H]2CC(=O)c3c(O)cc(O[C@@H]4O[C@H](CO[C@@H]5O[C@@H](C)[C@H](O)[C@@H](O)[C@H]5O)[C@@H](O)[C@H](O)[C@H]4O)cc3O2)cc1O,0,0,10,610.57,-1.16,234.29,8,15,7,2
CC(C)(C)C(=O)C(Oc1ccc(Cl)cc1)n1cncn1,1,2,10,293.75,3.12,57.01,0,4,4,2
CC(C)(C)C(O)C(Oc1ccc(Cl)cc1)n1cncn1,1,2,12,295.77,2.92,60.17,1,4,4,2
Cc1onc(-c2c(Cl)cccc2Cl)c1C(=O)Cl,0,0,2,290.53,4.34,43.1,0,3,2,2
Cc1onc(-c2ccccc2)c1C(=O)Cl,0,0,2,221.64,3.03,43.1,0,3,2,2
ClC1=C(Cl)[C@]2(Cl)[C@@H]3[C@@H]4C[C@@H]([C@H]5O[C@@H]45)[C@@H]3[C@@]1(Cl)C2(Cl)Cl,1,1,7,380.91,4.48,12.53,0,1,0,0
ClC1=C(Cl)[C@]2(Cl)[C@@H]3[C@H]4C[C@H]([C@@H]5O[C@H]45)[C@@H]3[C@@]1(Cl)C2(Cl)Cl,1,2,9,380.91,4.48,12.53,0,1,0,0
C[C@]12CCC(=O)C=C1CC[C@@H]1[C@@H]2CC[C@]2(C)C(=O)CC[C@@H]12,1,4,11,286.42,4.09,34.14,0,2,0,0
C[C@]12CCC(=O)C(O)=C1CC[C@@H]1[C@@H]2CC[C@]2(C)C(=O)CC[C@@H]12,1,5,12,302.41,3.97,54.37,1,3,0,0
CC(C)[N+](C)(CCOC(=O)C1c2ccccc2Oc2ccccc21)C(C)C,1,1,12,368.5,4.73,35.53,0,3,6,2
CC[N+](C)(CC)CCOC(=O)C1c2ccccc2Oc2ccccc21,0,0,11,340.44,3.95,35.53,0,3,6,2
CCNC(=O)[C@@H]1CCCN1C(=O)[C@H](CCCNC(=N)N)NC(=O)[C@H](CC(C)C)NC(=O)[C@@H](CC(C)C)NC(=O)[C@H](Cc1ccc(O)cc1)NC(=O)[C@H](CO)NC(=O)[C@H](Cc1c[nH]c2ccccc12)NC(=O)[C@H](Cc1cnc[nH]1)NC(=O)[C@@H]1CCC(=O)N1,0,0,10,1209.42,-1.23,429.04,16,14,32,4
CCNC(=O)[C@@H]1CCCN1C(=O)[C@H](CCCNC(=N)N)NC(=O)[C@H](CC(C)C)NC(=O)CNC(=O)[C@H](Cc1ccc(O)cc1)NC(=O)[C@H](CO)NC(=O)[C@H](Cc1c[nH]c2ccccc12)NC(=O)[C@H](Cc1cnc[nH]1)NC(=O)[C@@H]1CCC(=O)N1,0,0,2,1153.31,-2.64,429.04,16,14,30,4
O=C(O)c1cc(=O)c2ccccc2o1,0,0,11,190.15,1.49,67.51,1,3,1,2
Cc1coc2ccccc2c1=O,0,0,2,160.17,2.1,30.21,0,2,0,2
N[C@@H]1[C@H]2CN(c3nc4c(cc3F)c(=O)c(C(=O)O)cn4-c3ccc(F)cc3F)C[C@@H]12,1,5,9,416.36,1.89,101.45,2,5,3,3
C[C@H](N)C(=O)N[C@@H](C)C(=O)N[C@@]1(C)[C@@H]2CN(c3nc4c(cc3F)c(=O)c(C(=O)O)cn4-c3ccc(F)cc3F)C[C@@H]21,1,1,2,572.54,1.29,159.65,4,7,7,3
OC(c1ccc(F)cc1)(c1cncnc1)c1ccccc1Cl,1,2,10,314.75,3.55,46.01,1,3,3,3
OC(c1ccc(Cl)cc1)(c1cncnc1)c1ccccc1Cl,1,5,11,331.2,4.07,46.01,1,3,3,3
CC(=O)OCC(=O)[C@@]1(O)CC[C@H]2[C@@H]3CCC4=CC(=O)CC[C@]4(C)[C@H]3C(=O)C[C@@]21C,1,1,12,402.49,2.56,97.74,1,6,3,0
C[C@]12CCC(=O)C=C1CC[C@@H]1[C@@H]2C(=O)C[C@@]2(C)[C@H]1CC[C@]2(O)C(=O)CO,1,2,12,360.45,1.99,91.67,2,5,2,0
CC(C)[C@@H](C)/C=C/[C@@H](C)[C@H]1CC[C@H]2/C(=C/C=C3\C[C@@H](O)CC[C@@H]3C)CCC[C@]12C,1,1,9,398.68,7.72,20.23,1,1,5,0
C[C@H](/C=C/[C@H](C)C(C)(C)O)[C@H]1CC[C@H]2/C(=C/C=C3C[C@@H](O)C[C@H](O)C3)CCC[C@]12C,1,1,9,416.65,5.56,60.69,3,3,5,0
Cn1cc[nH]c1=S,1,1,12,114.17,1.08,20.72,1,1,0,1
CCOC(=O)n1ccn(C)c1=S,0,0,12,186.24,1.56,36.16,0,3,1,1
COc1cc2c(cc1N)oc1ccccc12,1,4,11,213.24,3.18,48.39,1,3,1,3
c1ccc2c(c1)oc1ccccc12,0,0,12,168.19,3.59,13.14,0,1,0,3
Cc1ccccc1C(=O)Nc1ccc(C(=O)N2CCCC(O)c3cc(Cl)ccc32)c(C)c1,1,1,10,448.95,5.68,69.64,2,3,3,3
Cc1ccccc1C(=O)Nc1ccc(C(=O)N2CCCC(N(C)C)c3ccccc32)cc1,0,0,2,427.55,5.29,52.65,1,3,4,3
COP(=S)(OC)SCn1nnc2ccccc2c1=O,1,2,12,317.33,2.0,66.24,0,7,5,2
CCOP(=S)(OCC)SCn1nnc2ccccc2c1=O,1,1,7,345.39,2.78,66.24,0,7,7,2
Cc1cc(OCCOCC[N+](C)(C)Cc2ccccc2)ccc1C(C)(C)CC(C)(C)C,1,2,5,426.67,6.38,18.46,0,2,11,2
CC(C)(C)CC(C)(C)c1ccc(OCCOCC[N+](C)(C)Cc2ccccc2)cc1,1,2,6,412.64,6.07,18.46,0,2,11,2
Cc1ccc2nc(-c3ccc(N)cc3)sc2c1S(=O)(=O)O,1,3,5,320.4,3.1,93.28,2,5,2,3
CCN(CC)CCOc1ccc(-c2nc3cc(Cl)ccc3s2)cc1,1,1,3,360.91,5.34,25.36,0,4,7,3
CN1[C@@H]2CC[C@H]1C[C@@H](OC(c1ccccc1)c1ccccc1)C2,0,0,10,307.44,4.42,12.47,0,2,4,2
CN1C2CCC1CC(OC(c1ccccc1)c1ccc(Cl)cc1)C2,1,1,4,341.88,5.07,12.47,0,2,4,2
CSCC[C@H](NC(=O)[C@H](Cc1c[nH]c2ccccc12)NC(=O)CCNC(=O)OC(C)(C)C)C(=O)N[C@@H](CC(=O)O)C(=O)N[C@@H](Cc1ccccc1)C(N)=O,0,0,12,767.91,1.52,250.91,8,9,20,3
CCC(C)(C)OC(=O)N[C@@H](Cc1c[nH]c2ccccc12)C(=O)N[C@@H](CCSC)C(=O)N[C@@H](CC(=O)O)C(=O)N[C@@H](Cc1ccccc1)C(N)=O,0,0,10,710.85,2.4,221.81,7,8,19,3
CCCOc1nn(C(=O)[N-]S(=O)(=O)c2ccccc2C(=O)OC)c(=O)n1C,0,0,11,397.39,0.89,140.66,0,8,6,2
COc1nn(C(=O)[N-]S(=O)(=O)c2ccccc2OC(F)(F)F)c(=O)n1C,0,0,12,395.3,1.22,123.59,0,7,4,2
Nc1nc(=O)[nH]cc1F,0,0,11,129.09,-0.51,71.77,2,3,0,1
Nc1cc[nH]c(=O)n1,0,0,12,111.1,-0.65,71.77,2,3,0,1
CCC(C)N(C)C(=O)c1cc2ccccc2c(-c2ccccc2Cl)n1,0,0,10,352.87,5.43,33.2,0,2,4,3
CCOc1cc(-c2nccc3cc(OC)c(OC)cc23)cc(OCC)c1OCC,1,1,7,397.47,5.12,59.04,0,6,9,3
CCOC(=O)c1ccc(OCCN2C[C@H](O)[C@@H](O)[C@H](O)[C@H]2CO)cc1,0,0,12,355.39,-1.0,119.69,4,8,7,1
O=C(O)c1ccc(OCCN2CCCCC2)cc1,0,0,2,249.31,2.25,49.77,1,3,5,1
Cc1ccc(S(=O)(=O)NC(=O)NC2CCCCC2)cc1,0,0,12,296.39,2.32,75.27,2,3,3,1
CC(=O)c1ccc(S(=O)(=O)NC(=O)NC2CCCCC2)cc1,0,0,12,324.4,2.21,92.34,2,4,4,1
c1ccc2occc2c1,0,0,11,118.13,2.43,13.14,0,1,0,2
O=Cc1cc2ccccc2o1,0,0,12,146.14,2.25,30.21,0,2,1,2
CC(=O)O[C@H]1C[C@@H]2CC[C@@H]3[C@H](CC[C@@]4(C)[C@H]3C[C@H]([N+]3(C)CCCCC3)[C@@H]4OC(C)=O)[C@@]2(C)C[C@@H]1N1CCCCC1,1,1,11,557.84,5.97,55.84,0,5,4,0
C=CC[N+]1([C@H]2C[C@H]3[C@@H]4CC[C@H]5C[C@H](OC(C)=O)[C@@H](N6CCCCC6)C[C@]5(C)[C@H]4CC[C@]3(C)[C@H]2OC(=O)CC)CCCCC1,0,0,11,597.91,6.91,55.84,0,5,7,0
O=C(C(=O)c1ccc(Br)cc1)c1ccc(Br)cc1,0,0,11,368.02,4.28,34.14,0,2,3,2
O=C(C(=O)c1ccccc1)c1ccccc1,0,0,11,210.23,2.75,34.14,0,2,3,2
c1cc2c3c(cccc3c1)CC2,0,0,12,154.21,2.94,0.0,0,0,0,2
O=[N+]([O-])c1ccc2c3c(cccc13)CC2,1,2,11,199.21,2.85,43.14,0,2,1,2
Cc1cc2nc3c(=O)[nH]c(=O)nc-3n(C[C@H](O)[C@H](O)[C@H](O)CO)c2cc1C,1,2,12,376.37,-1.72,161.56,5,8,5,1
CCCC(=O)OC[C@@H](OC(=O)CCC)[C@@H](OC(=O)CCC)[C@H](Cn1c2nc(=O)[nH]c(=O)c-2nc2cc(C)c(C)cc21)OC(=O)CCC,1,2,7,656.73,3.68,185.84,1,12,17,1
Nc1cc(Cl)c(NC2=NCCN2)c(Cl)c1,0,0,10,245.11,1.95,62.44,3,4,1,1
C=CCN(C1=NCCN1)c1c(Cl)cccc1Cl,1,1,10,270.16,2.95,27.63,1,3,3,1
Nc1cc(-c2ccncc2)c[nH]c1=O,0,0,9,187.2,1.02,71.77,2,3,1,2
Cc1[nH]c(=O)c(C#N)cc1-c1ccncc1,0,0,12,211.22,1.62,69.54,1,3,1,2
CC1=NN(c2cc(Cl)c(S(=O)(=O)[O-])cc2Cl)C(=O)C1/N=N/c1ccc(S(=O)(=O)[O-])cc1,0,0,12,505.32,2.68,171.79,0,10,5,2
CC1=NN(c2cc(S(=O)(=O)[O-])ccc2Cl)C(=O)C1/N=N/c1ccccc1,0,0,11,391.82,3.12,114.59,0,7,4,2
CCc1cc2c(s1)-n1c(C)nnc1CN=C2c1ccccc1Cl,1,1,8,342.86,4.2,43.07,0,4,2,3
Cc1nnc2n1-c1sc(Br)cc1C(c1ccccc1Cl)=NC2,1,1,7,393.7,4.4,43.07,0,4,1,3
COc1cc2nc(Cl)nc(N)c2cc1OC,0,0,2,239.66,1.88,70.26,1,5,2,2
CCc1ncnc2cc(OC)c(OC)cc12,0,0,10,218.26,2.21,44.24,0,4,3,2
Oc1ccc(Cl)cc1C1CCCC1,1,3,11,196.68,3.7,20.23,1,1,1,1
CCN(CC)CCOCCOC(=O)C1(c2ccccc2)CCCC1,0,0,11,333.47,3.4,38.77,0,4,10,1
Nc1c2c(nc3ccccc13)CCCC2,1,2,12,198.27,2.7,38.91,1,2,0,2
Nc1c2c(nc3ccccc13)CCCC2O,0,0,12,214.27,2.19,59.14,2,3,0,2
Cc1ccc(/C(=C\CN2CCCC2)c2ccccn2)cc1,0,0,12,278.4,3.92,16.13,0,2,4,2
Cc1ccc(/C(=C\CN2CCCC2)c2cccc(/C=C/C(=O)O)n2)cc1,0,0,9,348.45,4.02,53.43,1,3,6,2
C[C@]12CC[C@@H]3c4ccc(OC(=O)c5ccccc5)cc4CC[C@H]3[C@@H]1CC[C@@H]2O,1,4,9,376.5,5.12,46.53,1,3,2,2
CC(=O)O[C@@H]1CC2C3CCc4cc(OC(=O)c5ccccc5)ccc4C3CCC2(C)[C@H]1OC(C)=O,0,0,2,476.57,5.24,78.9,0,6,4,2
CC1(C)C(O)C(C)(C)C1O,0,0,12,144.21,0.77,40.46,2,2,0,0
O=C(O)C1CCC1,0,0,2,100.12,0.87,37.3,1,1,1,0
CN1[C@@H]2CC[C@H]1C[C@@H](OC(=O)C(O)c1ccccc1)C2,1,1,12,275.35,1.89,49.77,1,4,3,1
CN1[C@@H]2CC[C@H]1C[C@@H](OC(=O)C(CO)c1ccccc1)C2,1,1,12,289.38,1.93,49.77,1,4,4,1
c1ccc2c(c1)-c1cccc3cccc-2c13,1,3,12,202.26,4.49,0.0,0,0,0,3
Nc1ccc2c3c(cccc13)-c1ccccc1-2,1,2,4,217.27,4.07,26.02,1,1,0,3
CC[C@H](C)[C@@H]1NC(=O)[C@H](Cc2ccc(O)cc2)NC(=O)[C@@H](N)CSSC[C@@H](C(=O)N2CCC[C@H]2C(=O)N[C@@H](CC(C)C)C(=O)NCC(N)=O)NC(=O)[C@H](CC(N)=O)NC(=O)[C@H](CCC(N)=O)NC1=O,1,2,10,1007.21,-3.61,399.53,12,15,17,1
CCOc1ccc(C[C@H]2NC(=O)CCSSC[C@@H](C(=O)N3CCC[C@H]3C(=O)N[C@@H](CCCN)C(=O)NCC(N)=O)NC(=O)[C@H](CC(N)=O)NC(=O)[C@H]([C@@H](C)O)NC(=O)[C@H]([C@@H](C)CC)NC2=O)cc1,0,0,10,994.21,-3.04,365.67,11,15,18,1
C[C@]12CCC(=O)C[C@@H]1CC[C@@H]1[C@@H]2CC[C@]2(C)[C@@H](O)CC[C@@H]12,1,6,11,290.45,3.96,37.3,1,2,0,0
C[C@]12CCC(=O)C[C@@H]1CC[C@@H]1[C@@H]2CC[C@@]2(C)[C@H]1CC[C@]2(C)O,1,4,7,304.47,4.35,37.3,1,2,0,0
CCCN(CCC)CCc1cccc2c1CC(=O)N2,0,0,12,260.38,2.85,32.34,1,2,7,1
O=C1Cc2cc(Cl)ccc2N1,1,1,2,167.59,1.83,29.1,1,1,0,1
Cc1nc2n(c(=O)c1CCN1CCC(c3noc4cc(F)ccc34)CC1)CCCC2,0,0,11,410.49,3.59,64.16,0,5,4,3
Cc1nc2n(c(=O)c1CCN1CCC(c3noc4cc(F)ccc34)CC1)CCC[C@H]2O,0,0,12,426.49,3.08,84.39,1,6,4,3
c1ccc2cc3c(ccc4ccccc43)cc2c1,1,7,11,228.29,5.15,0.0,0,0,0,4
Cc1c2ccccc2c(C)c2c1ccc1ccccc12,1,7,10,256.35,5.76,0.0,0,0,0,4
CCOP(=S)(OCC)Oc1ncn(-c2ccccc2)n1,1,2,11,313.32,2.94,58.4,0,6,7,2
CCOC(=O)c1nc(C(Cl)(Cl)Cl)n(-c2ccc(Cl)cc2Cl)n1,1,1,5,403.48,4.58,57.01,0,4,3,2
O=C(O)CCCCC1CCSS1,1,1,12,206.33,2.79,37.3,1,3,5,0
NC(=O)CCCCC1CCSS1,1,2,12,205.35,2.19,43.09,1,3,5,0
CCOC(=O)CC1(C)OCC(C)O1,0,0,12,188.22,1.09,44.76,0,4,3,0
C1COCO1,0,0,11,74.08,-0.01,18.46,0,2,0,0
N#C/C(=C1/SC[C@@H](c2ccc(Cl)cc2Cl)S1)n1ccnc1,1,3,9,354.29,5.06,41.61,0,4,2,2
N#C/C(=C1\SCC(c2ccccc2Cl)S1)n1ccnc1,1,2,11,319.84,4.41,41.61,0,4,2,2
CC[C@@H](C(=O)O)[C@@H]1O[C@@H]([C@@H](C)[C@H](O)[C@H](C)C(=O)[C@H](CC)[C@H]2O[C@]3(C=C[C@@H](O)[C@]4(CC[C@@](C)([C@H]5CC[C@](O)(CC)[C@H](C)O5)O4)O3)[C@H](C)C[C@@H]2C)[C@@H](C)C[C@@H]1C,1,1,6,765.04,6.43,161.21,4,10,12,0
CC[C@@H](C(=O)[C@@H](C)[C@@H](O)[C@H](C)[C@@H]1O[C@@H]([C@@H](CC)C(=O)[O-])CC[C@@H]1C)[C@H]1O[C@]2(C=C[C@@H](O)[C@]3(CC[C@@](C)([C@H]4CC[C@](O)(CC)[C@H](C)O4)O3)O2)[C@H](C)C[C@@H]1C,1,1,8,750.0,4.85,164.04,3,11,12,0
NS(=O)(=O)c1cc2c(cc1C(F)(F)F)NC(Cc1ccccc1)NS2(=O)=O,0,0,12,421.42,1.63,118.36,3,5,3,2
NS(=O)(=O)c1cc2c(cc1Cl)NC(Cc1ccccc1)NS2(=O)=O,0,0,10,387.87,1.26,118.36,3,5,3,2
C[C@]12C(=O)OC(=O)[C@H]1[C@H]1C=C[C@@H]2C1,0,0,11,178.19,0.9,43.37,0,3,0,0
O=C1OC(=O)C2C3C=CC(C3)C12,0,0,12,164.16,0.51,43.37,0,3,0,0
CN(C)c1ccc(C(=C2C=CC(=[N+](C)C)C=C2)c2c(O)c(S(=O)(=O)[O-])cc3cc(S(=O)(=O)[O-])ccc23)cc1,0,0,6,553.64,3.06,140.88,1,8,5,3
CCNc1ccc(C(=C2C=CC(=[N+](CC)CC)C=C2)c2ccc(N(CC)CC)cc2)c2ccccc12,1,3,5,478.7,7.54,18.28,1,2,9,3
CN/C(=N\c1ccc(C2=NNC(=O)CC2C)cc1)NC#N,0,0,12,284.32,0.82,101.67,3,4,2,1
C[C@@H]1CC(=O)NN=C1c1ccc(NN=C(C#N)C#N)cc1,1,1,6,280.29,1.36,113.43,2,6,3,1
CCCCNc1c(C(=O)OCC)c(C)nc2c1cnn2CC,0,0,9,304.39,3.15,69.04,1,5,7,2
CCOC(=O)c1cnc2c(cnn2CC)c1NN=C(C)C,1,1,11,289.34,2.44,81.4,1,6,5,2
COc1ccc(/C=C/C(=O)Nc2ccccc2C(=O)O)cc1OC,1,1,5,327.34,3.05,84.86,2,4,6,2
CN(C)CCCSc1ccccc1NC(=O)/C=C/c1ccccc1,0,0,11,340.49,4.38,32.34,1,3,8,2
N=C(Nc1ccccc1)Nc1ccccc1,1,2,9,211.27,3.15,47.91,3,1,2,2
Cc1ccccc1NC(=N)Nc1ccccc1C,0,0,10,239.32,3.76,47.91,3,1,2,2
CCN[C@@H]1C[C@H](N)[C@@H](OC2OC(CN)=CCC2N)[C@H](O)[C@H]1O[C@H]1OC[C@](C)(O)[C@H](NC)[C@H]1O.CCN[C@@H]1C[C@H](N)[C@@H](OC2OC(CN)=CCC2N)[C@H](O)[C@H]1O[C@H]1OC[C@](C)(O)[C@H](NC)[C@H]1O,0,0,2,951.17,-6.4,399.46,16,24,16,0
CN[C@@H]1[C@@H](O)[C@@H](O[C@@H]2[C@@H](O)[C@H](OC3OC(CN)=CCC3N)[C@@H](N)C[C@H]2N)OC[C@]1(C)O.CN[C@@H]1[C@@H](O)[C@@H](O[C@@H]2[C@@H](O)[C@H](OC3OC(CN)=CCC3N)[C@@H](N)C[C@H]2N)OC[C@]1(C)O,1,1,10,895.07,-7.7,427.44,16,24,12,0
COc1ccc(CN(CCN(C)C)c2ncccn2)cc1,0,0,11,286.38,2.05,41.49,0,5,7,2
CCCCCCCCCCCCCCCC[N+](C)(C)CCN(Cc1ccc(OC)cc1)c1ncccn1,0,0,8,511.82,8.05,38.25,0,4,22,2
CC1(C)NC(=O)N(c2ccc([N+](=O)[O-])c(C(F)(F)F)c2)C1=O,1,1,11,317.22,2.45,92.55,1,4,2,1
CC(C)NC(=O)N1CC(=O)N(c2cc(Cl)cc(Cl)c2)C1=O,1,1,12,330.17,2.88,69.72,1,3,2,1
CC(c1cc2ccccc2s1)N(O)C(N)=O,1,1,11,236.3,2.73,66.56,2,3,2,2
CC(=O)c1cc2ccccc2s1,0,0,2,176.24,3.1,17.07,0,2,1,2
C=C1CCC2CC1C2(C)C,0,0,12,136.24,3.0,0.0,0,0,0,0
C=C1CC[C@H]2C[C@@H]1C2(C)C,0,0,11,136.24,3.0,0.0,0,0,0,0
COc1ccc(C[C@@H](C)NC[C@H](O)c2ccc(O)c(NC=O)c2)cc1.COc1ccc(C[C@@H](C)NC[C@H](O)c2ccc(O)c(NC=O)c2)cc1,0,0,9,688.82,4.45,181.64,8,10,18,4
COc1ccc(C[C@H](C)NC[C@@H](O)c2ccc(O)c(NC=O)c2)cc1.COc1ccc(C[C@H](C)NC[C@@H](O)c2ccc(O)c(NC=O)c2)cc1,0,0,10,688.82,4.45,181.64,8,10,18,4
Clc1cc2c(cc1Cl)Oc1cc(Cl)c(Cl)cc1O2,1,2,10,321.97,6.2,18.46,0,2,0,2
c1ccc2c(c1)Oc1ccccc1O2,0,0,12,184.19,3.58,18.46,0,2,0,2
C[C@@H]1O[C@@H](OC[C@H]2O[C@@H](Oc3c(-c4ccc(O)c(O)c4)oc4cc(O)cc(O)c4c3=O)[C@H](O)[C@@H](O)[C@@H]2O)[C@H](O)[C@H](O)[C@H]1O,1,1,12,610.52,-1.69,269.43,10,16,6,3
C[C@@H]1O[C@@H](OC[C@H]2O[C@@H](Oc3c(-c4ccc(OCCO)c(OCCO)c4)oc4cc(OCCO)cc(O)c4c3=O)[C@H](O)[C@@H](O)[C@@H]2O)[C@H](O)[C@H](O)[C@H]1O,0,0,10,742.68,-2.69,297.12,10,19,15,3
CC1OC(C)OC(C)O1,0,0,12,132.16,1.09,27.69,0,3,0,0
C1OCOCO1,0,0,10,90.08,-0.08,27.69,0,3,0,0
CC(=O)Oc1ccc(C2(c3ccc(OC(C)=O)cc3)C(=O)Nc3ccccc32)cc1,1,2,10,401.42,3.82,81.7,1,5,4,3
O=C1Nc2ccccc2C1(c1ccc(O)cc1)c1ccc(O)cc1,1,1,8,317.34,3.38,69.56,3,3,2,3
CCN(CC)CCOc1ccc2c(c1)C(=O)c1cc(OCCN(CC)CC)ccc1-2,0,0,1,410.56,4.34,42.01,0,5,12,2
O=C1c2ccccc2-c2ccccc21,0,0,11,180.21,2.9,17.07,0,1,0,2
Nc1nc(N)nc(-c2cc(Cl)ccc2Cl)n1,0,0,12,256.1,2.01,90.71,2,5,1,2
Nc1nc(N)nc(-c2ccccc2)n1,1,2,11,187.21,0.7,90.71,2,5,1,2
COc1cc(C(=S)N2CCOCC2)ccc1O,0,0,12,253.32,1.41,41.93,1,4,2,1
COc1cc(C(=S)N2CCOCC2)cc(OC)c1OC,0,0,12,297.38,1.72,40.16,0,5,4,1
COc1ccc(CCN(C)CCCC(C#N)(c2ccc(OC)c(OC)c2)C(C)C)cc1OC,0,0,9,454.61,5.09,63.95,0,6,13,2
COc1ccc(CCN(C)CCCC(C#N)(c2cc(OC)c(OC)c(OC)c2)C(C)C)cc1OC,0,0,12,484.64,5.1,73.18,0,7,14,2
Oc1ccc(CCNCCCCCCNCCc2ccccc2)cc1O,0,0,10,356.51,3.62,64.52,4,4,13,2
Oc1ccc(C(O)CNCCCCCCNCC(O)c2ccc(O)c(O)c2)cc1O,0,0,10,420.51,2.02,145.44,8,8,13,2
COc1ccnc(CS(=O)c2nc3cc(OC(F)F)ccc3[n-]2)c1OC,1,2,12,382.37,2.51,84.64,0,6,7,3
COCCCOc1ccnc(CS(=O)c2nc3ccccc3[n-]2)c1C,1,3,10,358.44,2.62,75.41,0,5,8,3
Nn1cnnc1,0,0,12,84.08,-1.01,56.73,1,3,0,1
Nc1nnc(N)[nH]1,0,0,11,99.1,-1.03,93.61,3,4,0,1
c1ccc2[nH]c(-c3cscn3)nc2c1,1,3,11,201.25,2.69,41.57,1,3,1,3
CC(C)OC(=O)Nc1ccc2[nH]c(-c3cscn3)nc2c1,1,4,7,302.36,3.64,79.9,2,5,3,3
C=CC[C@@H]1C=C(C)C[C@H](C)C[C@H](OC)[C@H]2O[C@@](O)(C(=O)C(=O)N3CCCC[C@H]3C(=O)O[C@H](/C(C)=C/[C@@H]3CC[C@@H](O)[C@H](OC)C3)[C@H](C)[C@@H](O)CC1=O)[C@H](C)C[C@@H]2OC,1,1,7,804.03,4.64,178.36,3,12,7,0
CC[C@@H]1C=C(C)C[C@H](C)C[C@H](OC)[C@H]2O[C@@](O)(C(=O)C(=O)N3CCCC[C@H]3C(=O)O[C@H](/C(C)=C/[C@@H]3CC[C@@H](Cl)[C@H](OC)C3)[C@H](C)[C@@H](O)CC1=O)[C@H](C)C[C@@H]2OC,1,2,10,810.47,5.72,158.13,2,11,6,0
Cc1cc(NS(=O)(=O)c2ccc(N)cc2)no1,0,0,12,253.28,1.37,98.22,2,5,3,2
CC(=O)Nc1ccc(S(=O)(=O)Nc2cc(C)on2)cc1,0,0,12,295.32,1.74,101.3,2,5,4,2
Cn1cnc2ncnc(N)c21,0,0,12,149.16,-0.05,69.62,1,4,0,2
COc1nc(N)nc2nc[nH]c12,1,1,12,165.16,-0.06,89.71,2,5,1,2
CCOC(=O)c1cc(=O)c2c(OCC(COc3cccc4oc(C(=O)OCC)cc(=O)c34)OC(=O)[C@@H](N)CCCCN)cccc2o1,0,0,1,652.65,3.08,209.82,2,14,16,4
O=C([O-])c1cc(=O)c2c(OCC(O)COc3cccc4oc(C(=O)[O-])cc(=O)c34)cccc2o1,0,0,11,466.35,-0.55,179.37,1,11,8,4
Oc1ccc(C2(c3ccc(O)cc3)CCCCC2)cc1,1,5,8,268.36,4.35,40.46,2,2,2,2
CCC(C)(Oc1ccc(C2(c3ccc(OC(C)(CC)C(=O)O)cc3)CCCCC2)cc1)C(=O)O,0,0,12,468.59,6.2,93.06,2,4,10,2
NC(=O)[C@@H]1C[C@]2(NC(=O)NC2=O)c2cc(F)ccc2O1,0,0,10,279.23,-0.5,110.52,3,4,1,1
O=C1NC(=O)[C@@]2(CCOc3ccc(F)cc32)N1,0,0,12,236.2,0.64,67.43,2,3,0,1
O=C(Cn1cnnn1)N[C@@H]1C(=O)N2C(C(=O)[O-])=C(CSc3nncs3)CS[C@H]12,0,0,10,439.48,-2.28,158.92,1,12,7,2
Cc1nnc(SCC2=C(C(=O)O)N3C(=O)[C@@H](NC(=O)Cn4cnnn4)[C@H]3SC2)s1,1,1,12,454.52,-0.64,156.09,2,11,7,2
c1ccc(Nc2ccc3ccccc3c2)cc1,1,4,10,219.29,4.58,12.03,1,1,2,3
O=S(=O)(O)c1cc(O)c2ccc(Nc3ccccc3)cc2c1,0,0,9,315.35,3.54,86.63,3,4,3,3
CC1CC(=O)O1,0,0,12,86.09,0.32,26.3,0,2,0,0
CCCCCCCCCCC[C@@H](C[C@@H]1OC(=O)[C@H]1CCCCCC)OC(=O)C(CC(C)C)NC=O,0,0,11,495.75,6.88,81.7,1,5,23,0
CC(=O)OCC(=O)[C@H]1CC[C@H]2[C@@H]3CC[C@H]4C[C@H](O)CC[C@]4(C)[C@H]3C(=O)C[C@]12C,0,0,9,390.52,3.32,80.67,1,5,3,0
CC(=O)[C@H]1CC[C@H]2[C@@H]3CC[C@H]4C[C@H](O)CC[C@]4(C)[C@H]3C(=O)C[C@]12C,0,0,11,332.48,3.77,54.37,1,3,1,0
CC1(C)S[C@@H]2[C@H](/N=C/N3CCCCCC3)C(=O)N2[C@H]1C(=O)O,1,1,11,325.43,1.41,73.21,1,4,3,0
CC(C)(C)C(=O)OCOC(=O)[C@@H]1N2C(=O)[C@@H](N=CN3CCCCCC3)[C@H]2SC1(C)C,0,0,10,439.58,2.41,88.51,0,7,5,0
Nc1nc(N)c2nc(CNc3ccc(C(=O)N[C@@H](CCC(=O)O)C(=O)O)cc3)cnc2n1,0,0,10,440.42,0.24,219.33,6,10,9,3
CN(Cc1cnc2nc(N)nc(N)c2n1)c1ccc(C(=O)N[C@@H](CCC(=O)O)C(=O)O)cc1,1,1,10,454.45,0.27,210.54,5,10,9,3
CN1[C@@H]2CC[C@H]1CC(OC(=O)c1c[nH]c3ccccc13)C2,0,0,10,284.36,2.95,45.33,1,3,2,2
CI.CN1[C@@H]2CC[C@H]1CC(OC(=O)c1c[nH]c3ccccc13)C2,0,0,9,426.3,4.0,45.33,1,3,2,2
CC(C)C(=O)Nc1cccc(C2CN3CCSC3=N2)c1,0,0,2,289.4,2.74,44.7,1,4,3,1
c1ccc([C@H]2CN3CCSC3=N2)cc1,1,1,10,204.3,2.15,15.6,0,3,1,1
C[C@@H](O)[C@H]1C(=O)N2C(C(=O)O)=C(S[C@@H]3CN[C@H](CNS(N)(=O)=O)C3)[C@H](C)[C@H]12,0,0,11,420.51,-1.6,162.06,5,7,7,0
C[C@@H](O)[C@H]1C(=O)N2C(C(=O)O)=C(S[C@@H]3CN[C@H](C(=O)N(C)C)C3)[C@H](C)[C@H]12,0,0,11,383.47,-0.31,110.18,3,6,5,0
O=C(O[C@@H](C(=O)O)[C@@H](OC(=O)c1ccccc1)C(=O)O)c1ccccc1,0,0,12,358.3,1.61,127.2,2,6,7,2
CC(COC(=O)c1ccccc1)OC(=O)c1ccccc1,0,0,11,284.31,3.09,52.6,0,4,5,2
Cc1cc(C)cc(OCC2CNC(=O)O2)c1,0,0,12,221.26,1.79,47.56,1,3,3,1
COc1ccccc1OCC1CNC(=O)O1,0,0,12,223.23,1.18,56.79,1,4,4,1
c1ccc2c(c1)Sc1ccccc1N2CC1CN2CCC1CC2,1,1,8,322.48,4.63,6.48,0,3,2,2
c1ccc2c(c1)Sc1ccccc1N2C[C@@H]1CN2CCC1CC2,0,0,10,322.48,4.63,6.48,0,3,2,2
O=S1OC[C@@H]2[C@H](CO1)[C@]1(Cl)C(Cl)=C(Cl)[C@@]2(Cl)C1(Cl)Cl,1,2,10,406.93,3.69,35.53,0,3,0,0
O=S1OCC2C(CO1)C1(Cl)C(Cl)=C(Cl)C2(Cl)C1(Cl)Cl,1,2,8,406.93,3.69,35.53,0,3,0,0
COC(c1ccccc1)(c1ccccc1)[C@H](Oc1nc(C)cc(C)n1)C(=O)O,0,0,12,378.43,3.52,81.54,1,5,7,3
COc1cc(OC)nc(O[C@H](C(=O)O)C(OC)(c2ccccc2)c2ccccc2)n1,0,0,1,410.43,2.92,100.0,1,7,9,3
C1CC2OC2CC1C1CO1,0,0,12,140.18,0.95,25.06,0,2,1,0
CC1OC1C1CCC2(C)OC2C1,0,0,12,168.24,1.73,25.06,0,2,1,0
COc1cc([C@@H]2c3cc4c(cc3[C@H](O)[C@H]3COC(=O)[C@H]23)OCO4)cc(OC)c1OC,1,3,8,414.41,2.41,92.68,1,8,4,2
COc1cc([C@@H]2c3cc4c(cc3[C@@H](O)[C@H]3COC(=O)[C@H]23)OCO4)cc(OC)c1O,1,4,7,400.38,2.11,103.68,2,8,3,2
CC(C)(C)C(=O)OCOC(=O)C1N2C(=O)CC2S(=O)(=O)C1(C)C,0,0,7,347.39,0.21,107.05,0,7,3,0
CC1(C)[C@H](C(=O)O)N2C(=O)C[C@H]2S1(=O)=O,0,0,9,233.24,-0.79,91.75,1,4,1,0
CC1CCC(=O)C1=O,0,0,12,112.13,0.55,34.14,0,2,0,0
CC1CC(C)C(=O)C1=O,0,0,12,126.15,0.8,34.14,0,2,0,0
CCC(=O)N(c1ccccc1)C1CCNCC1,0,0,2,232.33,2.18,32.34,1,2,3,1
CCOC(=O)N1CCC(Nc2ccc(Cl)cc2N)CC1,1,1,1,297.79,2.96,67.59,2,4,3,1
COc1ccc(Cl)cc1C(=O)NCCc1ccc(S(N)(=O)=O)cc1,0,0,2,368.84,1.97,98.49,2,4,6,2
CC(C)(Oc1ccc(CCNC(=O)c2ccc(Cl)cc2)cc1)C(=O)O,1,1,12,361.83,3.55,75.63,2,3,7,2
CC(C)(c1ccc(OCC2CO2)cc1)c1ccc(OCC2CO2)cc1,1,2,10,340.42,3.57,43.52,0,4,8,2
c1cc(OCC2CO2)ccc1Cc1ccc(OCC2CO2)cc1,1,2,9,312.37,2.83,43.52,0,4,8,2
c1ccc(OCCOc2ccccc2)cc1,1,3,12,214.26,3.14,18.46,0,2,5,2
Cc1cccc(OCCOc2cccc(C)c2)c1,1,1,10,242.32,3.76,18.46,0,2,5,2
ClC1=C(Cl)C2(Cl)C3C(Cl)C(Cl)CC3C1(Cl)C2(Cl)Cl,1,2,5,409.78,5.68,0.0,0,0,0,0
ClC1=C(Cl)[C@@]2(Cl)[C@@H]3[C@@H](Cl)C(Cl)C[C@@H]3C1(Cl)C2(Cl)Cl,1,3,6,409.78,5.68,0.0,0,0,0,0
CN(Cc1cc(Br)cc(Br)c1N)C1CCCCC1,0,0,8,376.14,4.56,29.26,1,2,3,1
Nc1c(Br)cc(Br)cc1CN[C@H]1CC[C@H](O)CC1,1,2,9,378.11,3.19,58.28,3,3,3,1
CC1=C2[C@@H]([C@H](C)CC[C@H]2/C=C(\C)C(=O)O)[C@H](O)C1,0,0,12,250.34,2.76,57.53,2,2,2,0
CC1=C2[C@H](/C=C(\C)C(=O)O)CC[C@@H](C)[C@H]2CC1,1,2,9,234.34,3.79,37.3,1,1,2,0
CN1C(C(=O)Nc2ccccn2)=C(O)c2ccccc2S1(=O)=O,1,2,12,331.35,1.58,99.6,2,5,2,2
CCOC(=O)OC(C)OC1=C(C(=O)Nc2ccccn2)N(C)S(=O)(=O)c2ccccc21,0,0,2,447.47,2.56,124.13,1,8,6,2
CC1(C)CCC(Cc2ccc(Cl)cc2)C1(O)Cn1cncn1,1,2,7,319.84,3.34,50.94,1,3,4,2
CC(C)C1CCC(Cc2ccc(Cl)cc2)C1(O)Cn1cncn1,1,1,5,333.86,3.59,50.94,1,3,5,2
CN1C(=O)OC(C)(C)C1=O,0,0,12,143.14,0.37,46.61,0,3,0,0
CC1(C)OC(=O)NC1=O,1,1,12,129.12,0.03,55.4,1,3,0,0
CNC(=O)c1c(I)c(NC(=O)CCCCC(=O)Nc2c(I)c(C(=O)O)c(I)c(C(=O)NC)c2I)c(I)c(C(=O)O)c1I,0,0,2,1253.87,5.57,191.0,6,6,11,2
O=C(CCCCC(=O)Nc1c(I)cc(I)c(C(=O)O)c1I)Nc1c(I)cc(I)c(C(=O)O)c1I,0,0,11,1139.76,6.85,132.8,4,4,9,2
Cc1c(F)c(F)c(COC(=O)C2C(/C=C(\Cl)C(F)(F)F)C2(C)C)c(F)c1F,0,0,11,418.74,5.55,26.3,0,2,4,1
CC1(C)[C@H](C=C(Cl)Cl)[C@H]1C(=O)OCc1c(F)c(F)cc(F)c1F,1,1,10,371.16,4.88,26.3,0,2,4,1
OC(Cn1cncn1)(Cn1cncn1)c1ccc(F)cc1F,0,0,12,306.28,0.74,81.65,1,5,5,3
O=P(O)(O)OC(Cn1cncn1)(Cn1cncn1)c1ccc(F)cc1F,0,0,10,386.26,0.85,128.18,2,6,7,3
CO[C@H](C(=O)[C@@H](O)[C@@H](C)O)C1Cc2cc3cc(O[C@H]4C[C@@H](O[C@H]5C[C@@H](O)[C@H](O)[C@@H](C)O5)[C@@H](O)[C@@H](C)O4)c(C)c(O)c3c(O)c2C(=O)[C@H]1O[C@H]1C[C@@H](O[C@H]2C[C@@H](O[C@H]3C[C@](C)(O)[C@H](O)[C@@H](C)O3)[C@H](O)[C@@H](C)O2)[C@H](O)[C@@H](C)O1,1,3,6,1085.16,-0.25,358.2,11,24,15,2
CO[C@@H]1[C@H](O)C[C@@H](O[C@@H]2C[C@H](Oc3cc4cc5c(c(O)c4c(O)c3C)C(=O)[C@@H](O[C@H]3C[C@@H](O[C@H]4C[C@@H](O[C@H]6C[C@](C)(O)[C@@H](OC(C)=O)[C@H](C)O6)[C@H](O)[C@@H](C)O4)[C@H](O)[C@@H](C)O3)[C@H]([C@H](OC)C(=O)[C@@H](O)[C@@H](C)O)C5)O[C@H](C)[C@@H]2OC(=O)O)O[C@@H]1C,1,3,5,1185.23,1.68,379.57,9,26,18,2
C/C(=C(\CCOC(=O)C(C)C)SS/C(CCOC(=O)C(C)C)=C(/C)N(C=O)Cc1cnc(C)nc1N)N(C=O)Cc1cnc(C)nc1N,0,0,2,702.9,4.69,196.82,2,14,19,2
CC(=C(CCO)SSC(CCO)=C(C)N(C=O)Cc1cnc(C)nc1N)N(C=O)Cc1cnc(C)nc1N,0,0,11,562.72,2.27,184.68,4,12,15,2
CCN(CC)c1cc2[o+]c3cc(N(CC)CC)c(C)cc3c(-c3ccc(S(=O)(=O)[O-])cc3S(=O)(=O)[O-])c2cc1C,0,0,9,585.72,5.65,132.18,0,8,9,4
CCN(CC)c1ccc2c(-c3ccccc3C(=O)O)c3ccc(N(CC)CC)cc3[o+]c2c1,1,1,9,443.57,6.92,55.08,1,3,8,4
Cc1c(C(=O)NN2CCCCC2)nn(-c2ccc(Cl)cc2Cl)c1-c1ccc(Cl)cc1,1,1,6,463.8,5.94,50.16,1,3,4,3
CCc1c(C(=O)NN2CCCCC2)nn(-c2ccc(Cl)cc2Cl)c1-c1ccc(Br)cc1,1,4,9,522.27,6.3,50.16,1,3,5,3
CN1CCN(CCC(=O)N2c3ccccc3Sc3ccc(C(F)(F)F)cc32)CC1,0,0,10,421.49,4.47,26.79,0,4,3,2
O=C(CCN1CCN(CCO)CC1)N1c2ccccc2Sc2ccc(C(F)(F)F)cc21,0,0,10,451.51,3.83,47.02,1,5,5,2
CC(C)n1c(/C=C/[C@@H](O)C[C@@H](O)CC(=O)[O-])c(-c2ccc(F)cc2)c2ccccc21,1,3,10,410.47,3.29,85.52,2,4,8,3
CC(C)n1c(/C=C/[C@@H](O)C[C@@H](O)CC(=O)O)c(-c2ccc(F)cc2)c2ccccc21,1,2,9,411.47,4.63,82.69,3,3,8,3
O=c1[nH]c2ccccc2c(=O)n1CCCl,0,0,2,224.65,0.93,54.86,1,2,2,2
COc1cc2[nH]c(=O)[nH]c(=O)c2cc1OC,0,0,11,222.2,0.23,84.18,2,4,2,2
CCOP(=S)(Oc1ccc([N+](=O)[O-])cc1)c1ccccc1,1,2,11,323.31,3.65,61.6,0,5,6,2
COP(=S)(Oc1cc(Cl)c(Br)cc1Cl)c1ccccc1,1,1,7,412.07,5.42,18.46,0,3,4,2
[OH][Sn]([c]1ccccc1)([c]1ccccc1)[c]1ccccc1,1,5,6,367.04,1.65,20.23,1,1,3,3
[F][Sn]([c]1ccccc1)([c]1ccccc1)[c]1ccccc1,1,5,6,369.03,2.62,0.0,0,0,3,3
CN(C)C(=O)C(CCN1CCC(O)(c2ccc(Cl)cc2)CC1)(c1ccccc1)c1ccccc1,0,0,9,477.05,5.09,43.78,1,3,7,3
CCOC(=O)C1(c2ccccc2)CCN(CCC(C#N)(c2ccccc2)c2ccccc2)CC1,1,5,10,452.6,5.48,53.33,0,4,8,3
c1ccc(CN2CCNCC2)cc1,0,0,11,176.26,1.09,15.27,1,2,2,1
COc1ccc(CN2CCNCC2)c(OC)c1OC,0,0,2,266.34,1.12,42.96,1,5,5,1
CN1CCC[C@H]1c1cccnc1,0,0,12,162.24,1.85,16.13,0,2,1,1
CN1CCC[C@@H]1c1cccnc1,0,0,2,162.24,1.85,16.13,0,2,1,1
O=C1NC(=O)C(c2ccccc2)(c2ccccc2)N1,0,0,12,252.27,1.77,58.2,2,2,2,2
O=C1NC(c2ccccc2)(c2ccccc2)C(=O)N1COP(=O)(O)O,0,0,2,362.28,1.55,116.17,3,4,5,2
CN[C@H]1CCc2cc(OC)c(OC)c(OC)c2-c2ccc(OC)c(=O)cc21,1,3,6,371.43,2.95,66.02,1,6,5,2
COc1cc2c(c(OC)c1OC)-c1ccc(OC)c(=O)cc1[C@@H](NC(C)=O)CC2,1,3,10,399.44,2.87,83.09,1,6,5,2
COc1ccccc1NC(=O)c1cc2ccccc2cc1O,1,2,6,293.32,3.81,58.56,2,3,3,3
O=C(Nc1cccc([N+](=O)[O-])c1)c1cc2ccccc2cc1O,1,3,8,308.29,3.71,92.47,2,4,3,3
CCO[Si](CCC1CCC2OC2C1)(OCC)OCC,0,0,12,288.46,2.99,40.22,0,4,9,0
C1CCC2OC2C1,0,0,10,98.14,1.33,12.53,0,1,0,0
C[C@]12CC[C@H]3[C@@H](CCC4=CC(=O)CC[C@@H]43)[C@@H]1CC[C@@H]2OC(=O)CCc1ccccc1,1,4,10,406.57,5.67,43.37,0,3,4,1
C[C@]12CC[C@H]3[C@@H](CCC4=CC(=O)CC[C@@]43C)[C@@H]1CC[C@@H]2OC(=O)CCc1ccccc1,1,4,8,420.59,6.06,43.37,0,3,4,1
C[Si](Cl)(c1ccccc1)c1ccccc1,1,1,10,232.79,2.61,0.0,0,0,2,2
Cl[Si](Cl)(c1ccccc1)c1ccccc1,1,1,12,253.2,2.72,0.0,0,0,2,2
CN(C)CC/C=C1\c2ccccc2COc2ccccc21,0,0,11,279.38,3.96,12.47,0,2,3,2
CN(C)CC/C=C1/c2ccccc2COc2ccc(CC(=O)O)cc21,0,0,11,337.42,3.59,49.77,1,3,5,2
COC(=O)[C@H]1[C@H]2C[C@@H]3c4[nH]c5cc(OC)ccc5c4CCN3C[C@H]2C[C@@H](OC(=O)/C=C/c2ccc(O)c(OC)c2)[C@@H]1OC,0,0,1,590.67,4.26,119.55,2,9,7,3
COC(=O)[C@H]1[C@H]2C[C@@H]3c4[nH]c5cc(OC)ccc5c4CCN3C[C@H]2C[C@@H](OC(=O)C=Cc2cc(OC)c(OC)c(OC)c2)[C@@H]1OC,0,0,8,634.73,4.57,117.78,1,10,9,3
ClC1=C(Cl)[C@]2(Cl)[C@H]3[C@H]([C@H]4C=C[C@H]3C4)[C@@]1(Cl)C2(Cl)Cl,1,2,10,364.91,5.27,0.0,0,0,0,0
ClC1=C(Cl)[C@]2(Cl)[C@@H]3[C@H]4C=CC(C4)[C@@H]3C1(Cl)C2(Cl)Cl,1,1,11,364.91,5.27,0.0,0,0,0,0
CCCCc1cc2ccccc2c(OCCN(C)C)n1,0,0,10,272.39,3.52,25.36,0,3,7,2
c1ccc2cnccc2c1,0,0,11,129.16,2.23,12.89,0,1,0,2
CC1(C)O[C@@H]2C[C@H]3[C@@H]4CCC5=CC(=O)CC[C@]5(C)[C@@]4(F)[C@@H](O)C[C@]3(C)[C@]2(C(=O)CCl)O1,1,1,7,454.97,3.89,72.83,1,5,2,0
CC1(C)O[C@@H]2C[C@H]3[C@@H]4C[C@H](F)C5=CC(=O)CC[C@]5(C)[C@H]4[C@@H](O)C[C@]3(C)[C@]2(C(=O)CO)O1,1,1,10,436.52,2.5,93.06,2,6,2,0
CCOC(=O)C(Cl)Cc1cc(-n2nc(C)n(C(F)F)c2=O)c(F)cc1Cl,1,1,10,412.2,3.24,66.12,0,4,6,2
Cc1nn(-c2cc(NS(C)(=O)=O)c(Cl)cc2Cl)c(=O)n1C(F)F,0,0,11,387.2,2.42,85.99,1,4,4,2
CC(C)CN(C[C@@H](OP(=O)([O-])[O-])[C@H](Cc1ccccc1)NC(=O)O[C@H]1CCOC1)S(=O)(=O)c1ccc(N)cc1,0,0,10,583.6,1.26,183.38,2,10,13,2
CC(C)CN(C[C@@H](O)[C@H](Cc1ccccc1)NC(=O)O[C@@H]1CCOC1)S(=O)(=O)c1ccc(N)cc1,0,0,9,505.64,2.4,131.19,3,7,11,2
CCC1(c2ccccc2)CCC(=O)NC1=O,0,0,2,217.27,1.77,46.17,1,2,2,1
CCC1(c2ccc(N)cc2)CCC(=O)NC1=O,1,1,12,232.28,1.35,72.19,2,3,2,1
CCOC(=O)[C@@H](C)Oc1ccc(Oc2nc3ccc(Cl)cc3o2)cc1,0,0,9,361.78,4.6,70.79,0,6,6,3
CCOC(=O)C(C)Oc1ccc(Oc2nc3ccc(Cl)cc3o2)cc1,1,2,10,361.78,4.6,70.79,0,6,6,3
CC1(C)[C@@H](O)CC[C@]2(C)[C@H]3C(=O)C=C4[C@@H]5C[C@@](C)(C(=O)O)CC[C@]5(C)CC[C@@]4(C)[C@]3(C)CC[C@@H]12,1,1,10,470.69,6.41,74.6,2,3,1,0
CC1(C)[C@@H](OC(=O)CCC(=O)[O-])CC[C@]2(C)[C@H]3C(=O)C=C4[C@@H]5C[C@@](C)(C(=O)[O-])CC[C@]5(C)CC[C@@]4(C)[C@]3(C)CC[C@@H]12,1,1,12,568.75,4.16,123.63,0,7,5,0
COc1cc2c(cc1OC)[C@@H](c1ccccc1)CN(C)CC2,0,0,8,297.4,3.32,21.7,0,3,3,2
Oc1ccc(C2CNCCc3c2cc(O)c(O)c3Cl)cc1,1,2,11,305.76,2.73,72.72,4,4,1,2
CC/C=C\CC1=C(C)CCC1=O,0,0,10,164.25,3.02,17.07,0,1,3,0
CCCCCC1=CCCC1=O,0,0,12,152.24,2.86,17.07,0,1,4,0
COc1cc2c(cc1OC)[C@@]13CCN4CC5=CCO[C@H]6CC(=O)N2[C@H]1[C@H]6[C@H]5C[C@H]43,1,1,12,394.47,2.11,51.24,0,5,2,1
O=C1C[C@@H]2OCC=C3CN4CC[C@]56c7ccccc7N1[C@H]5[C@H]2[C@H]3C[C@H]46,0,0,10,334.42,2.09,32.78,0,3,0,1
Cc1nc([N+](=O)[O-])cn1-c1ccc([N+](=O)[O-])cc1,0,0,12,248.2,2.0,104.1,0,5,3,2
FC(F)(F)c1ccccc1-n1ccnc1,1,1,12,212.17,2.89,17.82,0,1,1,2
CC(=O)c1ccc(OCC(=O)N2CCCCC2)cc1,1,1,9,261.32,2.28,46.61,0,3,4,1
C/C(=N\O)c1ccc(OCC(=O)N2CCCCC2)cc1,1,3,11,276.34,2.28,62.13,1,4,4,1
Nc1nnc(-c2ccc([N+](=O)[O-])o2)o1,1,1,9,196.12,0.82,121.22,1,7,2,2
O=[N+]([O-])c1ccc(-c2nnc(O)o2)o1,1,1,11,197.11,0.94,115.43,1,7,2,2
Cc1nc(-c2ccc(OCC(C)C)c(C#N)c2)sc1C(=O)O,1,3,7,316.38,3.72,83.21,1,5,5,2
O=C(O)Cc1csc(-c2ccc(Cl)cc2)n1,0,0,11,253.71,3.09,50.19,1,3,3,2
Nc1ccc(S(=O)(=O)[N-]c2ncccn2)cc1.[Ag+],0,0,10,357.14,1.45,100.04,1,5,3,2
COCCOc1cccc(S(=O)(=O)[N-]c2ncccn2)c1,0,0,2,308.34,1.9,92.48,0,6,7,2
COc1cc([C@@H]2c3cc4c(cc3C(O[C@@H]3O[C@@H]5CO[C@@H](C)O[C@H]5[C@H](O)[C@H]3O)C3COC(=O)[C@@H]32)OCO4)cc(OC)c1OP(=O)(O)O,1,3,10,668.54,1.1,207.36,4,14,7,2
COc1cc([C@@H]2c3cc4c(cc3C(O[C@@H]3O[C@@H]5CO[C@@H](C)O[C@H]5[C@H](O)[C@H]3O)C3COC(=O)[C@@H]32)OCO4)cc(OC)c1O,1,2,10,588.56,1.34,160.83,3,13,5,2
CC(C)=C[C@@H]1[C@@H](C(=O)OCc2coc(Cc3ccccc3)c2)C1(C)C,0,0,12,338.45,5.15,39.44,0,3,6,2
CC(C)=CC1C(C(=O)OCc2coc(Cc3ccccc3)c2)C1(C)C,1,2,10,338.45,5.15,39.44,0,3,6,2
Cc1nc(N)nc(N)c1-c1ccc(Cl)c(Cl)c1,1,1,2,269.13,2.92,77.82,2,4,1,2
CCc1nc(N)nc(N)c1-c1ccc(Cl)cc1,1,3,9,248.72,2.52,77.82,2,4,2,2
CCOC(=O)C(c1c(O)c2ccccc2oc1=O)c1c(O)c2ccccc2oc1=O,0,0,1,408.36,3.01,127.18,2,8,4,4
O=c1oc2ccccc2c(O)c1Cc1c(O)c2ccccc2oc1=O,1,1,1,336.3,2.9,100.88,2,6,2,4
N#Cc1nn(-c2c(Cl)cc(C(F)(F)F)cc2Cl)c(N)c1S(=O)C(F)(F)F,1,1,8,437.15,4.28,84.7,1,4,2,2
Cc1cc(N)n(-c2ccccc2)n1,0,0,9,173.22,1.76,43.84,1,2,1,2
CN1CCN(C2=Nc3cc(F)ccc3Cc3ccccc32)CC1,0,0,10,309.39,3.06,18.84,0,3,0,2
CN1CCN(C2=Nc3ccccc3Cc3ccccc32)CC1,0,0,9,291.4,2.92,18.84,0,3,0,2
ClC1=C(Cl)C(Cl)(Cl)C(Cl)=C1Cl,1,2,7,272.77,4.55,0.0,0,0,0,0
C1=CCC=C1,0,0,12,66.1,1.5,0.0,0,0,0,0
COc1ccc(N=[N+]([O-])c2ccc(OC)cc2)cc1,1,5,10,258.28,3.63,56.89,0,4,4,2
[O-][N+](=Nc1ccccc1)c1ccccc1,1,4,11,198.22,3.61,38.43,0,2,2,2
c1ccc(C(O[C@H]2CCCN(CCc3ccc4c(c3)OCO4)C2)c2ccccc2)cc1,0,0,9,415.53,5.23,30.93,0,4,7,3
c1ccc(C(O[C@@H]2CCCN(CCc3ccc4c(c3)OCO4)C2)c2ccccc2)cc1,1,1,7,415.53,5.23,30.93,0,4,7,3
CCC(C)(C)c1ccc(CC(C)CN2C[C@@H](C)O[C@@H](C)C2)cc1,1,1,8,317.52,4.66,12.47,0,2,6,1
CC(Cc1ccc(C(C)(C)C)cc1)CN1C[C@@H](C)O[C@@H](C)C1,0,0,10,303.49,4.27,12.47,0,2,4,1
COc1ccc(C(=O)NCc2ccc(OCCN(C)C)cc2)cc1OC,0,0,12,358.44,2.57,60.03,1,5,9,2
COc1cc(C(=O)NCc2ccc(OCCN(C)C)cc2)cc(OC)c1OC,0,0,11,388.46,2.58,69.26,1,6,10,2
CC1(C)S[C@@H]2[C@H](NC(=O)[C@H](NC(=O)N3CCN(S(C)(=O)=O)C3=O)c3ccccc3)C(=O)N2[C@H]1C(=O)O,1,2,9,539.59,-0.23,173.5,3,8,6,1
CC1(C)S[C@@H]2[C@H](NC(=O)[C@@H](NC(=O)N3CCNC3=O)c3ccccc3)C(=O)N2[C@H]1C(=O)[O-],0,0,10,460.49,-1.24,150.98,3,7,5,1
O=C1CCCCCO1,0,0,12,114.14,1.1,26.3,0,2,0,0
CCCCC1CCCCC(=O)O1,0,0,11,170.25,2.66,26.3,0,2,3,0
CC1CCCCC1NC(=O)Nc1ccccc1,1,1,9,232.33,3.39,41.13,2,1,2,1
CC(C)(C)NCC(O)COc1ccc(NC(=O)NC2CCCCC2)cc1,0,0,8,363.5,3.27,82.62,4,4,7,1
CNCCC=C1c2ccccc2CCc2ccccc21,0,0,7,263.38,3.83,12.03,1,1,3,2
CN(C)CCC=C1c2ccccc2CCc2ccccc21,0,0,10,277.41,4.17,3.24,0,1,3,2
C1CCC(NC2CCCCC2)CC1,0,0,12,181.32,3.24,12.03,1,1,2,0
CN(C1CCCCC1)C1CCCCC1,0,0,12,195.35,3.58,3.24,0,1,2,0
Cc1ccc2c(n1)Oc1ccc(C(C)C(=O)OCC(=O)N(C)C)cc1C2,1,2,10,354.41,2.82,68.73,0,5,4,2
CC(C(=O)O)c1ccc2c(c1)Cc1cccnc1O2,0,0,11,255.27,2.97,59.42,1,3,2,2
Cc1c(F)cc2c(=O)c(C(=O)O)cn3c2c1CCC3C,0,0,2,275.28,2.65,59.3,1,2,1,2
CC1CCc2cc(F)cc3c(=O)c(C(=O)O)cn1c23,0,0,11,261.25,2.35,59.3,1,2,1,2
CC1COC2(c3ccccc3Cl)c3cc(Cl)ccc3NC(=O)CN12,0,0,1,363.24,3.87,41.57,1,3,1,2
O=C1CN2CCOC2(c2ccccc2Cl)c2cc(Cl)ccc2N1,0,0,2,349.22,3.48,41.57,1,3,1,2
O=C(N/N=C/c1ccc([N+](=O)[O-])o1)c1cc([N+](=O)[O-])cc([N+](=O)[O-])c1O,1,1,9,365.21,1.47,204.25,2,10,6,2
O=C(NN=Cc1ccc([N+](=O)[O-])o1)c1ccc(O)cc1,1,1,2,275.22,1.66,117.97,2,6,4,2
CC(C)C[C@H](NC(=O)[C@@H](COC(C)(C)C)NC(=O)[C@H](Cc1ccc(O)cc1)NC(=O)[C@H](CO)NC(=O)[C@H](Cc1c[nH]c2ccccc12)NC(=O)[C@H](Cc1c[nH]cn1)NC(=O)[C@@H]1CCC(=O)N1)C(=O)N[C@@H](CCCNC(=N)N)C(=O)N1CCC[C@H]1C(=O)NNC(N)=O,0,0,10,1269.43,-2.9,493.39,18,16,31,4
CC(C)CC(NC(=O)CNC(=O)[C@H](Cc1ccc(O)cc1)NC(=O)[C@@H](CO)NC(=O)[C@@H](Cc1c[nH]c2ccccc12)NC(=O)[C@@H](Cc1c[nH]cn1)NC(=O)[C@H]1CCC(=O)N1)C(=O)N[C@H](CCCNC(=N)N)C(=O)N1CCC[C@@H]1C(=O)NCC(N)=O,0,0,12,1182.31,-4.18,472.13,17,15,31,4
Cc1ccc(C(=O)c2ccc(CC(=O)[O-])n2C)cc1,0,0,11,256.28,0.86,62.13,0,3,4,2
Cc1cc(CC(=O)[O-])n(C)c1C(=O)c1ccc(Cl)cc1,1,2,12,290.73,1.51,62.13,0,3,4,2
O=C1c2c(O)cccc2Cc2cccc(O)c21,0,0,12,226.23,2.23,57.53,2,3,0,2
O=C1c2ccccc2Cc2ccccc21,1,2,8,194.23,2.82,17.07,0,1,0,2
CCOC(=O)C1(c2ccccc2)CCN(CCc2ccc(N)cc2)CC1,0,0,2,352.48,3.41,55.56,1,4,6,2
CC(=O)OC1(c2ccccc2)CCN(CCc2ccccc2)CC1,0,0,11,323.44,3.78,29.54,0,3,5,2
CC(C)(C)C(O)/C(=C\c1ccc(Cl)cc1Cl)n1cncn1,1,2,8,326.23,3.99,50.94,1,3,3,2
Cl/C(=C\n1cncn1)c1ccc(Cl)cc1Cl,1,1,12,274.54,3.78,30.71,0,2,2,2
NC(=O)c1ncn([C@@H]2O[C@H](CO)[C@@H](O)[C@H]2O)c1N,0,0,11,258.23,-2.82,156.85,5,7,3,1
NC(=O)c1ncn([C@@H]2O[C@H](CO)[C@@H](O)[C@H]2O)c1O,0,0,2,259.22,-2.7,151.06,5,7,3,1
CC(C)NCC(O)COc1ccccc1-n1cccc1,0,0,8,274.36,2.21,46.42,2,3,7,2
Cc1cc(CC(=O)O)c(C)n1-c1ccc(Cl)cc1,0,0,1,263.72,3.37,42.23,1,1,3,2
O=C(O)C1(C(=O)Nc2ccc(Cl)cc2Cl)CC1,1,3,7,274.1,2.8,66.4,2,2,3,1
O=C(Nc1ccc(Cl)c(Cl)c1)C1CC1,1,2,9,230.09,3.34,29.1,1,1,2,1
CCN1CCCC(OC(=O)C(c2ccccc2)c2ccccc2)C1,0,0,11,323.44,3.85,29.54,0,3,5,2
CN1CCCC(OC(=O)C(O)(c2ccccc2)c2ccccc2)C1,0,0,8,325.41,2.56,49.77,1,4,4,2
C/C=C(/C(=C/C)c1ccc(O)cc1)c1ccc(O)cc1,1,6,12,266.34,4.6,40.46,2,2,3,2
C/C=C(/C(=C/C)c1ccc(OC(C)=O)cc1)c1ccc(OC(C)=O)cc1,1,2,2,350.41,5.04,52.6,0,4,5,2
CCc1cc(S(=O)(=O)[O-])c2cc(C(C)C)cccc1-2,0,0,11,277.37,3.38,57.2,0,3,3,0
Cc1ccc(C(C)C)cc2c(C)ccc1-2,0,0,1,198.31,4.53,0.0,0,0,1,0
CCOC(=O)Cc1cccc(-c2cc(CCCCCCc3ccc(O[C@H]4O[C@H](COC(C)=O)[C@@H](OC(C)=O)[C@H](OC(C)=O)[C@@H]4OC(C)=O)c(-c4cccc(CC(=O)OCC)c4)c3)ccc2O[C@H]2O[C@H](COC(C)=O)[C@@H](OC(C)=O)[C@H](OC(C)=O)[C@@H]2OC(C)=O)c1,0,0,10,1255.33,7.5,299.92,0,24,29,4
O=C(O)Cc1cccc(-c2cc(CCCCCCc3ccc(O[C@H]4O[C@H](CO)[C@@H](O)[C@H](O)[C@@H]4O)c(-c4cccc(CC(=O)O)c4)c3)ccc2O[C@H]2O[C@H](CO)[C@@H](O)[C@H](O)[C@@H]2O)c1,0,0,12,862.92,1.98,273.36,10,14,19,4
O=C(N[C@H]1N=C(c2ccccc2F)c2cccc3c2N(CC3)C1=O)c1cc2ccccc2[nH]1,1,1,10,438.46,3.8,77.56,2,3,3,4
O=C(N[C@@H]1N=C(c2ccccc2F)c2cccc3c2N(CC3)C1=O)c1cc2ccccc2[nH]1,1,3,9,438.46,3.8,77.56,2,3,3,4
S=C(Nc1ccccc1)Nc1ccccc1,1,1,10,228.32,3.5,24.06,2,1,2,2
CCOc1ccc(NC(=S)Nc2ccc(OCC)cc2)cc1,1,1,10,316.43,4.29,42.52,2,3,6,2
Nc1ncn([C@H]2C[C@H](O)[C@@H](CO)O2)c(=O)n1,0,0,9,228.21,-2.14,123.49,3,7,2,1
Nc1ncn([C@@H]2O[C@H](CO)[C@@H](O)[C@H]2O)c(=O)n1,1,2,10,244.21,-3.17,143.72,4,8,2,1
C1CSCCS1,0,0,11,120.24,1.47,0.0,0,2,0,0
CC1(O)CSC(C)(O)CS1,0,0,7,180.29,0.88,40.46,2,4,0,0
CCCC(C)(COC(N)=O)COC(=O)NC1CC1,0,0,9,258.32,1.78,90.65,2,4,7,0
CC1(C)C[C@@H]1C(=O)N/C(=C\CCCCSC[C@H](N)C(=O)O)C(=O)[O-],0,0,10,357.45,0.1,132.55,3,6,11,0
C/C(=N\Cc1ccccc1)c1ccccc1O,0,0,10,225.29,3.4,32.59,1,2,3,2
Oc1ccccc1C=NCc1ccccc1,0,0,2,211.26,3.01,32.59,1,2,3,2
NC(=O)OC[C@@H]1[C@H](NC(=O)/C(=N\OCC(=O)[O-])c2csc(N)n2)C(=O)N1S(=O)(=O)[O-],1,1,10,464.39,-4.55,259.56,3,14,9,1
C[C@H]1[C@H](NC(=O)C(=NOC(C)(C)C(=O)O)c2csc(N)n2)C(=O)N1S(=O)(=O)O,0,0,12,435.44,-1.17,201.58,4,10,7,1
c1ccc2c(c1)cc1ccc3cccc4ccc2c1c34,1,6,8,252.32,5.74,0.0,0,0,0,5
Cc1cccc2c1cc1ccc3cccc4ccc2c1c34,1,6,10,266.34,6.05,0.0,0,0,0,5
CN1CCN(C2=Nc3ccccc3Oc3ccc(Cl)cc32)CC1.O=C(O)CCC(=O)O,0,0,11,445.9,3.71,102.67,2,6,3,2
Clc1ccc2c(c1)C(N1CCNCC1)=Nc1ccccc1O2,1,1,8,313.79,3.43,36.86,1,4,0,2
CN1C(=O)CC(C)(c2ccccc2)C1=O,0,0,12,203.24,1.33,37.38,0,2,1,1
CN1C(=O)CC(c2ccccc2)C1=O,0,0,11,189.21,1.16,37.38,0,2,1,1
O=C1c2ccccc2C(=O)C1C(=O)C(c1ccccc1)c1ccccc1,0,0,1,340.38,4.08,51.21,0,3,4,3
O=C1c2ccccc2C(=O)C1C(=O)C(c1ccccc1)c1ccc(Cl)cc1,1,1,5,374.82,4.74,51.21,0,3,4,3
Cc1onc(-c2c(Cl)cccc2Cl)c1C(=O)N[C@@H]1C(=O)N2[C@@H]1SC(C)(C)[C@@H]2C(=O)[O-],0,0,1,469.33,1.87,115.57,1,7,4,2
Cc1onc(-c2ccccc2Cl)c1C(=O)N[C@@H]1C(=O)N2[C@@H]1SC(C)(C)[C@@H]2C(=O)[O-],0,0,12,434.88,1.21,115.57,1,7,4,2
C#C[C@]1(OC(C)=O)CC[C@H]2[C@@H]3CCC4=C/C(=N/O)CC[C@@H]4[C@H]3CC[C@@]21CC,1,5,7,369.51,4.71,58.89,1,4,2,0
C#C[C@]1(O)CC[C@H]2[C@@H]3CCC4=C/C(=N/O)CC[C@@H]4[C@H]3CC[C@@]21CC,1,5,6,327.47,4.14,52.82,2,3,1,0
CN(C)c1ccc2nc3ccc(N(C)C)cc3[s+]c2c1,1,5,10,284.41,3.86,19.37,0,3,2,3
Cc1cc2nc3ccc(N(C)C)cc3[s+]c2cc1N,1,4,9,270.38,3.69,42.15,1,3,1,3
Cc1noc(NS(=O)(=O)c2ccc(N)cc2)c1C,1,2,12,267.31,1.67,98.22,2,5,3,2
CC(=O)N(c1onc(C)c1C)S(=O)(=O)c1ccc(N)cc1,0,0,2,309.35,1.62,106.5,1,6,3,2
C(=C\c1ccccc1)/CN1CCN(C(c2ccccc2)c2ccccc2)CC1,1,1,12,368.52,5.11,6.48,0,2,6,3
Fc1ccc(C(c2ccc(F)cc2)N2CCN(C/C=C/c3ccccc3)CC2)cc1,0,0,9,404.5,5.39,6.48,0,2,6,3
CC1=CC[C@@]23CC1C(C)(C)[C@@H]2CC[C@H]3C,0,0,12,204.36,4.42,0.0,0,0,0,0
CC(=O)C1=C(C)[C@@H]2C[C@@]3(C1)[C@H](C)CC[C@H]3C2(C)C,0,0,12,246.39,4.37,17.07,0,1,1,0
CS(=O)(=O)c1ccc(C(=O)C2C(=O)CCCC2=O)c(Cl)c1COCC(F)(F)F,0,0,12,440.82,2.94,94.58,0,6,6,1
CS(=O)(=O)c1ccc(C(=O)C2C(=O)CCCC2=O)c([N+](=O)[O-])c1,1,1,12,339.33,1.12,128.49,0,7,4,1
Cc1cc(C)nc(Nc2ccccc2)n1,1,1,10,199.26,2.84,37.81,1,3,2,2
CC#Cc1cc(C)nc(Nc2ccccc2)n1,1,2,9,223.28,2.9,37.81,1,3,2,2
CCOC(=O)c1ncn2c1CN(C)C(=O)c1cc(F)ccc1-2,0,0,12,303.29,1.77,64.43,0,4,2,2
CCOC(=O)c1ncn2c1CN(C)C(=O)c1c(I)cccc1-2,0,0,11,411.2,2.24,64.43,0,4,2,2
CCN(CC)CCOC(=O)C1(c2ccccc2)CCCC1.CCN(CC)CCOC(=O)C1(c2ccccc2)CCCC1.O=S(=O)(O)CCS(=O)(=O)O,0,0,12,769.04,5.53,167.82,2,10,17,2
CC(C)(C)NC[C@H](O)COc1ccccc1C1CCCC1.CC(C)(C)NC[C@H](O)COc1ccccc1C1CCCC1,0,0,8,582.87,6.94,82.98,4,6,12,2
CCNC(=O)NCCCOc1cccc(CN2CCCCC2)c1,0,0,12,319.45,2.76,53.6,2,3,8,1
CC(=O)OCC(=O)NCCCOc1cccc(CN2CCCCC2)c1,1,2,12,348.44,2.12,67.87,1,5,9,1
Cc1cccc(Cc2c[nH]cn2)c1C,0,0,8,186.26,2.62,28.68,1,1,2,2
Cc1cccc(C(C)c2c[nH]cn2)c1C,1,2,10,200.29,3.18,28.68,1,1,2,2
CN[C@@H]1[C@H](O[C@H]2[C@H](O[C@H]3[C@H](O)[C@@H](O)[C@H](NC(=N)N)[C@@H](O)[C@@H]3NC(=N)N)O[C@@H](C)[C@]2(O)C=O)O[C@@H](CO)[C@H](O)[C@H]1O.CN[C@@H]1[C@H](O[C@H]2[C@H](O[C@H]3[C@H](O)[C@@H](O)[C@H](NC(=N)N)[C@@H](O)[C@@H]3NC(=N)N)O[C@@H](C)[C@]2(O)C=O)O[C@@H](CO)[C@H](O)[C@H]1O,0,0,10,1163.16,-15.48,662.86,28,30,18,0
CN[C@@H]1[C@H](O[C@H]2[C@H](O[C@H]3[C@H](O)[C@@H](O)[C@H](NC(=N)N)[C@@H](O)[C@@H]3NC(=N)N)O[C@@H](C)[C@]2(O)CO)O[C@@H](CO)[C@H](O)[C@H]1O.CN[C@@H]1[C@H](O[C@H]2[C@H](O[C@H]3[C@H](O)[C@@H](O)[C@H](NC(=N)N)[C@@H](O)[C@@H]3NC(=N)N)O[C@@H](C)[C@]2(O)CO)O[C@@H](CO)[C@H](O)[C@H]1O,1,1,9,1167.19,-15.9,669.18,30,30,18,0
C[C@H]1O[C@H](O[C@H]2[C@H](O)[C@@H](O)[C@@H](O)[C@H](O)[C@@H]2O)[C@@H](N)C[C@@H]1NC(=N)C(=O)O,0,0,12,379.37,-4.33,218.81,9,10,3,0
CO[C@H]1[C@@H](O)[C@H](N)[C@@H](O[C@H]2O[C@H]([C@H](C)N)CC[C@H]2N)[C@H](O)[C@@H]1N(C)C(=O)CN,1,1,10,405.5,-3.59,192.54,6,10,6,0
CO[C@@H]1[C@H](OC(=O)/C=C/C=C/C=C/C=C/C(=O)O)CC[C@]2(CO2)[C@H]1[C@@]1(C)O[C@@H]1CC=C(C)C,1,2,12,458.55,3.92,97.89,1,6,10,0
CO[C@@H]1[C@H](OC(=O)NC(=O)CCl)CC[C@]2(CO2)[C@H]1[C@]1(C)O[C@@H]1CC=C(C)C,1,4,8,401.89,2.55,89.69,1,6,6,0
CSc1ccc2c(c1)N(CCC1CCCCN1C)c1ccccc1S2,0,0,5,370.59,5.89,6.48,0,4,4,2
CN1CCCCC1CCN1c2ccccc2Sc2ccc(S(C)=O)cc21,0,0,11,386.59,4.9,23.55,0,4,4,2
O=S1(=O)CCCC1,0,0,12,120.17,0.2,34.14,0,2,0,0
O=S1(=O)CC(Cl)(Cl)C(Cl)(Cl)C1,1,4,5,257.95,1.76,34.14,0,2,0,0
OCCOCCN1CCN(C2=Nc3ccccc3Sc3ccccc32)CC1,0,0,11,383.52,2.86,48.3,1,6,5,2
CN1CCN(C2=Nc3ccccc3Sc3ccc(Cl)cc32)CC1,0,0,9,343.88,4.13,18.84,0,4,0,2
CCC(C)[C@H]1O[C@]2(C=C[C@@H]1C)C[C@@H]1C[C@@H](CC=C(C)[C@@H](O[C@H]3C[C@H](OC)[C@@H](O[C@H]4C[C@H](OC)[C@H](NC(C)=O)[C@H](C)O4)[C@H](C)O3)[C@@H](C)C=CC=C3CO[C@@H]4[C@H](O)C(C)=C[C@@H](C(=O)O1)[C@]34O)O2,1,1,6,914.14,5.52,178.93,3,14,9,0
CC[C@H](C)[C@H]1O[C@]2(C=C[C@@H]1C)C[C@@H]1C[C@@H](CC=C(C)[C@@H](O[C@H]3C[C@H](OC)[C@@H](O[C@H]4C[C@H](OC)[C@@H](O)[C@H](C)O4)[C@H](C)O3)[C@@H](C)C=CC=C3CO[C@@H]4[C@H](O)C(C)=C[C@@H](C(=O)O1)[C@]34O)O2,1,2,11,873.09,5.38,170.06,3,14,8,0
CC(=O)NC1CCSC1=O,0,0,12,159.21,0.15,46.17,1,3,1,0
O=C(O)CSCC(=O)NC1CCSC1=O,0,0,12,249.31,-0.05,83.47,2,5,5,0
COc1ccc([C@@H]2Sc3ccccc3N(CCN(C)C)C(=O)[C@@H]2OC(C)=O)cc1,0,0,10,414.53,3.37,59.08,0,6,6,2
COc1ccc([C@@H]2Sc3ccccc3NC(=O)[C@@H]2O)cc1,0,0,2,301.37,2.84,58.56,2,4,2,2
CCN(Cc1cccc(S(=O)(=O)[O-])c1)c1ccc(C(=C2C=CC(=[N+](CC)Cc3cccc(S(=O)(=O)[O-])c3)C=C2)c2ccccc2)cc1,1,1,11,667.83,6.12,120.65,0,7,11,4
CCN(Cc1cccc(S(=O)(=O)[O-])c1)c1ccc(C(=C2C=CC(=[N+](CC)Cc3cccc(S(=O)(=O)[O-])c3)C=C2)c2ccc(O)cc2S(=O)(=O)[O-])cc1,0,0,9,762.88,4.73,198.08,1,11,12,4
NS(=O)(=O)c1cc2c(cc1Cl)N=CNS2(=O)=O,0,0,12,295.73,-0.06,118.69,2,5,1,1
CC1=Nc2ccc(Cl)cc2S(=O)(=O)N1,0,0,12,230.68,1.68,58.53,1,3,0,1
O=C([O-])CCC/C=C\C[C@@H]1[C@@H](/C=C/[C@@H](O)COc2cccc(Cl)c2)[C@H](O)C[C@@H]1O,0,0,9,423.91,1.86,110.05,3,6,11,1
O=C(O)CCC/C=C\C[C@@H]1[C@@H](/C=C/[C@@H](O)COc2cccc(C(F)(F)F)c2)[C@H](O)C[C@@H]1O,1,1,8,458.47,3.56,107.22,4,5,11,1
O=C(Oc1ccccc1)Oc1ccccc1,0,0,12,214.22,3.26,35.53,0,3,2,2
COc1ccccc1OC(=O)Oc1ccccc1OC,0,0,12,274.27,3.28,53.99,0,5,4,2
CC1=CC(C)(C)Nc2ccccc21,1,1,12,173.26,3.29,12.03,1,1,0,1
CCOc1ccc2c(c1)C(C)=CC(C)(C)N2,1,2,10,217.31,3.69,21.26,1,2,2,1
CC1CCC(C(C)C)C(OC(=O)c2ccccc2N)C1,1,3,10,275.39,3.89,52.32,1,3,3,1
CC1CC(OC(=O)c2ccccc2O)CC(C)(C)C1,1,1,12,262.35,3.76,46.53,1,3,2,1
CCN[C@H]1C[C@H](C)S(=O)(=O)c2sc(S(N)(=O)=O)cc21,0,0,12,324.45,0.61,106.33,2,6,3,1
C[C@H]1C[C@H](O)c2ccsc2S1(=O)=O,0,0,2,218.3,1.35,54.37,1,4,0,1
CC1COc2ccccc2N1,1,1,10,149.19,1.88,21.26,1,2,0,1
CC1COc2ccccc2N1C(=O)C(Cl)Cl,1,4,9,260.12,2.6,29.54,0,2,1,1
CSc1ccc2c(c1)C(N1CCN(C)CC1)Cc1ccccc1S2,0,0,9,356.56,4.4,6.48,0,4,2,2
CN1CCN(C2Cc3ccccc3Sc3ccc(Cl)cc32)CC1,0,0,5,344.91,4.34,6.48,0,3,1,2
Nc1ccccc1C(=O)Oc1ccc2ccccc2c1,1,5,10,263.3,3.64,52.32,1,3,2,3
N=C(N)Nc1ccc(C(=O)Oc2ccc3cc(C(=N)N)ccc3c2)cc1,0,0,10,347.38,2.65,138.07,5,4,4,3
CC(C)C(Nc1ccc(C(F)(F)F)cc1Cl)C(=O)OC(C#N)c1cccc(Oc2ccccc2)c1,1,1,7,502.92,7.4,71.35,1,5,8,3
CC(C)[C@@H](Nc1ccc(C(F)(F)F)cc1Cl)C(=O)OC(C#N)c1cccc(Oc2ccccc2)c1,1,1,8,502.92,7.4,71.35,1,5,8,3
CCN1C(=O)NC(c2ccccc2)C1=O,0,0,10,204.23,1.3,49.41,1,2,2,1
CC[C@@]1(c2ccccc2)NC(=O)N(C)C1=O,0,0,12,218.26,1.47,49.41,1,2,2,1
COc1ccc2c(c1OC)CN1CCc3cc4c(cc3C1C2)OCO4,1,1,11,339.39,3.09,40.16,0,5,2,2
CCOc1nc2cccc(C(=O)O)c2n1Cc1ccc(-c2ccccc2-c2nnn[nH]2)cc1,0,0,2,440.46,4.03,118.81,2,6,7,5
O=c1[nH]c2ccccc2n1CCCN1CCN(C(c2ccccc2)c2ccccc2)CC1,0,0,6,426.56,4.13,44.27,1,3,7,4
Cc1nc2ccccn2c(=O)c1CCN1CCC(C(=O)c2ccc(F)cc2)CC1,0,0,11,393.46,3.28,54.68,0,4,5,3
Cc1ccc(=O)n(-c2ccccc2)c1,0,0,11,185.23,2.15,22.0,0,1,1,2
c1cnc(N2CCN(Cc3ccc4c(c3)OCO4)CC2)nc1,0,0,12,298.35,1.53,50.72,0,6,3,2
O=C(O[C@@H]1Cc2c(O)cc(O)cc2O[C@@H]1c1cc(O)c(O)c(O)c1)c1cc(O)c(O)c(O)c1,1,1,11,458.38,2.23,197.37,8,11,3,3
CC1(C)O[C@H]2CC(=O)OC[C@]23[C@H]2CC[C@@]4(C)[C@H](c5ccoc5)OC(=O)[C@H]5O[C@]54[C@]2(C)C(=O)C[C@@H]13,1,2,11,470.52,3.14,104.57,0,8,1,1
CN1CC(=O)NC1=N,0,0,2,113.12,-1.02,56.19,2,2,0,0
C=C1CC[C@@H]2[C@](C)(CO)[C@H](O)CC[C@@]2(C)[C@@H]1C/C=C1/C(=O)OC[C@H]1O,0,0,8,350.46,1.96,86.99,3,5,3,0
O=c1[nH]cnc2nc[nH]c12,0,0,2,136.11,-0.35,74.43,2,3,0,2
O=C1CN(N=Cc2ccc(-c3ccc([N+](=O)[O-])cc3)o2)C(=O)[N-]1,1,2,12,313.25,2.52,120.12,0,6,4,2
Cn1c(N)nc2c3cccnc3ccc21,1,1,10,198.23,1.7,56.73,1,3,0,3
CCOC(=O)c1cn2nc(OP(=S)(OCC)OCC)cc2nc1C,1,1,11,373.37,2.89,84.18,0,8,8,2
c1ccc(CCCc2ccccn2)cc1,0,0,9,197.28,3.26,12.89,0,1,4,2
Cc1cccc(Nc2cc(Cl)nc(SCC(=O)O)n2)c1C,1,1,10,323.81,3.67,75.11,2,5,5,2
S=C1NC=NC2N=CNC12,1,4,9,154.2,-0.73,48.78,2,4,0,0
CC(=O)N[C@@H]1C(O[C@H]2O[C@H](C(=O)O)C(O)[C@H](O)[C@H]2O)[C@H](O)[C@@H](CO)O[C@H]1O[C@@H]1C(C(=O)O)O[C@@H](O[C@H]2[C@H](O)[C@@H](CO)OC(O)[C@@H]2NC(C)=O)[C@H](O)[C@H]1O,0,0,10,776.65,-9.28,399.71,14,21,12,0
S=c1[nH]c2ccccc2[nH]1,1,2,11,150.21,2.23,31.58,2,1,0,2
C=CCNc1nc(NCC=C)nc(N2CCN(C(c3ccc(F)cc3)c3ccc(F)cc3)CC2)n1,1,1,2,477.56,4.26,69.21,2,7,10,3
[O-][n+]1cccc(/C(Cl)=N/OC[C@H](O)CN2CCCCC2)c1,0,0,2,313.79,1.08,72.0,1,5,6,1
CN1N=C(C(N)=O)CCC1=O,0,0,2,155.16,-0.92,75.76,1,3,1,0
CCCCCCC(=O)O[C@H]1CC[C@H]2[C@@H]3CC[C@H]4CC(=O)C=C(C)[C@]4(C)[C@H]3CC[C@]12C,1,4,7,414.63,6.65,43.37,0,3,6,0
COc1cccc2c1C(=O)c1c(O)c3c(c(O)c1C2=O)C[C@@](O)(C(=O)CO)C[C@@H]3O[C@H]1C[C@H](N)[C@H](O[C@@H]2CCCCO2)[C@H](C)O1,0,0,1,627.64,1.55,204.3,5,13,7,2
O=C(NCN1CCOCC1)c1cnccn1,0,0,2,222.25,-0.5,67.35,1,5,3,1
Cc1cccc(C)c1NC(=O)CN1CCCC1,0,0,11,232.33,2.34,32.34,1,2,3,1
O=C(O)Cc1cn(-c2ccccc2)nc1-c1ccc(Cl)cc1,1,1,11,312.76,3.82,55.12,1,2,4,3
O=C(Nc1ccc(Br)cc1)c1cc(Br)c(Br)s1,1,2,7,439.95,5.29,29.1,1,2,2,2
O=C(/C=C/c1cccc(F)c1)NC1CC1,0,0,9,205.23,2.12,29.1,1,1,3,1
O=C1C[N+]([O-])=C(c2ccccc2)c2cc(Cl)ccc2N1,0,0,10,286.72,2.64,55.17,1,2,1,2
CN1C(=O)CC(=O)N(c2ccccc2)c2cc(Cl)ccc21,0,0,9,300.75,3.37,40.62,0,2,1,2
CN(C)C(=O)C1(N2CCCCC2)CCN(CCC2(c3ccc(Cl)c(Cl)c3)CN(C(=O)c3ccccc3)CCO2)CC1,0,0,2,601.62,5.16,56.33,0,5,7,2
c1ccc2c(c1)c1cccc3ccc4cccc2c4c31,1,6,12,252.32,5.74,0.0,0,0,0,5
C/C=C(/CC[C@@H](C)[C@H]1CC[C@H]2C3=CC[C@H]4[C@H](C)[C@@H](O)CC[C@]4(C)[C@H]3CC[C@]12C)C(C)C,0,0,10,426.73,8.19,20.23,1,1,5,0
CCC[C@@]1(CCc2ccccc2)CC(O)=C([C@H](CC)c2cccc(NS(=O)(=O)c3ccc(C(F)(F)F)cn3)c2)C(=O)O1,1,1,9,602.68,7.33,105.59,2,6,11,3
CCCN1CCC[C@@H]2Cc3n[nH]cc3C[C@H]21,1,1,12,219.33,2.0,31.92,1,2,2,1
CC(=O)SC[C@@H](Cc1ccccc1)C(=O)NCC(=O)OCc1ccccc1,0,0,12,385.49,2.98,72.47,1,5,9,2
COc1cc2nc(N(C)CCCNC(=O)C3CCCO3)nc(N)c2cc1OC,1,1,11,389.46,1.35,111.83,2,8,8,2
Cc1cc(C2CC2)nc(Nc2ccccc2)n1,1,2,8,225.3,3.41,37.81,1,3,3,2
CC1(C)CON(Cc2ccccc2Cl)C1=O,1,1,11,239.7,2.64,29.54,0,2,2,1
O=C1NCC2(CCN(CCc3ccccc3)CC2)O1,1,1,12,260.34,1.8,41.57,1,3,3,1
O=C1C[C@@H]2OCC=C3CN4CC[C@]56c7ccccc7N1[C@H]5[C@H]2[C@H]3C[C@H]46.O=C1C[C@@H]2OCC=C3CN4CC[C@]56c7ccccc7N1[C@H]5[C@H]2[C@H]3C[C@H]46,0,0,11,668.84,4.19,65.56,0,6,0,2
CC(=O)OC[C@H]1O[C@@H](n2ncc(=O)[nH]c2=O)[C@H](OC(C)=O)[C@@H]1OC(C)=O,0,0,2,371.3,-1.74,155.88,1,10,5,1
CCOc1c(N2CCOCC2)cnn(C)c1=O,0,0,2,239.27,0.02,56.59,0,5,3,1
COc1ccc(CC2c3cc(OC)c(OC)cc3CC[N+]2(C)CCC(=O)OCCCCCOC(=O)CC[N+]2(C)CCc3cc(OC)c(OC)cc3C2Cc2ccc(OC)c(OC)c2)cc1OC.O=S(=O)([O-])c1ccccc1.O=S(=O)([O-])c1ccccc1,1,1,7,1243.5,9.25,240.84,0,18,26,6
c1cc(C(c2ccc(OCC3CO3)cc2)c2ccc(OCC3CO3)cc2)ccc1OCC1CO1,1,2,6,460.53,4.2,65.28,0,6,12,3
CC1=CCCC(C)(C)C12CCC(C)O2,0,0,11,194.32,3.69,9.23,0,1,0,0
C=C(C)[C@@H]1CCC2=CC(=O)C[C@@H](C)[C@]2(C)C1,1,1,12,218.34,3.9,17.07,0,1,1,0
C=C(C)[C@@H]1CCC2=CCC[C@@H](C)[C@]2(C)C1,1,2,10,204.36,4.73,0.0,0,0,1,0
O=C1CN=C(c2ccccc2)c2cc(Cl)ccc2N1CC1CC1,1,3,11,324.81,3.93,32.67,0,2,3,2
Cn1cc(C2=C(c3cn(C4CCN(Cc5ccccn5)CC4)c4ccccc34)C(=O)NC2=O)c2ccccc21,0,0,10,515.62,4.93,72.16,1,4,5,5
C1=CCCC=CCCC=CCC1,0,0,12,162.28,4.01,0.0,0,0,0,0
c1ccc2sc(SN(C3CCCCC3)C3CCCCC3)nc2c1,1,2,11,346.57,6.27,16.13,0,4,4,2
C=CCN1CCc2nc(N)sc2CC1,0,0,12,209.32,1.31,42.15,1,4,2,1
COC1=CC=C2[C@H]3Cc4ccc(OC)c5c4[C@@]2(CCN3C)[C@H]1O5,0,0,10,311.38,2.42,30.93,0,4,2,1
O=c1[nH]c2cc(C(F)(F)F)c(N3CCOCC3)cc2n(CP(=O)(O)O)c1=O,0,0,12,409.26,0.68,124.86,3,5,3,2
CN1C(=O)[C@@H](NC(=O)c2cc3ccccc3[nH]2)N=C(c2ccccc2)c2ccccc21,1,5,8,408.46,3.74,77.56,2,3,3,4
CC1(CN2CCC(n3c(=O)[nH]c4ccccc43)CC2)OCc2ccccc2-n2cccc21,1,1,7,428.54,4.2,55.19,1,3,3,4
c1cc2c(c(N3CCNCC3)c1)OCCO2,0,0,12,220.27,0.87,33.73,1,4,1,1
CC1(C)S[C@@H]2[C@H](N)C(=O)N2[C@H]1C(=O)O,0,0,9,216.26,-0.54,83.63,2,4,1,0
COC(=O)[C@@H]1CC2=CC(=O)CC[C@]2(C)[C@@]23O[C@@H]2C[C@@]2(C)[C@@H](CC[C@@]24CCC(=O)O4)[C@H]13,0,0,10,414.5,3.12,82.2,0,6,1,0
C1CNCCN1.C[C@]12CC[C@@H]3c4ccc(OS(=O)(=O)O)cc4CC[C@H]3[C@@H]1CCC2=O,1,2,10,436.57,2.47,104.73,3,6,2,1
C=C(C)C(=O)OCCOC1CC2CC1C1C=CCC21,0,0,12,262.35,2.72,35.53,0,3,5,0
O=C1c2c(O)cccc2[C@H]([C@@H]2O[C@H](CO)[C@@H](O)[C@H](O)[C@H]2O)c2cc(CO)cc(O)c21,1,2,10,418.4,-0.89,167.91,7,9,3,2
CC(=O)N[C@H]1[C@@H](OC2C(C(=O)[O-])O[C@@H](OC3[C@H]4CO[C@H](O4)[C@H](NS(=O)(=O)[O-])[C@H]3O)[C@H](O)[C@H]2O)O[C@H](CO)[C@@H](O[C@@H]2CC(C(=O)[O-])[C@@H](O[C@H]3O[C@H](COS(=O)(=O)O)[C@@H](O[C@@H]4OC(C(=O)[O-])=C[C@H](O)[C@H]4O)[C@H](O)[C@H]3NC(C)=O)[C@H](O)[C@H]2O)[C@@H]1C,0,0,10,1230.05,-14.52,595.02,13,34,21,0
CC(C)Cn1cnc2c(N)nc3ccccc3c21,1,1,10,240.31,2.82,56.73,1,3,2,3
CC#CCC(C)[C@H](O)/C=C/C1[C@H](O)C[C@@H]2C/C(=C\CCCC(=O)O)C[C@H]12,1,1,10,360.49,3.54,77.76,3,3,8,0
O=[PH]1Oc2ccccc2-c2ccccc21,0,0,11,216.18,2.85,26.3,0,2,0,2
O=C1CCCCCCCCCCC(=O)OCCO1,0,0,10,256.34,2.99,52.6,0,4,0,0
O=C1C(O)=C([C@H]2CC[C@H](c3ccc(Cl)cc3)CC2)C(=O)c2ccccc21,1,3,10,366.84,5.51,54.37,1,3,2,2
c1cc(-c2ccncc2)ccn1,0,0,12,156.19,2.14,25.78,0,2,1,2
O=C1CCC(N2C(=O)c3ccccc3C2=O)C(=O)N1,0,0,12,258.23,0.09,83.55,1,4,1,1
COc1cc(C[C@@H]2NCCc3cc(O)c(O)cc32)cc(OC)c1OC,0,0,9,345.4,2.55,80.18,3,6,5,2
O=C(Cn1c(=O)sc2ccc(Cl)cc21)N1CCN(CCO)CC1,0,0,10,355.85,0.85,65.78,1,5,4,2
CN(CC(=O)N1CCOCC1)Cc1c(Cl)cccc1NC(=O)c1ccccc1,1,1,9,401.89,2.88,61.88,1,4,6,2
O=C(Nc1ccc(/C=C/c2ccc(NC(=O)c3cc(S(=O)(=O)O)c4cccnc4c3O)cc2S(=O)(=O)O)c(S(=O)(=O)O)c1)c1cc(S(=O)(=O)O)c2cccnc2c1O,0,0,9,872.85,3.86,341.92,8,14,10,6
CC[C@H](C)[C@H]1O[C@]2(C=C[C@@H]1C)C[C@@H]1C[C@@H](CC=C(C)[C@@H](O[C@H]3C[C@H](OC)[C@@H](O[C@H]4C[C@H](OC)[C@@H]([NH2+]C)[C@H](C)O4)[C@H](C)O3)[C@@H](C)C=CC=C3CO[C@@H]4[C@H](O)C(C)=C[C@@H](C(=O)O1)[C@]34O)O2.O=C([O-])c1ccccc1,1,1,3,1008.26,4.63,206.57,3,15,10,1
CCOP(=S)(OCC)Oc1cc(-c2ccccc2)on1,1,2,11,313.31,4.02,53.72,0,6,7,2
CC1(C)[C@H](/C=C2\CCSC2=O)[C@@H]1C(=O)OCc1coc(Cc2ccccc2)c1,1,1,8,396.51,4.78,56.51,0,5,6,2
CO/N=C(\C(=O)N[C@@H]1C(=O)N2C(C(=O)[O-])=C(C[n+]3ccc(N)n3CCO)CS[C@H]12)c1csc(N)n1,0,0,9,522.57,-3.16,205.1,4,12,9,2
C[C@@H](NCCCc1cccc(C(F)(F)F)c1)c1cccc2ccccc12,0,0,2,357.42,6.14,12.03,1,1,6,3
O=c1cc(O)c(Cl)c[nH]1,0,0,2,145.55,0.73,53.09,2,2,0,1
C#CCOS(=O)OC1CCCCC1Oc1ccc(C(C)(C)C)cc1,1,2,7,350.48,3.92,44.76,0,4,6,1
CN(C)c1ccc(C(=C2C=CC(=[N+](C)C)C=C2)c2ccccc2)cc1.CN(C)c1ccc(C(=C2C=CC(=[N+](C)C)C=C2)c2ccccc2)cc1,1,3,6,658.93,8.79,12.5,0,2,6,4
O=[N+]([O-])c1ccc(O/N=C/c2cc(Br)c(O)c(Br)c2)c([N+](=O)[O-])c1,1,2,6,461.02,4.15,128.1,1,7,5,2
CN1CCCC(CN2c3ccccc3Sc3ccccc32)C1,0,0,6,310.47,4.63,6.48,0,3,2,2
COc1nccnc1NS(=O)(=O)c1ccc(N)cc1,0,0,12,280.31,0.87,107.2,2,6,4,2
O=C1c2ccccc2CN2C(=O)c3ccccc3CN12,0,0,10,264.28,2.21,40.62,0,2,0,2
C[C@H]1CC[C@@H]2[C@@H](C)[C@H]3[C@H](C[C@H]4[C@@H]5CC=C6CC(O[C@@H]7O[C@H](CO)[C@H](O)[C@H](O[C@@H]8O[C@H](CO)[C@@H](O)[C@H](O)[C@H]8O)[C@H]7O[C@H]7O[C@@H](C)[C@H](O)[C@@H](O)[C@H]7O)CC[C@]6(C)[C@H]5CC[C@]34C)N2C1,0,0,6,868.07,0.16,240.69,9,16,8,0
O=C1C=CC(=O)N1,1,1,7,97.07,-0.8,46.17,1,2,0,0
CC[N+]1(CCOC(=O)C(O)(c2ccccc2)c2ccccc2)CCCCC1,1,3,9,368.5,3.49,46.53,1,3,7,2
CCN(C(C)=O)c1cccc(-c2ccnc3c(C#N)cnn23)c1,0,0,11,305.34,2.64,74.29,0,4,3,3
CN(CCO)CC(O)Cn1cnc2c1c(=O)n(C)c(=O)n2C.O=C(O)c1cccnc1,0,0,10,434.45,-1.5,155.71,3,8,7,3
COc1cc(C(=O)NS(=O)(=O)c2ccccc2C)ccc1Cc1cn(C)c2ccc(NC(=O)OC3CCCC3)cc12,1,4,11,575.69,5.7,115.73,2,6,8,4
COc1cc(/C=C/c2ccccc2)oc(=O)c1,1,2,7,228.25,2.82,39.44,0,3,3,2
CCOc1ccc2ccccc2c1C(=O)N[C@@H]1C(=O)N2[C@@H]1SC(C)(C)[C@@H]2C(=O)[O-],1,1,11,413.48,1.15,98.77,1,6,5,2
CC[C@@]1([C@@H]2O[C@@H]([C@H]3O[C@@](O)(CO)[C@H](C)C[C@@H]3C)C[C@@H]2C)CC[C@H]([C@]2(C)CC[C@]3(C[C@H](O)[C@@H](C)[C@@H]([C@@H](C)[C@@H](OC)[C@H](C)C(=O)[O-])O3)O2)O1,0,0,8,669.87,2.94,156.2,3,11,10,0
CC(=O)OCC1=C(C(=O)[O-])N2C(=O)[C@@H](NC(=O)CSc3ccncc3)[C@H]2SC1,0,0,11,422.46,-0.86,128.73,1,9,7,1
Cc1cc(=O)[nH]o1,0,0,12,99.09,0.28,46.0,1,2,0,1
c1ccc2c(c1)ccc1c3ccccc3ccc21,1,2,10,228.29,5.15,0.0,0,0,0,4
C[C@@H]1C(=O)N=C2Nc3cccc(Cl)c3CN21,0,0,10,235.67,1.85,44.7,1,3,0,1
CCCN1CCC[C@@H](c2cccc(O)c2)C1,0,0,10,219.33,2.98,23.47,1,2,3,1
O=C(O)c1ccc2ccccc2c1O.OCc1cc(C(O)CNCCCCCCOCCCCc2ccccc2)ccc1O,1,1,8,603.76,6.35,139.48,6,7,17,4
CCN(CC)C(=O)C1CN2CCc3cc(OC)c(OC)cc3C2CC1OC(C)=O,0,0,2,404.51,2.42,68.31,0,6,6,1
NS(=O)(=O)c1cc2c(cc1Cl)N=C(CSCc1ccccc1)NS2(=O)=O,0,0,12,431.95,2.24,118.69,2,6,5,2
O=C1[C@H](CC[C@H](O)c2ccc(F)cc2)[C@@H](c2ccc(O)cc2)N1c1ccc(F)cc1,1,1,10,409.43,4.89,60.77,2,3,6,3
CC(C)(C)NC(=O)[C@@H]1CN(Cc2cccnc2)CCN1C[C@@H](O)C[C@@H](Cc1ccccc1)C(=O)N[C@H]1c2ccccc2C[C@H]1O,0,0,9,613.8,2.87,118.03,4,7,11,3
CC(C)(C)c1cc(CCC(=O)OCC(COC(=O)CCc2cc(C(C)(C)C)c(O)c(C(C)(C)C)c2)(COC(=O)CCc2cc(C(C)(C)C)c(O)c(C(C)(C)C)c2)COC(=O)CCc2cc(C(C)(C)C)c(O)c(C(C)(C)C)c2)cc(C(C)(C)C)c1O,1,2,10,1177.65,15.88,186.12,4,12,20,4
CCC(C)(CC)c1cc(NC(=O)c2c(OC)cccc2OC)on1,1,3,11,332.4,4.02,73.59,1,5,7,2
CC1(C)S[C@@H]2[C@H](NC(=O)[C@H](N)c3ccccc3)C(=O)N2[C@H]1C(=O)OCOC(=O)[C@@H]1N2C(=O)C[C@H]2S(=O)(=O)C1(C)C,0,0,7,594.67,-0.59,182.48,2,11,7,1
CN1CCC(Nc2ncc3ncnc(Nc4ccc(F)c(Cl)c4)c3n2)CC1,1,7,9,387.85,3.46,78.86,2,7,4,3
COc1cc2c(cc1OC)C(C(C(=O)N(CCc1ccc(OC)c(OC)c1OC)CCc1ccc(OC)c(OC)c1OC)c1ccccc1)=NCC2,0,0,9,712.84,6.2,106.51,0,10,17,4
Nc1nnc(-c2cccc(Cl)c2Cl)c(N)n1,0,0,10,256.1,2.01,90.71,2,5,1,2
CNc1c2c(nn1C)CCCC2,0,0,12,165.24,1.34,29.85,1,2,1,1
c1ccc(CNCCNCc2ccccc2)cc1,0,0,2,240.35,2.57,24.06,2,2,7,2
C1COC1,0,0,8,58.08,0.41,9.23,0,1,0,0
O=C(Nc1ccc(F)cc1F)c1cccnc1Oc1cccc(C(F)(F)F)c1,1,2,12,394.3,5.42,51.22,1,3,4,3
CC1=C(C(=O)O)N2C(=O)[C@@H](NC(=O)[C@H](N)C3=CCC=CC3)[C@H]2SC1,0,0,12,349.41,0.35,112.73,3,5,4,0
CN(C/C=C/c1ccccc1)Cc1cccc2ccccc12,0,0,12,287.41,4.99,3.24,0,1,5,3
COc1cc2nc(N3CCN(C(=O)C4CCCO4)CC3)nc(N)c2cc1OC,0,0,11,387.44,1.06,103.04,1,8,4,2
Clc1ccc(CSC(Cn2ccnc2)c2ccc(Cl)cc2Cl)cc1,1,2,9,397.76,6.52,17.82,0,2,6,3
CC(C)N1CCN(c2ccc(OC[C@H]3CO[C@](Cn4cncn4)(c4ccc(Cl)cc4Cl)O3)cc2)CC1,1,1,8,532.47,4.46,64.88,0,7,8,3
CC1=CC(=O)CC(C)(C)C1=O,0,0,12,152.19,1.5,34.14,0,2,0,0
NC1=NC(=O)C(c2ccccc2)O1,0,0,12,176.17,0.6,64.68,1,3,1,1
Fc1ccc([C@@H]2CCNC[C@H]2COc2ccc3c(c2)OCO3)cc1,0,0,5,329.37,3.33,39.72,1,4,4,2
CC1=CCC(=C(C)C)CC1,1,1,12,136.24,3.45,0.0,0,0,0,0
CO/N=C1\CN(c2nc3c(cc2F)c(=O)c(C(=O)O)cn3C2CC2)CC1CN,0,0,10,389.39,0.97,123.04,2,7,5,2
Clc1ccc(CO/N=C(\Cn2ccnc2)c2ccc(Cl)cc2Cl)c(Cl)c1,1,3,10,429.13,6.12,39.41,0,3,6,3
O=C1C=C2C=C[C@@H]3C[C@@]2(O1)[C@H]1CCCCN31,1,1,5,217.27,1.41,29.54,0,3,0,0
CN1CCCC(n2nc(Cc3ccc(Cl)cc3)c3ccccc3c2=O)CC1,0,0,11,381.91,4.3,38.13,0,3,3,3
COc1cc(OC)nc(NC(=O)[N-]S(=O)(=O)c2ncccc2OCC(F)(F)F)n1,0,0,10,436.35,2.12,143.7,1,9,7,2
O=C(O)c1ccc(OCCn2ccnc2)cc1,0,0,10,232.24,1.66,64.35,1,3,5,2
c1ccc(-c2ccc(C(c3ccccc3)n3ccnc3)cc2)cc1,1,3,8,310.4,5.19,17.82,0,1,4,4
CC(=O)O[C@H]1CC[C@@]2(C)C(=CC[C@@H]3[C@@H]2CC[C@]2(C)C(c4cccnc4)=CC[C@@H]32)C1,1,2,10,391.56,5.97,39.19,0,3,2,1
Cn1cc(NC(=O)c2cc(NC(=O)c3cc(NC=O)cn3C)cn2C)cc1C(=O)NCCC(=N)N,0,0,9,481.52,0.83,181.06,6,5,10,3
CN1CCCN(C(c2ccccc2)c2ccc(Cl)cc2)CC1,1,1,9,314.86,4.07,6.48,0,2,3,2
Cc1coc2c1CCC(C)C2,0,0,7,150.22,2.71,13.14,0,1,0,1
COc1cc2c(cc1O)CCN[C@]21CS[C@@H]2c3c(OC(C)=O)c(C)c4c(c3[C@H](COC1=O)N1[C@@H]2[C@H]2c3c(cc(C)c(OC)c3O)C[C@@H]([C@@H]1O)N2C)OCO4,1,1,4,761.85,3.41,168.72,4,15,3,3
O=C(CCOCCOCCOCCOCCC(=O)Nc1c(I)cc(I)c(C(=O)O)c1I)Nc1c(I)cc(I)c(C(=O)O)c1I,0,0,2,1287.92,6.13,169.72,4,8,19,2
CC1NCCOC1c1ccccc1,0,0,12,177.25,1.74,21.26,1,2,1,1
O=C(O)CCC(=O)O.c1ccc(C2(c3ccccc3)CC2C2=NCCN2)cc1,1,1,9,380.44,2.93,98.99,3,4,6,2
O[C@@H](c1cc(C(F)(F)F)nc2c(C(F)(F)F)cccc12)[C@H]1CCCCN1,1,1,3,378.32,4.45,45.15,2,3,2,2
COc1cc(NCc2ccc3nc(N)nc(N)c3c2C)cc(OC)c1OC,1,1,2,369.43,2.74,117.54,3,8,6,3
O=C(C=Cc1ccccc1)OCc1ccccc1,1,2,12,238.29,3.44,26.3,0,2,4,2
CN1C(=O)CC[C@H]1c1cccnc1,0,0,12,176.22,1.37,33.2,0,2,1,1
CC12CCC(C[N+](C)(CCC[N+](C)(C)C)C1)C2(C)C.COS(=O)(=O)[O-].COS(=O)(=O)[O-],0,0,10,490.69,1.17,132.86,0,8,6,0
O=C1C(=O)c2ncccc2-c2cccnc21,1,3,7,210.19,1.52,59.92,0,4,0,2
Nc1ccc(S(=O)(=O)NCc2ccccc2)cc1,0,0,12,262.33,1.75,72.19,2,3,4,2
Cc1ccc(S(=O)(=O)NC(=O)N[C@@H](C)Cc2ccccc2)cc1,0,0,9,332.43,2.61,75.27,2,3,5,2
CCCCS(=O)(=O)N[C@@H](Cc1ccc(OCCCCC2CCNCC2)cc1)C(=O)O,0,0,12,440.61,2.95,104.73,3,5,14,1
CCN(CC)Cc1nccn1-c1ccc([N+](=O)[O-])cc1C(=O)c1ccccc1Cl,1,1,11,412.88,4.51,81.27,0,5,8,3
CCCCC(F)(F)[C@@]1(O)CC[C@H]2[C@@H](CC(=O)[C@@H]2CCCCCCC(=O)O)O1,0,0,7,390.47,4.31,83.83,2,4,11,0
CC1(C(=O)Nc2ccc(O)c(Cl)c2Cl)CCCCC1,1,4,12,302.2,4.61,49.33,2,2,2,1
CN1[C@@H]2CC[C@H]1C[C@@H](OC1c3ccccc3CCc3ccccc31)C2.O=C(O)CC(O)(CC(=O)O)C(=O)O,0,0,9,525.6,3.27,144.6,4,6,7,2
CCN(CC)CCc1nc(-c2ccccc2)no1.O=C(O)CC(O)(CC(=O)O)C(=O)O,1,1,12,437.45,1.37,174.29,4,8,11,2
N#Cc1c[nH]cc1-c1cccc2c1OC(F)(F)O2,1,4,10,248.19,2.87,58.04,1,3,1,2
CC(=O)O[C@H]1C[C@@]2(C)[C@@H](C[C@@H](O)[C@H]3[C@@]4(C)CC[C@@H](O)[C@@H](C)[C@@H]4CC[C@@]32C)/C1=C(\CCC=C(C)C)C(=O)[O-],0,0,9,515.71,4.33,106.89,2,6,5,0
COc1c(O)cc2c(c1O)[C@@H]1O[C@H](CO)[C@@H](O)[C@H](O)[C@H]1OC2=O,0,0,10,328.27,-1.2,145.91,5,9,2,1
Cc1ncc(CSSCc2cnc(C)c(O)c2CO)c(CO)c1O,0,0,2,368.48,2.57,106.7,4,8,7,2
CC(C)c1c(C(=O)Nc2ccccc2)c(-c2ccccc2)c(-c2ccc(F)cc2)n1CC[C@@H](O)C[C@@H](O)CC(=O)O,1,1,8,558.65,6.31,111.79,4,4,12,4
CC(C)NCC(O)COc1ccc(CCOCC2CC2)cc1,0,0,12,307.43,2.39,50.72,2,4,11,1
C[C@](O)(CS(=O)(=O)c1ccc(F)cc1)C(=O)Nc1ccc(C#N)c(C(F)(F)F)c1,1,2,11,430.38,2.88,107.26,2,5,5,2
O=C(O)CCCC[C@@H]1SC[C@@H]2NC(=O)N[C@@H]21,0,0,12,244.32,0.8,78.43,3,3,5,0
Cc1nc[nH]c1CN1CCc2c(c3ccccc3n2C)C1=O,0,0,11,294.36,2.41,53.92,1,2,2,3
OCCOCCN1CCN(C2=Nc3ccccc3Sc3ccccc32)CC1.OCCOCCN1CCN(C2=Nc3ccccc3Sc3ccccc32)CC1,1,1,9,767.03,5.71,96.6,2,12,10,4
CCc1ccc(CCOc2ccc(CC3SC(=O)NC3=O)cc2)nc1,1,3,11,356.45,3.16,68.29,1,5,7,2
COCC(=O)O[C@]1(CCN(C)CCCc2nc3ccccc3[nH]2)CCc2cc(F)ccc2[C@@H]1C(C)C,0,0,2,495.64,5.27,67.45,1,5,11,3
Nc1c(CC(=O)[O-])cccc1C(=O)c1ccc(Br)cc1.Nc1c(CC(=O)[O-])cccc1C(=O)c1ccc(Br)cc1,1,1,11,666.32,3.11,166.44,2,8,8,4
COc1cc(C(C)=O)ccc1OCCCN1CCC(c2noc3cc(F)ccc23)CC1,0,0,9,426.49,4.83,64.8,0,6,8,3
CN1[C@@H]2CCC[C@H]1C[C@@H](NC(=O)c1nn(C)c3ccccc13)C2,0,0,10,312.42,2.32,50.16,1,3,2,2
O=S1(=O)OCC2C(CO1)C1(Cl)C(Cl)=C(Cl)C2(Cl)C1(Cl)Cl,1,1,9,422.93,3.36,52.6,0,4,0,0
CCCCCc1cc(O)c2c(c1)OC(C)(C)[C@@H]1CCC(C)=C[C@@H]21,1,3,8,314.47,5.74,29.46,1,2,4,1
CCC1OC(=O)C[C@@H](O)[C@H](C)[C@@H](O[C@@H]2O[C@H](C)C[C@H](N(C)C)[C@H]2O)[C@@H](CC=O)C[C@@H](C)C(=O)C=C[C@]2(C)OC2C1C,1,1,7,581.75,2.67,135.13,2,10,6,0
O=C(C=Cc1ccc(O)c(O)c1)O[C@@H]1C[C@@](OC(=O)C=Cc2ccc(O)c(O)c2)(C(=O)O)C[C@@H](O)[C@@H]1O,0,0,11,516.46,1.03,211.28,7,11,7,2
Cc1ccc(Nc2nccc(N(C)c3ccc4c(C)n(C)nc4c3)n2)cc1S(N)(=O)=O,1,1,5,437.53,3.14,119.03,2,7,5,4
C1CCC(C(CC2CCCCN2)C2CCCCC2)CC1,1,1,2,277.5,5.3,12.03,1,1,4,0
O=c1[nH]c(=O)c2ccccc2o1,0,0,12,163.13,0.48,63.07,1,3,0,2
C=CC1=C(C)c2cc3[nH]c(cc4nc(cc5[nH]c(cc1n2)c(C)c5CCC(=O)[O-])C(CCC(=O)[O-])=C4C)c(C)c3C=C,1,3,12,560.65,4.83,137.62,2,6,8,3
Nc1ccc(N=Nc2ccccc2)c(N)n1,1,7,11,213.24,2.66,89.65,2,5,2,2
CC(=C(CCOP(=O)(O)O)SC(=O)c1ccccc1)N(C=O)Cc1cnc(C)nc1N,0,0,2,466.46,2.63,155.94,3,8,10,2
O=C1c2ccccc2C(=O)N1SC1CCCCC1,1,2,8,261.35,3.26,37.38,0,3,2,1
C[C@H]1CCC[C@H](O)CCCCCc2cc(O)cc(O)c2C(=O)O1,1,4,8,322.4,3.29,86.99,3,5,0,1
ClC1=C(Cl)C1(Cl)Cl,0,0,12,177.84,2.86,0.0,0,0,0,0
O=C(CCN1CC1)OCC(CO)(COC(=O)CCN1CC1)COC(=O)CCN1CC1,0,0,12,427.5,-1.29,108.16,1,10,16,0
CC(O)[C@@H]1NC(=O)[C@H](CCCCN)NC(=O)[C@@H](Cc2c[nH]c3ccccc23)NC(=O)[C@H](Cc2ccccc2)NC(=O)[C@@H](NC(=O)[C@H](N)Cc2ccccc2)CSSC[C@@H](C(=O)N[C@H](CO)[C@@H](C)O)NC1=O,0,0,9,1019.26,-0.81,332.22,13,14,17,4
CC(C)CC(N(C)C)C1(c2ccc(Cl)cc2)CCC1,0,0,12,279.86,4.74,3.24,0,1,5,1
CCCc1nc(C(C)(C)O)c(C(=O)OCc2oc(=O)oc2C)n1Cc1ccc(-c2ccccc2-c2nn[nH]n2)cc1,0,0,8,558.6,4.17,162.16,2,10,10,5
CCOC(=O)[C@H](CCc1ccccc1)N[C@H]1CCc2ccccc2N(CC(=O)O)C1=O,1,1,1,424.5,2.57,95.94,2,5,9,2
COc1c(N2C[C@@H]3CCCN[C@@H]3C2)c(F)cc2c(=O)c(C(=O)O)cn(C3CC3)c12,0,0,12,401.44,2.37,83.8,2,5,4,2
CN(C)CCN1C(=O)c2ccccc2N(C)c2ccccc21,0,0,12,295.39,2.98,26.79,0,3,3,2
C[C@H]1C(=O)O[C@@H]2CCN3CC=C(COC(=O)[C@](C)(O)[C@]1(C)O)[C@H]23,0,0,12,325.36,-0.39,96.3,2,7,0,0
CO[C@H]1C=CO[C@@]2(C)Oc3c(C)c(O)c4c(O)c(cc([O-])c4c3C2=O)NC(=O)C(C)=CC=C[C@H](C)[C@H](O)[C@@H](C)[C@@H](O)[C@@H](C)[C@H](OC(C)=O)[C@@H]1C,1,1,9,696.77,4.12,204.14,5,12,2,2
O=S(=O)(c1cccc2cnccc12)N1CCCNCC1,1,1,9,291.38,1.22,62.3,1,4,2,2
c1ccc2c(c1)CCNC2,0,0,11,133.19,1.33,12.03,1,1,0,1
Cc1c(N)nc([C@H](CC(N)=O)NC[C@H](N)C(N)=O)nc1C(=O)N[C@H](C(=O)N[C@H](C)[C@@H](O)[C@H](C)C(=O)N[C@H](C(=O)NCCc1nc(-c2nc(C(=O)NCCCCNC(=N)N)cs2)cs1)[C@@H](C)O)[C@@H](O[C@@H]1O[C@@H](CO)[C@@H](O)[C@H](O)[C@@H]1O[C@H]1O[C@H](CO)[C@@H](O)[C@H](OC(N)=O)[C@@H]1O)c1cnc[nH]1,1,2,7,1425.53,-8.71,688.97,23,32,36,4
COc1ccc2c3c1O[C@H]1C(=O)CC[C@H]4[C@@H](C2)N(C)CC[C@]314.COc1ccc2c3c1O[C@H]1C(=O)CC[C@H]4[C@@H](C2)N(C)CC[C@]314,0,0,10,598.74,3.87,77.54,0,8,2,2
CC1(C)CC(OC(=O)CCCCCCCCC(=O)OC2CC(C)(C)NC(C)(C)C2)CC(C)(C)N1,0,0,11,480.73,5.81,76.66,2,6,11,0
CC(C)C(=O)OCc1cccc(OC(=O)[C@@H]2N3C(=O)[C@@H](NC(=O)Cc4ccccc4)[C@H]3SC2(C)C)c1,0,0,2,510.61,3.08,102.01,1,7,8,2
CC(C)(Oc1ccc(Cl)cc1)C(=O)OCCCOC(=O)C(C)(C)Oc1ccc(Cl)cc1,0,0,2,469.36,5.48,71.06,0,6,10,2
O=S1(=O)c2cccc3cccc(c23)N1CCCN1CCN(c2ccc(F)cc2)CC1,1,1,9,425.53,3.7,43.86,0,4,5,3
Cc1oc(-c2ccccc2)nc1CCC(=O)c1ccc(CC2SC(=O)NC2=O)cc1,1,1,2,420.49,4.36,89.27,1,6,7,3
CC1CCCCN1CCCOC(=O)c1ccc(OC2CCCCC2)cc1,0,0,2,359.51,4.82,38.77,0,4,7,1
Cc1cc(CCCOc2c(C)cc(-c3noc(C(F)(F)F)n3)cc2C)on1,0,0,2,381.35,4.68,74.18,0,6,6,3
O=C1OC(OC(=O)c2cccnc2Nc2cccc(C(F)(F)F)c2)c2ccccc21,1,1,10,414.34,4.87,77.52,1,6,4,3
CC(=O)C1(C)CC2=C(CCCC2(C)C)CC1C,1,1,12,234.38,4.52,17.07,0,1,1,0
CC(C)CCC[C@@H](C)[C@H]1CC(=O)C2=C3CC[C@H]4C[C@@H](O)CC[C@]4(C)[C@H]3CC[C@@]21C,0,0,10,400.65,6.71,37.3,1,2,5,0
N#C[C@@H]1CC(F)(F)CN1C(=O)CNC1CC2CCC(C1)N2c1ncccn1,0,0,10,376.41,1.33,85.15,1,6,4,1
CN(C)C(=O)NC1(c2ccccc2)CCN(CCC[C@@]2(c3ccc(Cl)c(Cl)c3)CCCN(C(=O)c3ccccc3)C2)CC1,0,0,9,621.65,7.21,55.89,1,3,8,3
CSc1nnc(C(C)(C)C)c(=O)n1N,0,0,12,214.29,0.37,73.8,1,5,1,1
C=C1/C(=C\C=C2/CCC[C@]3(C)[C@@H]([C@H](C)/C=C/[C@@H](O)C4CC4)CC[C@@H]23)C[C@@H](O)C[C@@H]1O,1,3,9,412.61,5.09,60.69,3,3,5,0
CCC1(c2ccccc2)C(=O)NC(=O)N(C(=O)c2ccccc2)C1=O,1,1,10,336.35,2.25,83.55,1,4,3,2
C[C@@H](CSC(=O)c1ccccc1)C(=O)N1C[C@@H](Sc2ccccc2)C[C@H]1C(=O)O,0,0,12,429.56,4.04,74.68,1,5,7,2
Cc1c(C)n(Cc2ccccc2)c2ccc(C(=O)OCCN(C)C)cc12,1,1,10,350.46,4.02,34.47,0,3,6,3
CC1=C(/C=C/C(C)=C/C=C\C(C)=C\C(=O)Nc2ccc(O)cc2)C(C)(C)CCC1,1,1,5,391.56,6.86,49.33,2,2,6,1
Cc1ccc(/N=C/N(C)/C=N/c2ccc(C)cc2C)c(C)c1,1,2,11,293.41,4.87,27.96,0,2,4,2
C[Si]1(C)O[Si](C)(C)O[Si](C)(C)O1,0,0,12,222.46,2.16,27.69,0,3,0,0
C[Si]1(C)O[Si](C)(C)O[Si](C)(C)O[Si](C)(C)O[Si](C)(C)O1,0,0,12,370.78,3.59,46.15,0,5,0,0
COc1ccc(CCC(=O)c2c(O)cc(O[C@@H]3O[C@H](CO)[C@@H](O)[C@H](O)[C@H]3O[C@@H]3O[C@@H](C)[C@H](O)[C@@H](O)[C@H]3O)cc2O)cc1O,0,0,12,612.58,-1.34,245.29,9,15,10,2
CCC1(c2ccccc2)C(=O)N=C([O-])NC1=O,0,0,12,231.23,-0.29,81.59,1,3,2,1
c1ccc(-c2cccc(-c3ccccc3)c2)cc1,1,4,11,230.31,5.02,0.0,0,0,2,3
O=C1OC(=O)c2cc(-c3ccc4c(c3)C(=O)OC4=O)ccc21,1,1,11,294.22,1.97,86.74,0,6,1,2
O=C(N=NC(=O)OCc1ccccc1)OCc1ccccc1,1,1,9,298.3,4.11,77.32,0,4,4,2
ClCc1ccccc1.O=C1C[C@@H]2OCC=C3CN4CC[C@]56c7ccccc7N1[C@H]5[C@H]2[C@H]3C[C@H]46,0,0,10,461.01,4.52,32.78,0,3,1,2
Cc1cc(C)c(NC(=O)C[C@H](CC(=O)[O-])c2cccc3ccccc23)c(C(=O)N2CCC3(CCCC3)CC2)c1,1,1,8,525.67,5.51,89.54,1,4,7,3
CC(CNC1CCCCC1)OC(=O)c1ccccc1,0,0,11,261.37,3.15,38.33,1,3,5,1
CC1CCC2CC1C2(C)C,1,1,12,138.25,3.08,0.0,0,0,0,0
C1CN(SSN2CCOCC2)CCO1,1,1,10,236.36,0.86,24.94,0,6,3,0
COC(=O)C1CC(=O)C(C(=O)OC)CC1=O,0,0,11,228.2,-0.5,86.74,0,6,2,0
CNCCCC12CCC(c3ccccc31)c1ccccc12,0,0,9,277.41,4.21,12.03,1,1,4,2
C[C@]12C=CC(=O)C=C1CC[C@@H]1[C@@H]2CC[C@]2(C)OC(=O)CC[C@@H]12,1,3,9,300.4,3.59,43.37,0,3,0,0
CC1(C)COP(Oc2ccccc2)OC1,0,0,11,226.21,3.37,27.69,0,3,2,1
Cc1ccc(N(CC2=NCCN2)c2cccc(O)c2)cc1,0,0,8,281.36,2.84,47.86,2,4,4,2
CNc1ccc(C(=O)CC(O)CCC(C)C2OC(=O)CC(O)CC(=O)CC(O)CC(O)CC(O)CC(O)CC3(O)CC(O)C(C(=O)OC)C(CC(O[C@@H]4O[C@H](C)[C@@H](O)[C@H](N)[C@@H]4O)C=CC=CC=CC=CC=CC=CC=CC2C)O3)cc1,1,1,10,1141.36,2.83,354.78,12,21,11,1
CO[C@H]1C[C@H](O[C@@H]2C(C)=CC[C@@H]3C[C@@H](C[C@]4(CC[C@H](C)[C@@H](C5CCCCC5)O4)O3)OC(=O)[C@@H]3C=C(C)/C(=N/O)[C@H]4OCC(=CC=C[C@@H]2C)[C@]43O)O[C@@H](C)[C@@H]1O,0,0,9,769.97,6.07,154.73,3,12,4,0
CCn1cc(C(=O)O)c(=O)c2cc(F)c(N3CCNCC3)nc21,0,0,12,320.32,0.66,87.46,2,5,3,2
CN1CCCN=C1COC(=O)C(O)(c1ccccc1)C1CCCCC1,0,0,11,344.46,2.73,62.13,1,5,5,1
Nc1nnnn1-c1ccccc1,0,0,12,161.17,0.24,69.62,1,4,1,2
c1ccc(CCNc2nc(-c3ccccc3)cs2)cc1,1,4,9,280.4,4.46,24.92,1,3,5,3
Cc1cccc(C)c1NC(=O)CN1CCCC1=O,0,0,12,246.31,1.86,49.41,1,2,3,1
CC(C)c1ccc2oc3nc(N)c(C(=O)O)cc3c(=O)c2c1,1,4,7,298.3,2.75,106.42,2,5,2,3
O=C(C1CCCCC1)N1CC(=O)N2CCc3ccccc3C2C1,1,1,12,312.41,2.53,40.62,0,2,1,1
COC(=O)C[C@](O)(CCCC(C)(C)O)C(=O)O[C@@H]1C(OC)=CC23CCCN2CCc2cc4c(cc2[C@H]13)OCO4,1,2,5,545.63,2.58,123.99,2,10,9,1
NC(=O)N1c2ccccc2C=Cc2ccccc21,1,2,12,236.27,3.39,46.33,1,1,0,2
O=C(OCCOCCOCCOC(=O)c1ccccc1)c1ccccc1,0,0,12,358.39,2.73,71.06,0,6,11,2
CN(C)CC/C=C1/c2ccccc2CSc2ccccc21,1,1,9,295.45,4.68,3.24,0,2,3,2
CN1CCC(OC(c2ccccc2)c2ccccc2)CC1,0,0,10,281.4,3.89,12.47,0,2,4,2
CCCCOc1ccc(OCCCN2CCOCC2)cc1,1,1,9,293.41,2.97,30.93,0,4,9,1
N=C(N)N1CCc2ccccc2C1.N=C(N)N1CCc2ccccc2C1,0,0,2,350.47,1.88,106.22,4,2,0,2
O=C(NC(=O)c1c(F)cccc1F)Nc1ccc(Oc2ccc(C(F)(F)F)cc2Cl)cc1F,1,2,8,488.77,6.53,67.43,2,3,4,3
CCOC(=O)Cn1c(=O)sc2cccc(Cl)c21,1,1,11,271.73,2.28,48.3,0,4,3,2
C=C(NC(=O)C(=C)NC(=O)c1csc(C2=NC3c4csc(n4)C4NC(=O)c5csc(n5)C(C(C)(O)C(C)O)NC(=O)C5CSC(=N5)/C(=C\C)NC(=O)C(C(C)O)NC(=O)c5csc(n5)C3(CC2)NC(=O)C(C)NC(=O)C(=C)NC(=O)C(C)NC(=O)C(C(C)CC)NC2C=Cc3c(C(C)O)cc(nc3C2O)C(=O)OC4C)n1)C(N)=O,1,3,7,1664.92,0.77,562.74,17,31,12,5
CC1Sc2c(C(=O)O)c(=O)c3cc(F)c(N4CCNCC4)cc3n21,0,0,2,349.39,1.87,74.57,2,5,2,2
CCCCN(CCN(CCCC)C(=O)N1CCOCC1)C(=O)N1CCOCC1,0,0,1,398.55,2.1,65.56,0,4,9,0
CN(C)[C@@H](CCOc1cccc2ccccc12)c1ccccc1,0,0,1,305.42,4.91,12.47,0,2,6,3
CC(C)C[C@@H]1[C@H](c2ccccc2)OC(=O)N1CCCN1CCCCCC1,0,0,2,358.53,4.86,32.78,0,3,7,1
CC(C)(O)c1ccc(CNC(=O)c2cccnc2Oc2ccc3nonc3c2)cc1,0,0,10,404.43,3.57,110.37,2,7,6,4
C[C@@H](Oc1ccc(CNC(=O)c2cccnc2Oc2ccc3c(c2)OCO3)c(F)c1)C(=O)O,0,0,12,454.41,3.52,116.21,2,7,8,3
O=C(N[C@H]1CN2CCC1CC2)c1cc2ccoc2cn1,0,0,11,271.32,1.65,58.37,1,4,2,2
COCc1nnc(-c2ccc[n+]([O-])c2)n1-c1c(Cl)c(Cl)cc2[nH]c(=O)c(=O)[nH]c12,0,0,11,435.23,1.55,132.6,2,6,4,4
COCCOC[C@H](CC1(C(=O)N[C@H]2CC[C@@H](C(=O)O)CC2)CCCC1)C(=O)Oc1ccc2c(c1)CCC2,0,0,11,515.65,4.07,111.16,2,6,12,1
CCCOc1ccc(S(=O)(=O)N2CCN(CC)CC2)cc1-c1nc2c(CC)n(Cc3ccccn3)nc2c(=O)[nH]1,0,0,10,565.7,2.91,126.31,1,8,10,4
CN(C[C@@H](CC[N+]12CCC(C3CCCCC3)(CC1)CC2)c1ccc(Cl)c(Cl)c1)C(=O)c1cc(C(F)(F)F)cc(C(F)(F)F)c1,0,0,5,664.58,9.86,20.31,0,1,8,2
CC[C@H]1OC(=O)[C@H](C)[C@@H](O[C@H]2C[C@@](C)(OC)[C@@H](O)[C@H](C)O2)[C@H](C)[C@@H](O[C@@H]2O[C@H](C)C[C@H](N(C)C)[C@H]2O)[C@](C)(O)C[C@@H](C)CN(C)[C@H](C)[C@@H](O)[C@]1(C)O,0,0,11,749.0,1.9,180.08,5,14,7,0
COCc1c(C(C)C)nc(C(C)C)c(/C=C/[C@@H](O)C[C@@H](O)CC(=O)[O-])c1-c1ccc(F)cc1,1,3,7,458.55,3.55,102.71,2,6,11,2
CC(=O)NC[C@H]1CN(c2ccc(N3CCOCC3)c(F)c2)C(=O)O1,1,1,10,337.35,1.12,71.11,1,5,4,1
C[N+]1(CCC(C(N)=O)(c2ccccc2)c2ccccc2)CCCCC1,0,0,12,337.49,3.48,43.09,1,1,6,2
C[C@@H](c1ncncc1F)[C@](O)(Cn1cncn1)c1ccc(F)cc1F,0,0,11,349.32,2.18,76.72,1,5,5,3
Cc1oc(=O)oc1CN1CCN(c2cc3c(cc2F)c(=O)c(C(=O)O)c2n3C(C)S2)CC1,1,4,10,461.47,2.64,109.13,1,8,4,3
COc1ccc(-c2ccc3cc(C(=O)O)ccc3c2)cc1C12CC3CC(CC(C3)C1)C2,1,4,12,412.53,6.68,46.53,1,2,4,3
Cc1nc2ccc(CN(C)c3ccc(C(=O)N[C@@H](CCC(=O)O)C(=O)O)s3)cc2c(=O)[nH]1,1,1,11,458.5,1.98,152.69,4,7,9,3
CC1CCc2c(N3CCC(O)CC3)c(F)cc3c(=O)c(C(=O)O)cn1c23,0,0,11,360.39,2.31,82.77,2,4,2,2
Cc1nc(Nc2ncc(C(=O)Nc3c(C)cccc3Cl)s2)cc(N2CCN(CCO)CC2)n1,0,0,4,488.02,3.31,106.51,3,9,7,3
Nc1nc(=O)c2c(CCc3ccc(C(=O)N[C@@H](CCC(=O)[O-])C(=O)[O-])cc3)c[nH]c2[nH]1,0,0,10,425.4,-2.0,196.92,4,8,9,3
CCCCN(CCCC)CC(O)c1cc(Cl)cc2c1-c1ccc(Cl)cc1/C2=C/c1ccc(Cl)cc1,1,2,10,528.95,9.15,23.47,1,2,10,3
Nc1cccc2c1CN(C1CCC(=O)NC1=O)C2=O,0,0,12,259.26,0.03,92.5,2,4,1,1
COC(=O)C1=C(C)NC(C)=C(C(=O)OC(C)(C)CN(C)CCC(c2ccccc2)c2ccccc2)C1c1cccc([N+](=O)[O-])c1,1,2,11,611.74,6.48,111.01,1,8,12,3
CC1=Nc2ccccc2C1(C)C,0,0,11,159.23,3.07,12.36,0,1,0,1
O=c1c(O)c(O)c1=O,0,0,12,114.06,-1.31,74.6,2,4,0,1
c1cc2c3c(c1)ccc1cccc(c13)C2,0,0,11,190.24,3.9,0.0,0,0,0,3
C[C@@H]1C[C@@H]([C@H](O)CC2CC(=O)NC(=O)C2)C(=O)[C@@H](C)C1,1,2,7,281.35,1.04,83.47,2,4,3,0
Cc1oc2c(NC(=O)c3c(Cl)cccc3Cl)cccc2c1C(C)(C)O,1,3,9,378.26,5.53,62.47,2,3,3,3
Cc1[nH]cnc1C[C@H]1CCc2c(C)c3ccccc3n2C1=O,0,0,9,293.37,3.43,50.68,1,2,2,3
COc1cc(C=O)cc2c1[C@H](COC(N)=O)[C@]1(OC(C)=O)ON2C[C@H]2[C@@H]1N2C(C)=O,1,1,7,419.39,0.31,137.47,1,9,5,1
O=C1c2ccccc2C(=O)N1CCc1noc(-c2ccc(CN3CCCCCC3)s2)n1,1,2,10,436.54,4.01,79.54,0,7,6,3
Cc1ccc2oc(CN(Cc3ccccc3)C(=O)Nc3c(F)cc(F)cc3F)c(-c3ccc(Cl)cc3)c2c1,1,1,9,534.97,8.71,45.48,1,2,6,5
CC(C)(C)c1csc(-c2cc3cc(OCc4ccccc4CC(=O)O)ccc3o2)n1,1,3,6,421.52,6.06,72.56,1,5,6,4
O=C(/C=C/c1ccc(O)c(O)c1)O[C@@H](C(=O)O)[C@@H](OC(=O)/C=C/c1ccc(O)c(O)c1)C(=O)O,0,0,11,474.37,1.23,208.12,6,10,9,2
C[C@@H]1CC2(OC3C[C@@]4(C)C5=CC[C@H]6C(C)(C)C(O[C@@H]7OC[C@@H](O)[C@H](O)[C@H]7O)CC[C@@]67C[C@@]57CC[C@]4(C)C31)OC(O)C1(C)OC21,1,1,12,616.79,3.41,130.37,4,9,2,0
O=C1CCCN1C1CCCCC1,0,0,11,167.25,1.94,20.31,0,1,1,0
COc1ccc(/N=N/c2cc(C)c(/N=N/c3ccc(S(=O)(=O)[O-])cc3)cc2OC)cc1,1,1,9,439.47,5.75,125.1,0,9,7,3
CC1(C)S[C@@H]2[C@H](NC(=O)COc3ccccc3)C(=O)N2[C@H]1C(=O)[O-],0,0,12,349.39,-0.64,98.77,1,6,5,1
CC(Cc1cccc(C(F)(F)F)c1)NCCOC(=O)c1ccccc1,0,0,8,351.37,4.08,38.33,1,3,7,2
C[N+]1([O-])CCOCC1,0,0,12,117.15,-0.04,32.29,0,2,0,0
C1N2CN3CN1CN(C2)C3,0,0,12,140.19,-1.02,12.96,0,4,0,0
CCC(=O)N(c1ccccc1)C1CCN(Cc2ccccc2)CC1,0,0,11,322.45,4.09,23.55,0,2,5,2
CCC(=O)N(c1ccccc1)C1(COC)CCN(CCn2nnn(CC)c2=O)CC1,0,0,11,416.53,1.38,85.49,0,6,9,2
C[C@H]1CC[C@]2(NC1)O[C@H]1C[C@H]3[C@@H]4CC[C@H]5C[C@@H](O[C@@H]6O[C@H](CO)[C@H](O[C@@H]7O[C@H](CO)[C@@H](O)[C@H](O[C@@H]8OC[C@@H](O)[C@H](O)[C@H]8O)[C@H]7O[C@@H]7O[C@H](CO)[C@@H](O)[C@H](O)[C@H]7O)[C@H](O)[C@H]6O)CC[C@]5(C)[C@H]4CC[C@]3(C)[C@H]1[C@@H]2C,1,1,2,1034.2,-2.7,337.86,13,22,11,0
N=C(NN=Cc1ccc(Cl)cc1)NN=Cc1ccc(Cl)cc1,1,1,9,334.21,3.48,72.63,3,3,4,2
Cc1ccc2nc(N)[nH]c(=O)c2c1Sc1ccncc1,1,3,9,284.34,2.36,84.66,2,5,2,3
Clc1cccc(C(c2ccc3nc[nH]c3c2)n2ccnc2)c1,1,2,10,308.77,4.05,46.5,1,2,3,4
CN1c2c(O)nc(N)nc2NCC1CNc1ccc(C(=O)NC(CCC(=O)[O-])C(=O)[O-])cc1,0,0,9,457.45,-2.51,208.69,5,12,9,2
O=c1[nH]ncc2ccccc12,0,0,12,146.15,0.92,45.75,1,2,0,2
c1cc(N(CC2CO2)CC2CO2)ccc1OCC1CO1,1,4,10,277.32,1.07,50.06,0,5,8,1
CCOc1nc2cccc(C(=O)OC(C)OC(=O)OC3CCCCC3)c2n1Cc1ccc(-c2ccccc2-c2nnn[nH]2)cc1,1,1,5,610.67,6.32,143.34,1,10,10,5
CN1CCC(=C2c3ccccc3CC(=O)c3sccc32)CC1,0,0,12,309.43,4.01,20.31,0,3,0,2
C[C@H]1CCCC(=O)CCCC=Cc2cc(O)cc(O)c2C(=O)O1,1,5,9,318.37,3.58,83.83,2,5,0,1
CCC[C@H](N[C@@H](C)C(=O)N1[C@H](C(=O)O)C[C@@H]2CCCC[C@@H]21)C(=O)OCC,0,0,12,368.47,1.94,95.94,2,5,8,0
CC(C)(C)NCC(O)COc1cccc2c1CCC(=O)N2,0,0,12,292.38,1.7,70.59,3,4,5,1
C=C1c2cccc(O)c2C(=O)C2=C(O)[C@]3(O)C(=O)C(C(N)=O)=C(O)[C@@H](N(C)C)[C@@H]3[C@@H](O)[C@H]12,0,0,12,442.42,-0.44,181.62,6,9,2,1
O=C1OC(CN2CCOCC2)CN1N=Cc1ccc([N+](=O)[O-])o1,0,0,11,324.29,0.67,110.65,0,8,5,1
CCOc1nc(C(Cl)(Cl)Cl)ns1,0,0,12,247.53,2.76,35.01,0,4,2,1
NC(=O)c1cc[n+](CC2=C(C(=O)[O-])N3C(=O)[C@@H](NC(=O)Cc4cccs4)[C@H]3SC2)cc1,1,1,12,458.52,-1.22,136.51,2,7,7,2
Clc1cccc(SC2CCNCC2)n1,0,0,11,228.75,2.58,24.92,1,3,2,1
CN1C(=O)COc2c(C(=O)NC3CN4CCC3CC4)cc(Cl)cc21,0,0,11,349.82,1.52,61.88,1,4,2,1
O=C1CC2(CCCC2)CC(=O)N1CCNCC1COc2ccccc2O1,0,0,9,358.44,2.13,67.87,1,5,5,1
NC1=NC(=O)N2CC12,0,0,10,111.1,-0.84,58.46,1,2,0,0
COc1ccc(C2CNC(=O)C2)cc1OC1CCCC1,0,0,12,275.35,2.62,47.56,1,3,4,1
c1cncc([C@@H]2CCCCN2)c1,0,0,12,162.24,1.9,24.92,1,2,1,1
Cc1ccc(CCn2c3c(c4cc(Cl)ccc42)CN(C)CC3)cn1,0,0,1,339.87,4.23,21.06,0,2,3,3
CCCCCCOC(=O)/N=C(/N)c1ccc(NCc2nc3cc(C(=O)N(CCC(=O)OCC)c4ccccn4)ccc3n2C)cc1,0,0,1,627.75,5.6,154.03,2,8,15,4
NS(=O)(=O)c1cc2c(cc1Cl)CN(C1CCCCC1)C2=O,0,0,2,328.82,2.28,80.47,1,3,2,1
O=C(O)Cn1cnnn1,0,0,2,128.09,-1.24,80.9,1,4,2,1
CC1(C)OC(=O)Nc2ccc(Br)cc21,0,0,2,256.1,3.25,38.33,1,2,0,1
C[C@@H]1C[C@H]2[C@@H]3CCC4=CC(=O)C=C[C@]4(C)[C@@]3(F)[C@@H](O)C[C@]2(C)[C@@]1(O)C(=O)COC(=O)c1ccncc1,0,0,2,497.56,3.16,113.79,2,7,4,1
COc1cccc(C(=O)CCN[C@@H](C)[C@H](O)c2ccccc2)c1,1,1,9,313.4,2.98,58.56,2,4,8,2
CCOC(=O)[C@H](CCc1ccccc1)N[C@H]1CCCN2CCC[C@@H](C(=O)O)N2C1=O,0,0,10,417.51,1.6,99.18,2,6,8,1
Cc1cc(-n2c(=O)[nH]c(=O)n(C)c2=O)ccc1Oc1ccc(S(=O)(=O)C(F)(F)F)cc1,0,0,7,457.39,1.62,120.23,1,6,4,3
Cc1ccnc2c1NC(=O)c1cccnc1N2C1CC1,0,0,12,266.3,2.65,58.12,1,4,1,2
CC(C)OC(=O)C(C(=O)OC(C)C)=C1SC=CS1,1,1,10,288.39,3.05,52.6,0,6,4,0
COC(=O)c1ccccc1C(=O)c1ccc(OCCN2CCCCC2)cc1,1,1,12,367.45,3.57,55.84,0,5,7,2
C[C@@H]1CCN(C(=O)[C@H](CCCNC(=N)N)NS(=O)(=O)c2cccc3c2NC[C@H](C)C3)[C@@H](C(=O)O)C1,0,0,11,508.65,0.91,177.71,6,6,9,1
C[C@]12CCC(=O)C=C1[C@@H]1C[C@@H]1[C@H]1[C@@H]3[C@@H]4C[C@@H]4[C@@]4(CCC(=O)O4)[C@@]3(C)CC[C@@H]12,1,2,8,366.5,4.31,43.37,0,3,0,0
CN(C)CCOC(=O)C(c1ccccc1)C1(O)CCCC1,0,0,12,291.39,2.18,49.77,1,4,6,1
CCC(=O)O.CCC(=O)O.O=C(Nc1cccc(C2=NCCN2)c1)Nc1cccc(C2=NCCN2)c1,0,0,11,496.57,2.99,164.51,6,7,6,2
NC1CCCCC1.NC1CCCCC1.O=P(O)(O)OC[C@H](O)CO,0,0,10,370.43,1.0,159.26,6,6,4,0
CN1CCN(c2c(F)cc3c(=O)c(C(=O)O)cn4c3c2OCN4C)CC1,1,1,11,362.36,0.51,78.25,1,6,2,2
O=C1CN(N=Cc2ccc([N+](=O)[O-])o2)C(=O)N1,1,2,9,238.16,0.07,118.05,1,6,3,1
O=C(OCc1ccccc1)c1cccnc1,0,0,9,213.24,2.44,39.19,0,3,3,2
O=c1c(-c2ccccc2)c1-c1ccccc1,1,3,7,206.24,3.26,17.07,0,1,2,3
S=C1NCCN1,1,1,12,102.16,-0.54,24.06,2,1,0,0
c1ccc(CNc2ncnc3c2ncn3C2CCCCO2)cc1,1,3,11,309.37,3.14,64.86,1,5,4,3
CCOc1cc([N+](=O)[O-])c(OCC)cc1N1CCOCC1,1,1,10,296.32,2.23,74.07,0,6,6,1
CC(C)(C)NC(=O)[C@@H]1C[C@@H]2CCCC[C@@H]2CN1C[C@@H](O)[C@H](Cc1ccccc1)NC(=O)[C@H](CC(N)=O)NC(=O)c1ccc2ccccc2n1,1,1,5,670.86,3.09,166.75,5,7,12,3
O=P(c1ccccc1)(c1ccccc1)c1ccccc1,0,0,12,278.29,3.33,17.07,0,1,3,3
C[C@@H]1CC=CC=CC=CC=C[C@H](O[C@@H]2O[C@H](C)[C@@H](O)[C@H](N)[C@@H]2O)C[C@@H]2O[C@](O)(C[C@@H](O)C[C@H]3O[C@@H]3C=CC(=O)O1)C[C@H](O)[C@H]2C(=O)O,0,0,10,665.73,0.12,230.99,7,13,3,0
CC[C@@H]1C(=O)OC[C@@H]1Cc1cncn1C,0,0,12,208.26,1.16,44.12,0,3,3,1
COc1cc2c(N3CCN(C(=O)Nc4ccc(OC(C)C)cc4)CC3)ncnc2cc1OCCCN1CCCCC1,1,2,6,562.72,5.03,92.29,1,8,10,3
O=C(NOCC1CC1)c1ccc(F)c(F)c1Nc1ccc(I)cc1Cl,1,2,7,478.66,5.04,50.36,2,3,6,2
Cn1cnc2c(F)c(Nc3ccc(Br)cc3Cl)c(C(=O)NOCCO)cc21,1,2,9,457.69,3.53,88.41,3,5,6,3
COc1cc2c(c(OC)c1OC)-c1c(cc3c(c1OC)OCO3)C[C@@H](C)[C@](C)(O)C2,1,1,10,416.47,3.6,75.61,1,7,4,2
Cc1nnc(C(C)C)n1C1C[C@H]2CC[C@H](C1)N2CC[C@H](NC(=O)C1CCC(F)(F)CC1)c1ccccc1,0,0,10,513.68,5.95,63.05,1,4,8,2
NC1(c2ccc(-c3nc4ccn5c(=O)[nH]nc5c4cc3-c3ccccc3)cc2)CCC1,1,1,9,407.48,4.24,89.07,2,4,3,5
CC1C(=O)CC2C3(C)CCC2(C(C)C(=O)O)C(=O)C13,0,0,10,264.32,1.92,71.44,1,3,2,0
COC(COC(N)=O)C1=C(N2CC2)C(=O)C(C)=C(N2CC2)C1=O,1,1,5,321.33,-0.59,101.71,1,7,6,0
CCC/C=C/C=C/C(=O)O[C@H]1/C(=C/C(=O)OC)C[C@H]2C[C@H]([C@@H](C)O)OC(=O)C[C@H](O)C[C@@H]3C[C@H](OC(C)=O)C(C)(C)[C@](O)(C[C@@H]4C/C(=C/C(=O)OC)C[C@H](C=CC(C)(C)[C@]1(O)O2)O4)O3,1,1,5,905.04,4.28,240.11,4,17,9,0
COc1ccccc1N1CCN(CC(O)COc2cc(OC)c(OC)c(OC)c2)CC1,0,0,2,432.52,2.28,72.86,1,8,10,2
Nc1ccc2c(c1)CN1C(=O)c3ccccc3C1=N2,0,0,2,249.27,2.32,58.69,1,3,0,2
c1csc(SSc2cccs2)c1,1,2,10,230.4,4.61,0.0,0,4,3,2
O=C1NC(=O)[C@H]2[C@@H]1[C@@H]1C=C[C@H]2C1,0,0,10,163.18,0.08,46.17,1,2,0,0
OC(C#CCN1CCCC1)(c1ccccc1)c1ccccc1,0,0,10,291.39,3.02,23.47,1,2,3,2
O=[N+]([O-])c1cccc(S(=O)(=O)NCCNS(=O)(=O)c2cccc([N+](=O)[O-])c2)c1,1,1,11,430.42,0.76,178.62,2,8,9,2
O=C(CN1CCN(Cc2ccc3c(c2)OCO3)CC1)N1c2ccccc2Sc2ccccc21,1,1,10,459.57,4.36,45.25,0,6,4,3
NCCC[C@H](N)CC(=O)N[C@H]1CNC(=O)[C@H]([C@H]2C[C@H](O)N=C(N)N2)NC(=O)/C(=C/NC(N)=O)NC(=O)[C@H](CO)NC(=O)[C@H](CO)NC1=O,0,0,10,685.7,-8.88,392.86,15,15,10,0
CCC(C)(C)C(=O)OC1=C(c2cc(Cl)cc(Cl)c2)C(=O)OC12CCCCC2,1,5,9,411.33,5.94,52.6,0,4,4,1
Cc1cc(C)c(C2=C(OC(=O)CC(C)(C)C)C3(CCCC3)OC2=O)c(C)c1,0,0,8,370.49,5.17,52.6,0,4,3,1
Cn1nnc2c(C(N)=O)ncn2c1=O,0,0,11,194.15,-2.08,108.17,1,5,1,2
CCn1ccc(NS(=O)(=O)c2ccc(N)cc2)nc1=O,0,0,1,294.34,0.65,107.08,2,5,4,2
CC1C=[C-]C=C1.[C-]#[O+].[C-]#[O+].[C-]#[O+].[Mn+],0,0,11,218.09,1.44,59.7,0,0,0,0
COC(=O)c1ccc(I)cc1S(=O)(=O)[N-]C(=O)Nc1nc(C)nc(OC)n1,0,0,11,506.26,1.87,151.54,1,9,5,2
CCN(CC)c1cc(C)nc2ncnn12,0,0,12,205.26,1.28,46.32,0,4,3,2
CCc1c(C)[nH]c2c1C(=O)C(CN1CCOCC1)CC2,0,0,11,276.38,1.96,45.33,1,3,3,1
C=CC[N@@+]12CC[C@@]34c5ccccc5N5C=C6[C@H]7C[C@H]8[C@@]9(CC[N@@+]8(CC=C)C/C7=C/CO)c7ccccc7N(C=C([C@@H](C[C@@H]31)/C(=C\CO)C2)[C@H]54)[C@@H]69,0,0,10,666.91,5.48,46.94,2,4,6,2
Clc1ccc(C(OCCN2CCCCC2)c2ccccc2)cc1,0,0,10,329.87,4.93,12.47,0,2,6,2
N#Cc1ccc(C2CCCc3cncn32)cc1,1,1,11,223.28,2.68,41.61,0,2,1,2
CON=C(C(=O)N[C@@H]1C(=O)N2C(C(=O)O)=C(COC(N)=O)CS[C@H]12)c1ccco1,1,2,10,424.39,-0.54,173.76,3,9,7,1
C[n+]1ccn(Cc2ccccc2)c1,0,0,10,173.24,1.36,8.81,0,0,2,2
CC1(C)SC(C)(C)SC(C)(C)S1,0,0,12,222.44,4.41,0.0,0,3,0,0
CCCN(C1CCN(C(=O)C2CCNCC2)CC1)[C@@H]1CCc2ccc(OC)cc2C1,1,1,9,413.61,3.26,44.81,1,4,6,1
CS(=O)(=O)c1ccc([C@@H](CC2CCCC2)C(=O)Nc2cnccn2)cc1Cl,1,1,8,407.92,3.84,89.02,1,5,6,2
Cn1c(=O)cc(Oc2ccc(F)cc2F)c2cnc(NCC(C)(C)O)nc21,1,1,9,376.36,2.58,89.27,2,6,5,3
O=C(CCCCCCCCc1cccnc1)N1CCC(C=C(c2ccccc2)c2ccccc2)CC1,1,1,5,480.7,7.73,33.2,0,2,12,3
Cc1cc(F)ccc1-c1cc(N2CC[C@@H](O)[C@H]2CO)ncc1N(C)C(=O)C(C)(C)c1cc(C(F)(F)F)cc(C(F)(F)F)c1,1,1,4,613.57,6.11,76.9,2,5,6,3
O=C(O)c1cccc(N(Cc2cccnc2)c2ccc(OC(F)F)c(OC(F)F)c2)c1,0,0,8,436.36,5.32,71.89,1,5,9,3
COc1cc(C(=O)NC2CCN(C)CC2)ccc1Nc1ncc2c(n1)N(C1CCCC1)CC(F)(F)C(=O)N2C,1,1,6,543.62,3.41,102.93,2,8,6,2
Cc1c(O)c(=O)ccn1C,0,0,9,139.15,0.4,42.23,1,2,0,1
Cc1cc(C(C#N)c2ccc(Cl)cc2)c(Cl)cc1NC(=O)c1cc(I)cc(I)c1O,1,2,7,663.08,7.12,73.12,2,3,4,3
OCCN(CCO)c1nc(N2CCCCC2)c2nc(N(CCO)CCO)nc(N3CCCCC3)c2n1,1,1,4,504.64,-0.02,145.44,4,12,12,2
CC(=O)S[C@H](C(=O)N[C@H]1Cc2ccccc2[C@H]2CCC[C@@H](C(=O)O)N2C1=O)C(C)C,0,0,12,432.54,2.54,103.78,2,5,5,1
O=C([O-])C[C@H](O)CC(O)/C=C/c1c(C2CC2)nc2ccccc2c1-c1ccc(F)cc1.O=C([O-])C[C@H](O)C[C@H](O)/C=C/c1c(C2CC2)nc2ccccc2c1-c1ccc(F)cc1,1,1,7,840.92,6.37,186.96,4,10,16,6
O=C1[C@H]2CCCC[C@H]2C(=O)N1CCCCN1CCN(c2nsc3ccccc23)CC1,1,1,9,426.59,3.37,56.75,0,6,6,2
CCOP(=O)(N=C1SCCS1)OCC,0,0,12,255.3,3.0,47.89,0,5,5,0
CNCC[C@H](Oc1cccc2ccccc12)c1cccs1,0,0,3,297.42,4.63,21.26,1,3,6,3
Nc1nc(NC2CC2)c2ncn([C@@H]3C=C[C@@H](CO)C3)c2n1,1,3,9,286.34,1.09,101.88,3,6,4,2
C=C1[C@H](CO)[C@@H](O)C[C@@H]1n1cnc2c(=O)[nH]c(N)nc21,0,0,10,277.28,-0.83,130.05,4,6,2,2
COc1ccc2cc(S(=O)(=O)N[C@H](CC(=O)N[C@H](Cc3ccc(CN4[C@H](C)CCC[C@@H]4C)cc3)C(=O)N(C)C(C)C)c3ccc4c(c3)OCO4)ccc2c1,1,1,5,756.97,6.34,126.51,2,8,14,4
O=C1CC[C@@H](C(=O)N2CSC[C@H]2C(=O)O)N1,0,0,9,244.27,-0.75,86.71,2,4,2,0
CCC(=O)OC(OP(=O)(CCCCc1ccccc1)CC(=O)N1C[C@H](C2CCCCC2)C[C@H]1C(=O)[O-])C(C)C,0,0,9,562.66,4.79,113.04,0,7,14,1
Cc1cccn2c(=O)c(-c3nnn[n-]3)cnc12,0,0,11,227.21,-0.19,87.14,0,5,1,3
CN[C@H]1C[C@@H](N)[C@H](O)[C@@H](O[C@@H]2O[C@H](CO)[C@H](O)[C@@H]3OC4(O[C@H]23)O[C@H](C(N)CO)[C@H](O)[C@H](O)[C@H]4O)[C@@H]1O,0,0,9,527.52,-7.27,272.06,11,16,6,0
CC(=O)OCC(=O)[C@@]12N=C(C)O[C@@H]1C[C@H]1[C@@H]3CCC4=CC(=O)C=C[C@]4(C)[C@H]3[C@@H](O)C[C@@]12C,1,2,8,441.52,2.56,102.26,1,7,3,0
CCOC(=O)C1=C(COCCN)NC(C)=C(C(=O)OC)C1c1ccccc1Cl.O=S(=O)(O)c1ccccc1,1,4,8,567.06,3.2,154.25,3,9,9,2
O=C(OCC(COC(=O)c1cccnc1)(COC(=O)c1cccnc1)COC(=O)c1cccnc1)c1cccnc1,0,0,12,556.53,2.98,156.76,0,12,12,4
C(=NC1CCCCC1)=NC1CCCCC1,1,3,9,206.33,3.83,24.72,0,2,2,0
COC(=O)C1=C(C)NC(C)=C(C(=O)OCCN(C)Cc2ccccc2)C1c1cccc([N+](=O)[O-])c1,1,2,6,479.53,3.68,111.01,1,8,9,2
O=C(CCNNC(=O)c1ccncc1)NCc1ccccc1,0,0,11,298.35,1.02,83.12,3,4,7,2
CC1=CC[C@H](CC=O)C1(C)C,0,0,12,152.24,2.57,17.07,0,1,2,0
Cc1cn([C@H]2C=C[C@@H](CO)O2)c(=O)[nH]c1=O,0,0,12,224.22,-0.71,84.32,2,4,2,1
COC1=CC(=O)O[C@@H](/C=C/c2ccccc2)C1,1,1,10,230.26,2.55,35.53,0,3,3,1
COc1ccc(C(O)(c2cncnc2)C2CC2)cc1,0,0,11,256.31,2.13,55.24,1,4,4,2
CC[C@H]1NC(=O)[C@@H](NC(=O)c2ncccc2O)C(C)OC(=O)[C@H](c2ccccc2)NC(=O)C2CC(=O)CCN2C(=O)[C@H](Cc2ccccc2)N(C)C(=O)[C@@H]2CCCN2C1=O,0,0,10,823.9,1.2,224.72,4,11,6,3
CO[C@@H]1[C@@H](O[C@@H]2O[C@H](C)[C@@H](O[C@H]3C[C@@](C)(O)[C@@H](OC(=O)CC(C)C)[C@H](C)O3)[C@H](N(C)C)[C@H]2O)[C@@H](CC=O)C[C@@H](C)C(=O)C=CC2OC2C[C@@H](C)OC(=O)C[C@H]1OC(C)=O,0,0,5,841.99,2.43,215.42,2,17,12,0
CC1(C)CCC(C)(C)c2cc(NC(=O)c3ccc(C(=O)O)cc3)ccc21,1,2,7,351.45,4.99,66.4,2,2,3,2
COc1cc(C=CC(=O)N2CCN(CC(=O)N3CCCC3)CC2)cc(OC)c1OC,0,0,10,417.51,1.49,71.55,0,6,7,1
C1CCN(CN2CCCCC2)CC1,0,0,12,182.31,1.92,6.48,0,2,2,0
O=C1[N-]S(=O)(=O)c2ccccc21.O=C1[N-]S(=O)(=O)c2ccccc21,0,0,12,364.36,1.81,130.62,0,6,0,2
Nc1ccc2cc3ccc(N)cc3nc2c1.Nc1ccc2cc3ccc(N)cc3nc2c1,1,5,7,418.5,5.1,129.86,4,6,0,6
NS(=O)(=O)c1ccc(N2CCCCS2(=O)=O)cc1,0,0,2,290.37,0.26,97.54,1,4,2,1
O=C1C=CC(=O)N1c1ccc(Cc2ccc(N3C(=O)C=CC3=O)cc2)cc1,1,2,4,358.35,2.14,74.76,0,4,4,2
Nc1ccc(/N=N/c2ccc(-c3ccc(/N=N/c4c(S(=O)(=O)[O-])cc5cc(S(=O)(=O)[O-])c(/N=N/c6ccccc6)c(O)c5c4N)cc3)cc2)c(N)c1,1,2,10,735.76,8.01,286.85,4,16,9,6
CC(C)c1c(CN(C)C(C)Cc2ccccc2)n(C)n(-c2ccccc2)c1=O,0,0,11,377.53,4.36,30.17,0,2,7,3
Cc1cc2c(cc1S(N)(=O)=O)S(=O)(=O)CCC2,0,0,12,275.35,0.36,94.3,1,4,1,1
N=C(N)NCC1COC2(CCCCC2)O1.N=C(N)NCC1COC2(CCCCC2)O1,0,0,10,426.56,1.09,160.72,6,6,4,0
CC1CS(=O)(=O)CCN1N=Cc1ccc([N+](=O)[O-])o1,0,0,10,287.3,0.64,106.02,0,7,3,1
CCCOC/C(=N\c1ccc(Cl)cc1C(F)(F)F)n1ccnc1,1,3,6,345.75,4.56,39.41,0,3,5,2
CN(C)CCCOC1(Cc2ccccc2)CCCCCC1,0,0,2,289.46,4.29,12.47,0,2,7,1
Oc1ncnc2[nH]ncc12,0,0,12,136.11,0.06,74.69,2,4,0,2
CC[n+]1c(-c2ccccc2)c2cc(N)ccc2c2ccc(N)cc21,1,6,10,314.41,4.13,55.92,2,2,2,4
O=C(NCCc1c[nH]c2ccccc12)c1cccnc1,1,2,12,265.32,2.54,57.78,2,2,4,3
CCOc1ccccc1O[C@H](c1ccccc1)[C@H]1CNCCO1,0,0,11,313.4,3.19,39.72,1,4,6,2
CN1CCN(CC(=O)N2c3ccccc3C(=O)Nc3cccnc32)CC1,0,0,12,351.41,1.56,68.78,1,5,2,2
NS(=O)(=O)c1cc(C(=O)O)cc(N2CCCC2)c1Oc1ccccc1,1,1,11,362.41,2.42,109.93,2,5,5,2
N[C@@H](C(=O)N[C@@H]1C(=O)N2C(C(=O)O)=C(CSc3c[nH]nn3)CS[C@H]12)c1ccc(O)cc1,0,0,10,462.51,0.04,174.53,5,9,7,2
C=C1CC2C3CCC4=CC(=O)C=C[C@]4(C)[C@@]3(F)[C@@H](O)C[C@]2(C)[C@@]1(O)C(=O)COC(C)=O,1,2,8,432.49,2.39,100.9,2,6,3,0
CCN(CCO)CCn1c(Cc2ccccc2)nc2c1c(=O)n(C)c(=O)n2C,0,0,12,385.47,0.34,85.29,1,5,8,3
COc1cc(/C=C/C(=O)O[C@H]2CC[C@]34C[C@]35CC[C@]3(C)[C@@H]([C@H](C)CCC=C(C)C)CC[C@@]3(C)[C@@H]5CC[C@H]4C2(C)C)ccc1O,1,5,12,602.9,10.15,55.76,1,4,8,1
O=[N+]([O-])c1ccc(Nc2ccc(Nc3ccccc3)c(S(=O)(=O)[O-])c2)c([N+](=O)[O-])c1,0,0,11,429.39,3.89,167.54,2,9,7,3
CCn1cc(C(=O)O)c(=O)c2cc3c(cc21)OCO3,0,0,12,261.23,1.45,77.76,1,4,2,2
O=C1OCCN1/N=C/c1ccc([N+](=O)[O-])o1,1,3,9,225.16,0.97,98.18,0,6,3,1
c1coc(-c2nc3ccccc3[nH]2)c1,1,3,9,184.2,2.82,41.82,1,2,1,3
ON=C1C=CC(=NO)C=C1,1,3,11,138.13,0.77,65.18,2,4,0,0
Cn1cc(C(=O)[C@@H]2CCc3[nH]cnc3C2)c2ccccc21,0,0,11,279.34,2.89,50.68,1,2,2,3
Cc1ccc(S(=O)(=O)Oc2ccc(N=Nc3ccc(-c4ccc(N=Nc5c(O)ccc6cc(S(=O)(=O)[O-])cc(S(=O)(=O)[O-])c56)c(C)c4)cc3C)cc2)cc1,0,0,8,784.85,8.54,227.44,1,14,10,6
CN(C)c1ccc(C(=N)c2ccc(N(C)C)cc2)cc1,1,3,10,267.38,3.23,30.33,1,3,4,2
COc1ccc(CCN2CCC(Nc3nc4ccccc4n3Cc3ccc(F)cc3)CC2)cc1,0,0,4,458.58,5.35,42.32,1,4,8,4
O=C(CCN1CCN2CCCC2C1)N1c2ccccc2Sc2ccc(Cl)cc21,0,0,10,413.97,4.64,26.79,0,4,3,2
Cc1cccc(C)c1NC1=NCCCS1,0,0,12,220.34,3.21,24.39,1,3,1,1
CN(C)C(=O)NC1(c2ccccc2)CCN(CC[C@@]2(c3ccc(F)c(F)c3)CN(C(=O)c3ccccc3)CCO2)CC1,0,0,10,576.69,4.99,65.12,1,4,7,3
OC12N=C(c3ccccc3)SC1Cc1cc(Cl)ccc12,1,4,11,301.8,3.6,32.59,1,3,1,2
CO[C@@H]1COCC[C@@H]1[NH2+][C@@H]1CC[C@@](C(=O)N2CCc3ncc(C(F)(F)F)cc3C2)(C(C)C)C1.O=C([O-])CCC(=O)O,0,0,11,587.64,1.15,145.7,2,7,8,1
Fc1ccccc1[C@@H](F)CO[C@H]1CC[C@H](Nc2[nH]cnc3nncc2-3)CC1,1,1,5,373.41,3.89,75.72,2,5,6,1
CCOc1cccc(-n2cc(C(=O)N3CCN(c4cc(C(=O)[O-])c5ccccc5c4)CC3)nc2-c2ccc(C)cc2)c1,1,2,8,559.65,4.73,90.73,0,6,7,5
CCCCc1ccc2c(n1)[C@@H](c1ccc(OC)cc1C[C@H](C)C(=O)[O-])[C@H](C(=O)[O-])[C@H]2c1ccc2c(c1)OCO2,0,0,12,529.59,2.73,120.84,0,8,10,3
CC(C)(O)c1cnn2c(-c3ccc(F)c(-c4c(F)cccc4C#N)c3)cnc2n1,1,2,8,391.38,3.84,87.1,1,5,3,4
Cc1ncc([C@@H](CCCCCCc2ccc3c(n2)NCCC3)CC(=O)O)cn1,0,0,10,382.51,4.29,88.0,2,5,10,2
CC(C)(C)NCC(O)COc1ccccc1OCC1CCCO1,0,0,2,323.43,2.37,59.95,2,5,8,1
S=c1nccc[nH]1,1,1,10,112.16,1.14,28.68,1,2,0,1
N=c1ccn2c(n1)O[C@H]1[C@H](O)[C@@H](CO)O[C@H]12,1,1,12,225.2,-1.63,100.59,3,6,1,1
c1csc(-c2ccc(-c3cccs3)s2)c1,1,9,9,248.4,5.21,0.0,0,3,2,3
OC[C@H]1O[C@@H]2O[C@H]3[C@H](O)[C@@H](O)[C@@H](O[C@H]4[C@H](O)[C@@H](O)[C@@H](O[C@H]5[C@H](O)[C@@H](O)[C@@H](O[C@H]6[C@H](O)[C@@H](O)[C@@H](O[C@H]7[C@H](O)[C@@H](O)[C@@H](O[C@H]8[C@H](O)[C@@H](O)[C@@H](O[C@H]1[C@H](O)[C@H]2O)O[C@@H]8CO)O[C@@H]7CO)O[C@@H]6CO)O[C@@H]5CO)O[C@@H]4CO)O[C@@H]3CO,0,0,12,1134.99,-15.23,554.05,21,35,7,0
O=C(Oc1ccccc1)c1cccc(C(=O)Oc2ccccc2)c1,1,2,9,318.33,4.13,52.6,0,4,4,3
c1coc(CNc2[nH]cnc3ncnc2-3)c1,0,0,10,215.22,1.51,79.63,2,5,3,1
O=C1CCCCCCCCCCCC(=O)OCCO1,0,0,10,270.37,3.38,52.6,0,4,0,0
C=C1CC[C@@]2(O)[C@H]3Cc4ccc(O)c5c4[C@@]2(CCN3CC2CC2)[C@H]1O5,1,1,12,339.44,2.51,52.93,2,4,2,1
Oc1ccc2c3c1O[C@H]1[C@@H](O)CC[C@@]4(O)[C@@H](C2)N(CC2CCC2)CC[C@]314,0,0,8,357.45,1.71,73.16,3,5,2,1
COc1c(C)c2c(c(O)c1C/C=C(\C)CCC(=O)OCCN1CCOCC1)C(=O)OC2,1,3,7,433.5,2.52,94.53,1,8,9,1
O=C1CC[C@H](C(=O)N2CCCCC2)N1,0,0,12,196.25,0.28,49.41,1,2,1,0
CCCCC1C(=O)NC(=O)N(C2CCCCC2)C1=O,0,0,12,266.34,2.2,66.48,1,3,4,0
Cc1nccn1CC1CCc2c(c3ccccc3n2C)C1=O,0,0,12,293.37,3.13,39.82,0,2,2,3
C[C@H](CN1CCCC1)C(=O)c1ccc(C(F)(F)F)cc1,1,1,11,285.31,3.62,20.31,0,2,4,1
COc1ccccc1N1CCN(CC(O)COc2cccc3ccccc23)CC1,1,1,9,392.5,3.41,45.17,1,5,7,3
COc1nc(C)nc(Cl)c1NC1=NCCN1,1,1,11,241.68,0.82,71.43,2,6,2,1
C[C@H]1[C@@H]2Cc3ccc(O)cc3[C@@]1(C)CCN2C.C[C@H]1[C@@H]2Cc3ccc(O)cc3[C@@]1(C)CCN2C,0,0,11,462.68,5.09,46.94,2,4,0,2
CO[C@@]12CC[C@@]3(C[C@@H]1[C@](C)(O)C(C)(C)C)[C@H]1Cc4ccc(O)c5c4[C@@]3(CCN1CC1CC1)[C@H]2O5,1,1,6,467.65,4.41,62.16,2,5,4,1
O=C(O)c1ccc(-n2nc(-c3ccccc3O)nc2-c2ccccc2O)cc1,0,0,7,373.37,3.71,108.47,3,5,4,4
CC(C)(C)c1ccc(CCOc2ncnc3ccccc23)cc1,0,0,12,306.41,4.55,35.01,0,3,4,3
Oc1cccc2cccnc12.Oc1cccc2cccnc12,1,4,8,290.32,3.88,66.24,2,4,0,4
C[C@]12CC[C@H]3C(=CCc4cc(O)ccc43)[C@@H]1CCC2=O,1,4,7,268.36,3.74,37.3,1,2,0,1
O=C1[O][Pt]2([NH][C@@H]3CCCC[C@H]3[NH]2)[O]C1=O,1,1,10,395.27,-0.6,76.66,2,6,0,0
CC1=CC(=O)[N-]S(=O)(=O)O1,0,0,12,162.15,0.07,74.54,0,4,0,0
CN1COCN(Cc2cnc(Cl)s2)C1=N[N+](=O)[O-],0,0,11,291.72,1.02,84.1,0,5,3,1
N#C/N=C1\SCCN1Cc1ccc(Cl)nc1,0,0,11,252.73,2.12,52.28,0,4,2,1
O=C(CCCN1CCN(c2ccccn2)CC1)c1ccc(F)cc1,0,0,11,327.4,3.01,36.44,0,4,6,2
O=C(CCCN1CCC(n2c(=O)[nH]c3ccccc32)CC1)c1ccc(F)cc1,1,1,11,381.45,3.77,58.1,1,3,6,3
Cc1c(NC(=O)c2cccnc2)c(=O)n(-c2ccccc2)n1C,0,0,12,308.34,2.13,68.92,1,3,3,3
C[C@]12C[C@H]3S[C@H]3C[C@@H]1CC[C@@H]1[C@@H]2CC[C@]2(C)[C@@H](O)CC[C@@H]12,1,4,8,306.52,4.48,20.23,1,2,0,0
Cc1cc(C(=O)NNCc2ccccc2)no1,1,1,8,231.26,1.42,67.16,2,4,4,2
COC(=O)C1=C(C)NC(C)=C(C(=O)OC(C)C)C1c1cccc2nonc12,0,0,11,371.39,2.58,103.55,1,8,4,2
CCOc1cc(C(C)(C)C)ccc1C1COC(c2c(F)cccc2F)=N1,1,2,7,359.42,5.18,30.82,0,3,4,2
Nc1nc(=O)c2nc(CNc3ccc(C(=O)N[C@@H](CCC(=O)O)C(=O)O)cc3)cnc2[nH]1,1,1,12,441.4,-0.04,213.28,6,9,9,3
CC1(c2ccc(Oc3ccccc3)cc2)OC(=O)N(Nc2ccccc2)C1=O,1,2,6,374.4,4.7,67.87,1,5,5,3
Oc1ccccc1-c1nnco1,0,0,2,162.15,1.44,59.15,1,4,1,2
CN1Cc2cc(C(=O)N3CCC(C4CCNCC4)CC3)ccc2N[C@@H](CC(=O)O)C1=O,0,0,1,428.53,1.77,101.98,3,5,4,1
O=C(C1CCCCC1)N1CC(=O)N2CCCc3ccccc3C2C1,0,0,1,326.44,2.93,40.62,0,2,1,1
OC1(c2ccc(Cl)c(C(F)(F)F)c2)CCN(CCCC(c2ccc(F)cc2)c2ccc(F)cc2)CC1,1,1,2,523.97,7.53,23.47,1,2,7,3
O=C1CCCC(=O)O1,0,0,11,114.1,0.24,43.37,0,3,0,0
O=C(Cc1ccccc1)OCCc1ccccc1,0,0,12,240.3,3.02,26.3,0,2,5,2
OC[C@H]1O[C@H](O[C@H]2O[C@H](CO)[C@@H](O)[C@H](O)[C@H]2O)[C@H](O)[C@@H](O)[C@@H]1O,0,0,12,342.3,-5.4,189.53,8,11,4,0
C=C1C[C@]23C[C@@]1(O)CC[C@H]2[C@@]12C=C[C@H](O)[C@@](C)(C(=O)O1)[C@H]2[C@@H]3C(=O)O,0,0,12,346.38,1.03,104.06,3,5,1,0
Cc1[nH]c(=O)c(C#N)cc1-c1ccc2nccn2c1,0,0,12,250.26,1.87,73.95,1,3,1,3
c1cc(CN2CCCCC2)cc(OCCCNc2nc3ccccc3s2)c1,0,0,2,381.55,5.16,37.39,1,5,8,3
CN(C)C/C=C(/c1ccc(Br)cc1)c1cccnc1,0,0,11,317.23,3.84,16.13,0,2,4,2
c1ccc2c(c1)ccc1ncccc12,1,2,9,179.22,3.39,12.89,0,1,0,3
O=C1CCC(c2ccccc2)(C2CCN(Cc3ccccc3)CC2)C(=O)N1,0,0,10,362.47,3.27,49.41,1,3,4,2
CS(=O)(=O)Nc1cc2occ(NC=O)c(=O)c2cc1Oc1ccccc1,0,0,10,374.37,2.53,114.71,2,6,6,3
CC(C)(C)C1(CCc2ccc(Cl)cc2)CO1,0,0,11,238.76,4.09,12.53,0,1,3,1
CNCCCC1c2ccccc2C=Cc2ccccc21,0,0,11,263.38,4.3,12.03,1,1,4,2
CSCC[C@H](NC(=O)[C@H](Cc1ccc(OS(=O)(=O)O)cc1)NC(=O)[C@@H](N)CC(=O)O)C(=O)NCC(=O)N[C@@H](Cc1c[nH]c2ccccc12)C(=O)N[C@@H](CCSC)C(=O)N[C@@H](CC(=O)O)C(=O)N[C@@H](Cc1ccccc1)C(N)=O,1,2,10,1143.29,-1.33,426.8,13,16,33,4
O=C(NCCCN1CCOCC1)c1ccc(Cl)cc1,0,0,11,282.77,1.79,41.57,1,3,5,1
CCN(C(=O)c1cc(C)cc(OC[C@H](C)Nc2ccncc2)c1)C(C)C,0,0,11,355.48,4.14,54.46,1,4,8,2
CNS(=O)(=O)c1cc(C(=O)N2CCC(CCN3C4CCC3CC(n3c(C)nc5ccccc53)C4)(c3cccc(F)c3)CC2)c(Cl)cc1F,1,1,8,696.26,6.62,87.54,1,5,8,4
Cc1oc(-c2ccccc2)nc1CCOc1ccc(C[C@H](Nc2ccccc2C(=O)c2ccccc2)C(=O)O)cc1,1,1,4,546.62,6.61,101.66,2,6,12,5
CCCCN1C(=O)[C@@H]([C@H](O)C2CCCCC2)NC(=O)C12CCN(Cc1ccc(Oc3ccc(C(=O)O)cc3)cc1)CC2,1,2,8,577.72,4.58,119.41,3,6,10,2
CCc1cc(SCc2sc(-c3ccc(C(F)(F)F)cc3)nc2CN2CCN(c3ccc(OC)cc3)CC2)ccc1OCC(=O)O,1,3,6,657.78,7.48,75.13,1,8,12,4
CC(=O)c1ccc2c(c1)[C@H](NC(=O)c1ccc(F)cc1)[C@@H](O)C(C)(C)O2,0,0,12,357.38,3.03,75.63,2,4,3,2
NC(=O)N(O)[C@@H]1COc2cc(OCc3ccccc3)ccc21,1,1,7,300.31,2.47,85.02,2,4,4,2
O=C(OCCCCCCOC(=O)c1ccccc1)c1ccccc1,1,2,12,326.39,4.26,52.6,0,4,9,2
N=C(N)NN=C(C=Cc1ccc([N+](=O)[O-])o1)C=Cc1ccc([N+](=O)[O-])o1,1,7,8,360.29,2.25,186.82,3,8,7,2
CCN1C(=CC=Cc2ccc3ccccc3[n+]2CC)C=Cc2ccccc21,1,3,6,353.49,5.6,7.12,0,1,4,3
O=c1ssc(Cl)c1Cl,1,2,7,187.07,2.48,17.07,0,3,0,1
Nc1ccccc1C(=O)OCC=Cc1ccccc1,1,1,7,253.3,3.14,52.32,1,3,4,2
CCc1cccc2c3c([nH]c12)C(CC)(CC(=O)O)OCC3,1,1,12,287.36,3.38,62.32,2,2,4,2
COC(=O)C(c1ccccc1)C1CCCCN1,0,0,12,233.31,2.09,38.33,1,3,3,1
CC#C[C@]1(O)CC[C@H]2[C@@H]3CCC4=CC(=O)CCC4=C3[C@@H](c3ccc(N(C)C)cc3)C[C@@]21C,1,4,8,429.6,5.41,40.54,1,3,2,1
CN1CCN2c3ncccc3Cc3ccccc3C2C1,0,0,10,265.36,2.48,19.37,0,3,0,2
Cc1nc2c([nH]1)c(=O)n(C)c(=O)n2Cc1ccco1,0,0,10,260.25,0.37,85.82,1,4,2,3
O=C1NCN(c2ccccc2)C12CCN(CCCC(c1ccc(F)cc1)c1ccc(F)cc1)CC2,0,0,6,475.58,5.31,35.58,1,3,7,3
O=c1c2ccccc2[se]n1-c1ccccc1,1,1,7,274.18,2.05,22.0,0,1,1,3
CC(=O)SC[C@@H](C)C(=O)N1CCC[C@H]1C(=O)N[C@@H](Cc1ccccc1)C(=O)O,0,0,12,406.5,1.71,103.78,2,5,8,1
C/C=C1\NC(=O)[C@H]2CSSCCC=C[C@H](CC(=O)N[C@H](C(C)C)C(=O)N2)OC(=O)[C@H](C(C)C)NC1=O,1,5,7,540.71,1.43,142.7,4,8,2,0
C#CCC(Cc1cnc2nc(N)nc(N)c2n1)c1ccc(C(=O)N[C@@H](CCC(=O)O)C(=O)O)cc1,1,1,7,477.48,0.98,207.3,5,9,10,3
NC1CCN(c2cccc(Cl)n2)CC1,0,0,12,211.7,1.66,42.15,1,3,1,1
CC[N+](CC)(CC(=O)Nc1c(C)cccc1C)Cc1ccccc1.O=C([O-])c1ccccc1,0,0,11,446.59,4.35,69.23,1,3,8,3
O=C([O-])c1[nH]n(-c2ccc(S(=O)(=O)[O-])cc2)c(=O)c1/N=N/c1ccc(S(=O)(=O)[O-])cc1,0,0,12,465.4,-0.25,217.04,1,11,6,3
CC(/C=C/C=C(\C)C(=O)O[C@@H]1O[C@H](CO[C@@H]2O[C@H](CO)[C@@H](O)[C@H](O)[C@H]2O)[C@@H](O)[C@H](O)[C@H]1O)=C\C=C\C=C(C)\C=C\C=C(/C)C(=O)O[C@@H]1O[C@H](CO[C@@H]2O[C@H](CO)[C@@H](O)[C@H](O)[C@H]2O)[C@@H](O)[C@H](O)[C@H]1O,1,1,10,976.97,-5.23,391.2,14,24,18,0
O=c1[nH][nH]c(=O)c2cc([N+](=O)[O-])ccc12,0,0,11,207.14,0.12,108.86,2,4,1,2
C/C(=C1\CCOC(=O)S1)N(C=O)Cc1cnc(C)nc1N,0,0,2,308.36,1.83,98.41,1,7,4,1
O=C1CCCCCCCCCCCCCC1,1,1,11,224.39,5.03,17.07,0,1,0,0
Cc1nc2ccccc2c(=O)o1,0,0,10,161.16,1.5,43.1,0,3,0,2
CCOC(=O)C1=C[C@]2(CC)CCCN3CCc4c(n1c1ccccc41)[C@@H]32,0,0,11,350.46,4.15,34.47,0,3,3,2
c1nc[n-]n1,1,1,11,68.06,-0.57,39.88,0,2,0,1
O=c1nn[nH]c2ccccc12,0,0,12,147.14,0.32,58.64,1,3,0,2
c1ccc(COCc2ccccc2)cc1,0,0,12,198.27,3.4,9.23,0,1,4,2
CN(C(=O)CN(CCO)CC(=O)N(C)C(C)(C)Cc1ccccc1)C(C)(C)Cc1ccccc1,0,0,11,467.65,3.24,64.09,1,4,12,2
Cc1cc2c(C(C)C)c(O)c(O)c(C=O)c2c(O)c1-c1c(C)cc2c(C(C)C)c(O)c(O)c(C=O)c2c1O,1,2,6,518.56,6.38,155.52,6,8,5,4
CC(C)c1c(C(=O)Nc2ccccc2)c(-c2ccccc2)c(-c2ccc(F)cc2)n1CC[C@@H](O)C[C@@H](O)CC(=O)[O-].CC(C)c1c(C(=O)Nc2ccccc2)c(-c2ccccc2)c(-c2ccc(F)cc2)n1CC[C@@H](O)C[C@@H](O)CC(=O)[O-],1,2,10,1115.28,9.96,229.24,6,10,24,8
COC1=CC(=O)C[C@@H](C)[C@]12Oc1c(Cl)c(OC)cc(OC)c1C2=O,1,4,11,352.77,2.81,71.06,0,6,3,1
COC1=CC(=O)O[C@@H](/C=C/c2ccc3c(c2)OCO3)C1,1,1,7,274.27,2.27,53.99,0,5,3,1
Oc1cc2c(cc1O)[C@H]1c3ccc(O)c(O)c3OC[C@@]1(O)C2,0,0,8,302.28,1.32,110.38,5,6,0,2
OC[C@H]1O[C@@H](O[C@@H]2[C@@H](CO)O[C@](O)(CO)[C@H]2O)[C@H](O)[C@@H](O)[C@H]1O,0,0,12,342.3,-5.4,189.53,8,11,5,0
COc1cccc(OC)c1C(=O)N[C@@H]1C(=O)N2[C@@H]1SC(C)(C)[C@@H]2C(=O)[O-],1,2,12,379.41,-0.39,108.0,1,7,5,1
CC[C@@H](C)CCCCC(=O)N[C@H](CCN)C(=O)N[C@@H](C(=O)N[C@H](CCN)C(=O)N[C@@H]1CCNC(=O)C([C@@H](C)O)NC(=O)[C@@H](CCN)NC(=O)[C@@H](CCN)NC(=O)[C@@H](CC(C)C)NC(=O)[C@@H](Cc2ccccc2)NC(=O)[C@@H](CCN)NC1=O)[C@@H](C)O,0,0,10,1203.5,-5.24,490.66,18,18,29,1
S=C(SSSSSSC(=S)N1CCCCC1)N1CCCCC1,1,2,7,448.84,6.5,6.48,0,8,5,0
CN1C(=O)CCS(=O)(=O)C1c1ccc(Cl)cc1,0,0,12,273.74,1.62,54.45,0,3,1,1
CC1(C)N=C(N)N=C(N)N1c1ccc(Cl)cc1,0,0,6,251.72,1.53,80.0,2,5,1,1
C[C@@H](O[C@H]1OCCN(CC2=NC(=O)N=N2)[C@H]1C1CCC(F)CC1)c1cc(C(F)(F)F)cc(C(F)(F)F)c1,0,0,7,538.46,6.34,75.85,0,5,6,1
COC(=O)C1=C(C)NC(C)=C(C(=O)O[C@@H]2CCCN(Cc3ccccc3)C2)[C@@H]1c1cccc([N+](=O)[O-])c1,1,1,8,505.57,4.21,111.01,1,8,7,2
CO.COc1cc(Nc2c(C#N)cnc3cc(OCCCN4CCN(C)CC4)c(OC)cc23)c(Cl)cc1Cl,1,2,3,562.5,4.8,103.11,2,9,9,3
CCN(CC)CCCN(c1ccccc1)C1Cc2ccccc2C1,0,0,4,322.5,4.39,6.48,0,2,8,2
CNC(=O)c1ccccc1Sc1ccc2c(/C=C/c3ccccn3)n[nH]c2c1,1,1,2,386.48,4.64,70.67,2,4,5,4
CC(=O)c1ccc[nH]1,0,0,11,109.13,1.22,32.86,1,1,1,1
O=C(Nc1ccccc1)N(Cc1ccc(Cl)cc1)C1CCCC1,1,2,8,328.84,5.32,32.34,1,1,4,2
O=C1Cc2ccccc2N1c1c(Cl)cccc1Cl,1,3,10,278.14,4.21,20.31,0,1,1,2
CC(C)c1cccc(C(C)C)c1N1C(=O)c2ccc(O)cc2C1=O,1,5,8,323.39,4.44,57.61,1,3,3,2
COc1cc(OC)c(C(=O)CCCN2CCCC2)c(OC)c1,0,0,12,307.39,2.77,48.0,0,5,8,1
C[C@@H]1[C@H](O)[C@@H](C)C=CC=CCCC=CC=CC=CC=C[C@H](O[C@H]2O[C@@H](C)[C@H](O)[C@@H](N)[C@H]2O)CC2O[C@](O)(C[C@@H](O)[C@H](O)CC[C@@H](O)C[C@@H](O)C[C@@H](O)CC(=O)O[C@H]1C)C[C@H](O)[C@H]2C(=O)O,0,0,10,926.11,0.94,319.61,12,17,3,0
COC(=O)Nc1nc2cc(C(=O)c3ccccc3)ccc2[nH]1,1,5,9,295.3,2.97,84.08,2,4,3,3
Nc1cc(N2CCCCC2)nc(N)[n+]1[O-],0,0,12,209.25,-0.13,95.11,2,5,1,1
CC(C)[C@H]1CC[C@H](C(=O)N[C@H](Cc2ccccc2)C(=O)O)CC1,0,0,11,317.43,3.26,66.4,2,2,6,1
O=C([O-])[C@H]1/C(=C/CO)O[C@@H]2CC(=O)N21,0,0,8,198.15,-2.43,89.9,1,5,2,0
CC[C@H]1OC(=O)C[C@@H](O)[C@H](C)[C@@H](O[C@@H]2O[C@H](C)[C@@H](O)[C@H](N(C)C)[C@H]2O)[C@@H](CCN2C[C@H](C)C[C@H](C)C2)C[C@@H](C)C(=O)C=CC(C)=C[C@@H]1CO[C@@H]1O[C@H](C)[C@@H](O)[C@@H](OC)[C@H]1OC,0,0,9,869.15,3.34,186.15,4,15,12,0
COc1ccc2[nH]c(S(=O)Cc3ncc(C)c(OC)c3C)nc2n1,1,2,11,346.41,2.29,89.99,1,6,5,3
O=C(O)CCn1c2c(c3ccccc31)C[C@H](NS(=O)(=O)c1ccc(F)cc1)CC2,0,0,1,416.47,3.09,88.4,2,3,6,3
CCNC(=O)[C@@H]1CCCN1C(=O)[C@H](CCCNC(=N)N)NC(=O)[C@H](CC(C)C)NC(=O)[C@@H](Cc1c[nH]c2ccccc12)NC(=O)[C@H](Cc1ccc(O)cc1)NC(=O)[C@H](CO)NC(=O)[C@H](Cc1c[nH]c2ccccc12)NC(=O)[C@H](Cc1c[nH]cn1)NC(=O)[C@@H]1CCC(=O)N1,0,0,1,1282.48,-0.55,444.83,17,14,32,6
COc1cc2c(Nc3ccc(Br)cc3F)ncnc2cc1OCC1CCN(C)CC1,0,0,2,475.36,5.0,59.51,1,6,6,3
CC(C)Nc1cccnc1N1CCN(C(=O)c2cc3cc(NS(C)(=O)=O)ccc3[nH]2)CC1,0,0,10,456.57,2.72,110.43,3,6,6,3
C#C[C@]1(O)CC[C@H]2[C@@H]3CCC4=CCCC[C@@H]4[C@H]3C(=C)C[C@@]21CC,1,5,9,310.48,4.87,20.23,1,1,1,0
COC(=O)C1=C(C)NC(C)=C(C(=O)OCCN2CCN(C(c3ccccc3)c3ccccc3)CC2)C1c1cccc([N+](=O)[O-])c1,1,1,6,610.71,4.95,114.25,1,9,10,3
O=c1oc2ccccc2c(O)c1C1CCCc2ccccc21,1,2,11,292.33,3.97,50.44,1,3,1,3
CCN(Cc1cccnc1)C(=O)c1cccc(Cl)c1[C@]1(C)C(=O)N(Cc2ccc(OC)cc2OC)c2ccc(Cl)cc21,1,2,4,604.53,6.92,71.97,0,5,9,4
NCc1cccc(C2CCN(C(=O)c3ccc(C#Cc4ccccc4F)o3)CC2)c1,1,1,7,402.47,4.3,59.47,1,3,3,3
CC[C@H](NC(=O)c1cc(F)ccc1[N-]S(=O)(=O)c1cccc2cccnc12)c1ccccc1,1,1,8,462.53,5.65,90.23,1,4,7,4
O=C(O)c1ccccc1-n1cc(C(=O)O)c(=O)c2cc(Nc3c(F)cc(F)cc3Cl)c(Cl)cc21,0,0,12,505.26,5.72,108.63,3,4,5,4
COc1ccc(C(=O)Nc2nc3ccccc3c(NCc3ccccc3)c2C#N)cc1,1,2,7,408.46,4.98,87.04,2,5,6,4
CCOC(=O)O[C@H](C)OC(=O)c1ccc2c(c1)cc(C(=O)NC1CCN(C(C)C)CC1)n2Cc1cc(-c2ccc(Cl)s2)on1,0,0,2,643.16,6.34,125.13,1,10,10,4
O=C(NC(=O)c1cc(F)c(F)cc1Cl)Nc1cc(F)ccc1N1CCC(C(=O)O)CC1,0,0,12,455.82,4.02,98.74,3,4,4,2
O=C1Nc2ccc(Cl)cc2[C@@](C#CC2CC2)(C(F)(F)F)O1,1,3,9,315.68,4.07,38.33,1,2,0,1
CNC1=Nc2ccc(Cl)cc2C(c2ccccc2)=[N+]([O-])C1,0,0,10,299.76,2.95,50.46,1,3,1,2
NS(=O)(=O)Cc1noc2ccccc12,0,0,12,212.23,0.62,86.19,1,4,2,2
Cc1nnc2n1-c1sc(CCc3ccc(CC(C)C)cc3)cc1C(c1ccccc1Cl)=NC2C,1,3,7,489.09,7.19,43.07,0,4,6,4
Cc1ccc2cc3c(ccc4ccccc43)c3c2c1CC3,1,3,7,268.36,5.55,0.0,0,0,0,4
COCCCN1CCC(NC(=O)c2cc(Cl)c(N)c3c2OCC3)CC1,0,0,2,367.88,2.09,76.82,2,5,6,1
O=C(O)CCCC[P+](c1ccccc1)(c1ccccc1)c1ccccc1,0,0,2,363.42,4.24,37.3,1,1,8,3
Cc1cccc(N(C)C(=S)Oc2ccc3c(c2)CCC3)c1,1,1,12,297.42,4.28,12.47,0,2,2,2
CO/N=C(/C(=O)N[C@@H]1C(=O)N2C(C(=O)O)=C(Cn3nnc(C)n3)CS[C@H]12)c1csc(N)n1,0,0,12,479.5,-1.19,190.81,3,12,7,2
O=C(NN1CCCC1)NS(=O)(=O)c1ccc(Cl)cc1,0,0,12,303.77,1.34,78.51,2,4,3,1
c1ccc(C2CC2)c(OCC2=NCCN2)c1,0,0,12,216.28,1.94,33.62,1,3,4,1
Oc1cc(O)c2c(c1)O[C@H](c1ccc(O)c(O)c1)[C@H](O)C2,0,0,10,290.27,1.55,110.38,5,6,1,2
O=C1CCc2cc(OCCCCc3nnnn3C3CCCCC3)ccc2N1,1,1,12,369.47,3.46,81.93,1,5,7,2
Clc1ccc(Cn2c(CN3CCCC3)nc3ccccc32)cc1,1,1,12,325.84,4.33,21.06,0,2,4,3
O=C(Nc1ccccc1-c1ccc(Cl)cc1)c1cccnc1Cl,0,0,11,343.21,5.31,41.99,1,2,3,3
O=C1CC(c2ccc(Cl)cc2)CC(=O)N1,0,0,2,223.66,1.86,46.17,1,2,1,1
Cc1nc2n(c(=O)c1CCN1CCC(C(=O)c3ccc(F)cc3)CC1)CCS2,0,0,1,401.51,2.93,55.2,0,5,5,2
O=C(O)c1cn(C2CC2)c2cc(Cl)c(F)cc2c1=O,0,0,2,281.67,2.83,59.3,1,2,2,2
CC(C)(C)C1CCC(CC2=C(O)C(=O)c3ccccc3C2=O)CC1,1,1,2,326.44,5.12,54.37,1,3,2,1
CC(C)(C)NC(=O)[C@H]1CC[C@H]2[C@@H]3CC=C4C=C(C(=O)O)CC[C@]4(C)[C@H]3CC[C@]12C,0,0,8,399.58,5.1,66.4,2,2,2,0
CC1=Nc2ccc3ccccc3c2C1(C)C,1,2,9,209.29,4.22,12.36,0,1,0,2
Nc1nc(=S)[nH][nH]1,0,0,12,116.15,0.05,70.49,3,3,0,1
C[Si](NC1CCCCC1)(NC1CCCCC1)NC1CCCCC1,0,0,12,337.63,4.32,36.09,3,3,6,0
CNC(=O)Oc1ccccc1C1OCCO1,0,0,10,223.23,1.45,56.79,1,4,2,1
CC(Cc1ccccc1)N(C)Cc1ccco1,0,0,2,229.32,3.34,16.38,0,2,5,2
O=C(NCC1CN(c2ccc(N3CCOCC3=O)cc2)C(=O)O1)c1ccc(Cl)s1,0,0,2,435.89,2.52,88.18,1,6,5,2
CCOc1ccccc1OCC1CNCCO1,0,0,2,237.3,1.45,39.72,1,4,5,1
Cc1ccc2c(c1)OCC(=O)CO2,0,0,10,178.19,1.34,35.53,0,3,0,1
CC1(C)C2CCC3(C2)[C@H]1C(=O)CCC3(C)C,0,0,11,220.36,3.82,17.07,0,1,0,0
COS(=O)(=O)[O-].Cn1c(-c2ccccc2)cc(-c2ccccc2)[n+]1C,1,1,10,360.44,2.28,75.24,0,4,3,3
C1=Cc2ccccc2C1,1,1,10,116.16,2.26,0.0,0,0,0,1
[NH2][Pt]1([NH2])[O]C(=O)C2(CCC2)C(=O)[O]1,1,1,11,369.23,-1.01,104.64,2,6,0,0
CN1CCC(OC(=O)C(Oc2ccc(Cl)cc2)Oc2ccc(Cl)cc2)CC1,0,0,9,410.3,4.41,48.0,0,5,6,2
Cc1nc(-c2ccc(Cl)cc2)oc1COC(C)(C)C(=O)O,1,2,12,309.75,3.68,72.56,1,4,5,2
CC(C)(Cc1c[nH]c2ccccc12)NCC(O)COc1ccccc1C#N,1,1,9,363.46,3.39,81.07,3,4,8,3
CC1=C[C@H](O)CC(C)(C)[C@H]1/C=C/C(C)=C/C=C/C(C)=C/C=C\C=C(C)\C=C\C=C(C)\C=C\C1=C(C)C[C@@H](O)CC1(C)C,1,1,7,568.89,10.4,40.46,2,2,10,0
C=CCn1c(=O)n([C@@H]2O[C@H](CO)[C@@H](O)[C@H]2O)c2nc(N)[nH]c(=O)c21,0,0,12,339.31,-2.73,168.62,5,8,4,2
O=C(Nc1ccccc1)OCC(CN1CCCCC1)OC(=O)Nc1ccccc1,0,0,10,397.48,4.34,79.9,2,5,7,2
O=C1CCc2ccccc2O1,0,0,12,148.16,1.54,26.3,0,2,0,1
c1cc(OCC2CO2)cc(OCC2CO2)c1,1,2,8,222.24,1.24,43.52,0,4,6,1
Cc1cc(C2CCCCC2)n(O)c(=O)c1.NCCO,1,1,1,268.36,1.38,88.48,3,4,2,1
NC(=O)c1cc[n+](CC2=C(C(=O)[O-])N3C(=O)[C@@H](NC(=O)[C@H](c4ccccc4)S(=O)(=O)[O-])[C@@H]3SC2)cc1,0,0,10,531.55,-2.24,193.71,2,9,8,2
C[C@H](C(=O)[O-])c1cccc(Oc2ccccc2)c1.C[C@H](C(=O)[O-])c1cccc(Oc2ccccc2)c1,1,1,12,482.53,4.66,98.72,0,6,8,4
C[C@]12C/C(=C/O)C(=O)C[C@@H]1CC[C@@H]1[C@@H]2CC[C@@]2(C)[C@H]1CC[C@]2(C)O,1,6,8,332.48,4.4,57.53,2,3,0,0
N=C(N)c1ccc(OCCCCCOc2ccc(C(=N)N)cc2)cc1.O=S(=O)(O)CCO.O=S(=O)(O)CCO,1,3,10,592.69,0.62,267.4,8,10,14,2
O=C(O)CN(CC(=O)O)CC1=CC2C(=CC1=O)Oc1cc(O)c(CN(CC(=O)O)CC(=O)O)cc1C21OC(=O)c2ccccc21,0,0,6,622.54,0.65,228.51,5,11,12,2
O=c1c2ccccc2oc2ccccc12,1,1,10,196.2,2.95,30.21,0,2,0,3
CC/N=c1/cc2oc3cc(NCC)c(C)cc3c(-c3ccccc3C(=O)OCC)c-2cc1C,1,4,7,442.56,6.35,63.83,1,5,6,2
CO[C@H]1C=CO[C@@]2(C)Oc3c(C)c(O)c4c(O)c(c(/C=N/N5CCN(C)CC5)c(O)c4c3C2=O)NC(=O)C(C)=CC=C[C@H](C)[C@H](O)[C@@H](C)[C@@H](O)[C@@H](C)[C@H](OC(C)=O)[C@@H]1C,1,1,12,822.95,4.34,220.15,6,15,4,2
C=C(C)[C@H]1Cc2c(ccc3c2O[C@@H]2COc4cc(OC)c(OC)cc4[C@@H]2C3=O)O1,1,2,8,394.42,3.7,63.22,0,6,3,2
CS(=O)(=O)NC(=O)CCC/C=C\C[C@H]1C(=O)C[C@@H](O)[C@@H]1/C=C/[C@H](O)COc1ccccc1,0,0,10,465.57,1.74,130.0,3,7,12,1
O=C(O)c1cccc(/C=C2/C[C@@H]3[C@@H](/C=C/[C@@H](O)C4CCCCC4)[C@H](O)C[C@@H]3O2)c1,1,1,8,398.5,4.01,86.99,3,4,5,1
S=C(NC1CCCCC1)NC1CCCCC1,1,2,9,240.42,3.12,24.06,2,1,2,0
CCCCC/C=C\CCC(=O)N[C@H]1[C@H](Oc2c3cc4cc2Oc2ccc(cc2Cl)[C@@H](O[C@@H]2O[C@H](CO)[C@@H](O)[C@H](O)[C@H]2NC(C)=O)[C@@H]2NC(=O)[C@H](NC(=O)[C@@H]4NC(=O)[C@H]4NC(=O)[C@@H](Cc5ccc(c(Cl)c5)O3)NC(=O)[C@@H](N)c3ccc(O)c(c3)Oc3cc(O)cc4c3)c3ccc(O)c(c3)-c3c(O[C@H]4O[C@H](CO)[C@@H](O)[C@H](O)[C@@H]4O)cc(O)cc3[C@H](C(=O)O)NC2=O)O[C@H](CO)[C@@H](O)[C@@H]1O,0,0,9,1877.66,0.94,662.41,24,33,19,7
CCOC(=O)[C@H](CCc1ccccc1)N[C@H]1CS[C@H](c2cccs2)CN(CC(=O)O)C1=O,0,0,11,476.62,2.97,95.94,2,7,10,2
COc1cc2c(cc1OC)CC(=O)N(CCCN(C)C[C@H]1Cc3cc(OC)c(OC)cc31)CC2,0,0,10,468.59,3.31,60.47,0,6,10,2
NS(=O)(=O)c1cc(-c2nnn[nH]2)c(NCc2cccs2)cc1Cl,1,1,11,370.85,1.84,126.65,3,7,5,3
CCOCCn1c(N2CCCN(C)CC2)nc2ccccc21,0,0,12,302.42,2.21,33.53,0,4,5,2
Fc1ccc(C2(Cn3cncn3)OC2c2ccccc2Cl)cc1,1,1,9,329.76,3.74,43.24,0,3,4,3
CC1=CC(=O)/C(=C(/C)[O-])C(=O)O1,0,0,11,167.14,-0.35,66.43,0,4,0,0
O=C1CCCCC1CN1CCCCC1,0,0,10,195.31,2.23,20.31,0,2,2,0
COc1ccccc1Oc1c(NS(=O)(=O)c2ccc(C(C)(C)C)cc2)nc(-c2ncccn2)nc1OCCO,0,0,9,551.63,4.2,145.65,2,10,10,4
Cc1ccc2c(c1)C1CN(C)CCC1N2,0,0,12,202.3,2.21,15.27,1,2,0,1
O=C(OC1CN2CCC1CC2)c1ccccc1,0,0,10,231.3,1.94,29.54,0,3,2,1
CN1CCC(=C2c3ccccc3C=Cc3ccccc32)CC1,0,0,11,287.41,4.7,3.24,0,1,0,2
N[C@@H]1CONC1=O,0,0,11,102.09,-1.62,64.35,2,3,0,0
NS(=O)(=O)c1cc2c(cc1Cl)NC(C1CC3C=CC1C3)NS2(=O)=O,0,0,12,389.89,1.23,118.36,3,5,2,1
O=C(Oc1ccc(Br)cc1)N1CCN2CCC1CC2,0,0,10,325.21,2.73,32.78,0,3,1,1
COc1ccc(S(=O)(=O)N2C(=O)[C@@](c3ccccc3OC)(N3C[C@H](O)C[C@H]3C(=O)N(C)C)c3cc(Cl)ccc32)c(OC)c1,0,0,7,630.12,2.87,125.92,1,9,8,3
O=C(C=Cc1ccccc1)OCCc1ccccc1,1,2,10,252.31,3.49,26.3,0,2,5,2
NC(=O)Cn1c(=O)cc(CCN2CCN(c3nccc4sccc34)CC2)c2ccc(F)cc21,0,0,8,465.55,2.6,84.46,1,6,6,4
C[C@H]1[C@H]2CC[C@H]3[C@@H]4CC=C5C[C@@H](N(C)C)CC[C@]5(C)[C@H]4CC[C@]23CN1C,0,0,2,356.6,4.81,6.48,0,2,1,0
CN(C)CCC[C@@]1(c2ccc(F)cc2)OCc2cc(C#N)ccc21,0,0,10,324.4,3.81,36.26,0,3,5,2
CC(C)C[C@@H]1NC(=O)[C@H](CCCN)NC(=O)[C@H](C(C)C)NC(=O)[C@@H]2CCCN2C(=O)[C@@H](Cc2ccccc2)NC(=O)[C@H](CC(C)C)NC(=O)[C@H](CCCN)NC(=O)[C@H](C(C)C)NC(=O)[C@@H]2CCCN2C(=O)[C@@H](Cc2ccccc2)NC1=O,1,3,5,1141.47,1.23,325.46,10,12,16,2
CC1=C2N=C(C=C3N=C(C(C)=C4[N]([Co+][CH2][C@H]5O[C@@H](n6cnc7c(N)ncnc76)[C@H](O)[C@@H]5O)C(C(CC(N)=O)C4(C)CCC(=O)NCC(C)OP(=O)([O-])O[C@H]4[C@@H](O)[C@@H](n5cnc6cc(C)c(C)cc65)O[C@@H]4CO)C4(C)N=C1C(CCC(N)=O)C4(C)CC(N)=O)C(CCC(N)=O)C3(C)C)C(CCC(N)=O)C2(C)CC(N)=O,0,0,8,1579.61,1.7,573.37,12,26,30,4
Cc1cc(C(=O)NCCc2ccc(S(=O)(=O)NC(=O)NN3CCCCCC3)cc2)no1,0,0,9,449.53,1.73,133.64,3,7,7,2
COc1ccc2c(c1)C(=O)N(CCc1ccc(S(=O)(=O)NC(=O)NC3CCCCC3)cc1)C(=O)C2(C)C,1,1,11,527.64,3.52,121.88,2,6,7,2
Cc1ccc(S(=O)(=O)NC(=O)NN2CC3CCCC3C2)cc1,0,0,11,323.42,1.63,78.51,2,4,3,1
CC1=C(C(=O)OCCN(Cc2ccccc2)c2ccccc2)C(c2cccc([N+](=O)[O-])c2)C(P2(=O)OCC(C)(C)CO2)=C(C)N1,0,0,7,631.67,7.3,120.24,1,9,10,3
O=S1(=O)OCCO1,0,0,11,124.12,-0.72,52.6,0,4,0,0
CN1C[C@H](CNC(=O)OCc2ccccc2)C[C@@H]2c3cccc4c3c(cn4C)C[C@H]21,0,0,6,403.53,4.06,46.5,1,3,4,3
CC(C)N1C(=O)N(c2ccccc2)CSC1=NC(C)(C)C,0,0,5,305.45,4.18,35.91,0,3,2,1
CC[C@]12CCCN3CCc4c(n(c5ccccc45)C(=O)C1)[C@@H]32,1,2,10,294.4,3.77,25.24,0,2,1,2
O=C(O)CCc1nc(-c2ccccc2)c(-c2ccccc2)o1,1,1,10,293.32,4.03,63.33,1,3,5,3
Clc1ccccc1-c1nc(-c2ccncc2)no1,1,4,11,257.68,3.45,51.81,0,4,2,3
O=c1[nH]c2ccccc2n1CCCN1CCC(n2c(=O)[nH]c3cc(Cl)ccc32)CC1,0,0,10,425.92,3.35,78.82,2,3,5,4
CC(C)C1(C)N=C(c2nc3ccccc3cc2C(=O)O)NC1=O,0,0,12,311.34,2.22,91.65,2,4,3,2
c1cc2c(c(NC3=NCCN3)c1)CCCC2,0,0,9,215.3,1.94,36.42,2,3,1,1
CC(C)(c1ccccc1)c1ccc(O)c(C(C)(C)c2ccccc2)c1,1,1,4,330.47,6.04,20.23,1,1,4,3
CCCN(CCC)C(=O)C(CCC(=O)OCCCN1CCN(CCOC(=O)Cc2c(C)n(C(=O)c3ccc(Cl)cc3)c3ccc(OC)cc23)CC1)NC(=O)c1ccccc1,1,3,6,844.45,6.16,139.72,1,10,21,4
O=C1[C@@H]2[C@H]3CC[C@H](C3)[C@@H]2C(=O)N1CCCCN1CCN(c2ncccn2)CC1,0,0,12,383.5,1.41,69.64,0,6,6,1
CN1CCC(N(Cc2cccs2)c2ccccc2)CC1,0,0,10,286.44,3.85,6.48,0,3,4,2
CC(=O)Oc1ccc(C2(c3ccc(OC(C)=O)cc3)Oc3ccccc3NC2=O)cc1,1,1,9,417.42,3.81,90.93,1,6,4,3
COc1cc(C(=O)OC(COCCC(C)C)CN2CCOCC2)cc(OC)c1OC,0,0,12,425.52,2.63,75.69,0,8,12,1
CCN1CCN(C(=O)N[C@@H](C(=O)N[C@@H]2C(=O)N3[C@@H]2SC(C)(C)[C@H]3C(=O)[O-])c2ccccc2)C(=O)C1=O,0,0,2,516.56,-1.57,159.26,2,8,6,1
O=C1NCCN1CCN1CCC(c2cn(-c3ccc(F)cc3)c3ccc(Cl)cc23)CC1,0,0,6,440.95,4.63,40.51,1,2,5,3
Oc1cccc(-c2c3nc(c(-c4cccc(O)c4)c4ccc([nH]4)c(-c4cccc(O)c4)c4nc(c(-c5cccc(O)c5)c5ccc2[nH]5)CC4)C=C3)c1,1,1,5,680.76,9.76,138.28,6,6,4,7
c1ccc(CCCc2ccncc2)cc1,1,3,11,197.28,3.26,12.89,0,1,4,2
COc1cc(Br)c(C[N+]2(CCOCCC3CCC4CC3C4(C)C)CCOCC2)cc1OC,0,0,8,511.52,5.29,36.92,0,4,10,1
Cc1cc(SCc2sc(-c3ccc(C(F)(F)F)c(F)c3)nc2C)ccc1OCC(=O)O,1,1,6,471.5,6.34,59.42,1,5,7,3
CCC(C(=O)OCCN1CCOC(c2ccccc2)C1C)c1ccccc1,0,0,2,367.49,4.19,38.77,0,4,7,2
CN1C2CCC(C)(C)C1CC(OC(=O)C(O)(c1cccs1)c1cccs1)C2,0,0,2,405.59,4.24,49.77,1,6,4,2
CCCc1nc2c(C)cc(-c3nc4ccccc4n3C)cc2n1Cc1ccc(-c2ccccc2C(=O)O)cc1,1,2,10,514.63,7.26,72.94,1,3,7,6
CC(C)(C)c1n[nH]c(=S)n(N)c1=O,0,0,11,200.27,0.31,76.7,2,4,0,1
O=C([O-])[C@H](CC(=O)N1C[C@H]2CCCC[C@H]2C1)Cc1ccccc1.O=C([O-])[C@H](CC(=O)N1C[C@H]2CCCC[C@H]2C1)Cc1ccccc1,1,1,10,628.81,3.27,120.88,0,6,10,2
O=C(NNCNNC(=O)c1ccncc1)c1ccncc1,1,1,9,286.3,-0.4,108.04,4,6,6,2
COC(=O)[C@H]1[C@H]2C[C@@H]3c4[nH]c5cc(OC)ccc5c4CCN3C[C@H]2C[C@@H](OC(=O)COc2ccc(OC)cc2)[C@@H]1OC,0,0,11,578.66,3.92,108.55,1,9,8,3
C[C@@H]1C[C@H]2[C@@H]3CCC4=CC(=O)C=C[C@]4(C)[C@@]3(F)[C@@H](O)C[C@]2(C)[C@@]1(O)C(=O)COC(=O)c1cccc(S(=O)(=O)[O-])c1,1,3,7,575.63,2.66,158.1,2,9,5,1
Oc1cn2c(n1)Nc1ccc(Cl)c(Cl)c1C2,1,1,11,256.09,3.0,50.08,2,3,0,2
FC(F)(F)c1cccc(C2=CCN(CCc3ccc4ccccc4c3)CC2)c1,1,1,11,381.44,6.19,3.24,0,1,4,3
CC[C@H]1CC[C@H](NCc2cc3c(cc2OC)[C@H]2C[C@H]2C(=O)N3C)[C@H](c2ccccc2)N1,1,1,7,419.57,4.14,53.6,2,4,6,2
CC(=O)S[C@@H]1CC2=CC(=O)CC[C@]2(C)[C@H]2CC[C@@]3(C)[C@@H](CC[C@@]34CCC(=O)O4)[C@H]12,1,4,9,416.58,4.85,60.44,0,5,1,0
CC[C@H](C)COC(=O)/C=C/c1ccc(/N=C/c2ccc(OC)cc2)cc1,1,2,8,351.45,5.05,47.89,0,4,8,2
O=c1oc2ccccc2c(O)c1C(CC(O)c1ccc(-c2ccc(Br)cc2)cc1)c1ccccc1,1,3,9,527.41,7.18,70.67,2,4,6,5
CO/N=C(/C(=O)OC)c1ccccc1CON=C(C)c1cccc(C(F)(F)F)c1,1,2,5,408.38,4.17,69.48,0,6,7,2
c1cnc2c(c1)ccc1cccnc12,1,3,9,180.21,2.78,25.78,0,2,0,3
COCCOC(=O)C1=C(C)NC(C)=C(C(=O)OC/C=C/c2ccccc2)C1c1cccc([N+](=O)[O-])c1,1,3,7,492.53,4.28,117.0,1,8,10,2
O1[As]2O[As]3O[As]1O[As](O2)O3,1,3,8,395.68,-1.93,55.38,0,6,0,0
C1C2OC2C2C1C1CC2C2OC12,0,0,12,164.2,0.81,25.06,0,2,0,0
CC[C@H]1OC(=O)[C@H](C)[C@@H](O[C@H]2C[C@@](C)(OC)[C@@H](O)[C@H](C)O2)[C@H](C)[C@@H](O[C@@H]2O[C@H](C)C[C@H](N(C)C)[C@H]2O)[C@](C)(O)C[C@@H](C)C(=NOCOCCOC)[C@H](C)[C@@H](O)[C@]1(C)O,0,0,12,837.06,2.21,216.89,5,17,13,0
CO[C@H]1C=CO[C@@]2(C)Oc3c(C)c(O)c4c(O)c(c(/C=N/N5CCN(C6CCCC6)CC5)c(O)c4c3C2=O)NC(=O)C(C)=CC=C[C@H](C)[C@H](O)[C@@H](C)[C@@H](O)[C@@H](C)[C@H](OC(C)=O)[C@@H]1C,1,1,6,877.05,5.65,220.15,6,15,5,2
CCC1(c2ccccc2)C(=O)NCNC1=O,0,0,12,218.26,0.54,58.2,2,2,2,1
O=C1[N-]C(=O)c2ccccc21,0,0,12,146.12,1.35,48.24,0,2,0,1
CCN(CC)CCn1c(=O)c(Cc2ccc(OC)cc2)nc2ccccc21,0,0,10,365.48,3.34,47.36,0,4,8,3
C[C@@H]1[C@@H]2Cc3ccc(O)cc3[C@@]1(C)CCN2CC1CC1,0,0,9,271.4,3.33,23.47,1,2,2,1
CC(C)C(=O)c1c(C(C)C)nn2ccccc12,0,0,12,230.31,3.3,34.37,0,2,3,2
COc1ccc(C(=O)Nc2ccccc2CCC2CCCCN2C)cc1,0,0,9,352.48,4.36,41.57,1,3,6,2
COc1cccc2c1[C@@H]1CN(CCCCn3c(=O)[nH]c4c(sc5ncc(-c6ccccc6)nc54)c3=O)C[C@@H]1CO2,1,1,4,555.66,4.26,102.34,1,8,7,5
CCCN(CC)CC1COC2(CCC(C(C)(C)C)CC2)O1,0,0,11,297.48,4.07,21.7,0,3,5,0
C=C1C(=O)O[C@H]2[C@H]1CCC(C)=CCC[C@@]1(C)O[C@@H]21,1,2,4,248.32,2.76,38.83,0,3,0,0
CN1CCN(c2c(F)cc3c(=O)c(C(=O)O)cn4c3c2SCC4)CC1,0,0,12,363.41,1.7,65.78,1,5,2,2
NC(=O)N1c2ccccc2CC(=O)c2ccccc21,0,0,11,252.27,2.64,63.4,1,2,0,2
c1ccc(-c2nc[nH]c2-c2ccccc2)cc1,1,1,10,220.28,3.74,28.68,1,1,2,3
CCN1CCN(C(=O)N[C@@H](C(=O)N[C@@H]2C(=O)N3C(C(=O)[O-])=C(CSc4nnnn4C)CS[C@H]23)c2ccc(O)cc2)C(=O)C1=O,0,0,2,644.67,-2.45,223.09,3,13,9,2
O=c1nc([O-])n(Cl)c(=O)n1Cl,0,0,12,196.96,-1.52,79.95,0,4,0,1
CN1CCN(C2=Nc3cc(Cl)ccc3Nc3ccccc32)CC1,0,0,8,326.83,3.72,30.87,1,4,0,2
Cc1ccc(S(=O)(=O)NC(=O)NC2CCCCCCC2)cc1,0,0,12,324.45,3.1,75.27,2,3,3,1
Cc1ccc(S(=O)(=O)NC(=O)NC2CCCC2)cc1,0,0,12,282.37,1.93,75.27,2,3,3,1
Cc1c(C)c2c(c(C)c1OC(=O)c1cccnc1)CC[C@@](C)(CCC[C@H](C)CCC[C@H](C)CCCC(C)C)O2,0,0,10,535.81,9.75,48.42,0,4,14,2
C[C@@H]1[C@H](O)[C@@H](C)C=CC=CC=CC=CC=CC=CC=C[C@H](O[C@@H]2O[C@H](C)[C@@H](O)[C@H](N)[C@@H]2O)C[C@@H]2O[C@](O)(C[C@@H](O)C[C@@H](O)[C@H](O)CC[C@@H](O)C[C@@H](O)CC(=O)O[C@H]1C)C[C@H](O)[C@H]2C(=O)O,1,1,8,924.09,0.71,319.61,12,17,3,0
C[C@@]12C(=O)OC(=O)[C@]1(C)C1CCC2O1,1,4,7,196.2,0.64,52.6,0,4,0,0
O=C1CCCCCCCCCCCCCCCO1,0,0,10,254.41,5.0,26.3,0,2,0,0
C1CCC(SSC2CCCCC2)CC1,0,0,12,230.44,5.03,0.0,0,2,3,0
O=C(Oc1cccc2cccnc12)c1ccccc1,1,2,7,249.27,3.45,39.19,0,3,2,3
C1=CCC2CC=CC2C1,0,0,10,120.19,2.53,0.0,0,0,0,0
CC(=O)Oc1ccccc1C(=O)Nc1ncc([N+](=O)[O-])s1,1,6,10,307.29,2.23,111.43,1,7,4,2
CS(=O)(=O)CCNCc1ccc(-c2ccc3ncnc(Nc4ccc(OCc5cccc(F)c5)c(Cl)c4)c3c2)o1,1,2,2,581.07,6.14,106.35,2,8,11,5
Nc1ccc(S(=O)(=O)NC(=O)c2ccccc2)cc1,0,0,12,276.32,1.39,89.26,2,4,3,2
OC(c1ccccc1)(c1ccccc1)C1CCNCC1,0,0,12,267.37,2.92,32.26,2,2,3,2
O=[N+]([O-])/N=C1\NCCN1Cc1ccc(Cl)nc1,0,0,12,255.66,0.69,83.66,1,3,3,1
CC(C)(C)C(O)(CCc1ccc(Cl)cc1)Cn1cncn1,1,2,12,307.82,3.34,50.94,1,3,5,2
c1ccc(NNc2ccccc2)cc1,1,1,11,184.24,3.13,24.06,2,2,3,2
O=C(OC1CCCCC1)c1ccccc1C(=O)OC1CCCCC1,1,1,9,330.42,4.67,52.6,0,4,4,1
CC(C)Cc1ccc(C(C)C(=O)OCc2ccccn2)cc1,0,0,2,297.4,4.13,39.19,0,3,6,2
O=C(OCCN1CCCCC1)C(O)(c1ccccc1)c1ccccc1,0,0,10,339.44,2.95,49.77,1,4,6,2
Cc1ncc2n1-c1ccc(Cl)cc1C(c1ccccc1F)=NC2,1,1,7,325.77,4.32,30.18,0,2,1,3
NC1CCN(c2nc3c(cc2F)c(=O)c(C(=O)O)cn3-c2ccc(F)cc2F)C1,1,2,10,404.35,2.04,101.45,2,5,3,3
Cc1cccc(C)c1N(CCCc1cccnc1)C(=O)C(C)N,1,1,10,311.43,3.01,59.22,1,3,6,2
O=C(CCC1CCN(Cc2ccccc2)CC1)c1ccc2c(c1)NCCCC2,1,2,10,376.54,5.31,32.34,1,3,6,2
O=P(O)(O)C(O)(Cc1cnc2ccccn12)P(=O)(O)O,0,0,10,322.15,-0.12,152.59,5,4,4,2
C[N+]1(CC2COC(c3ccccc3)(c3ccccc3)O2)CCCCC1,0,0,12,338.47,3.93,18.46,0,2,4,2
O=C(COCCOCCOCC(=O)Nc1c(I)cc(I)c(C(=O)O)c1I)Nc1c(I)cc(I)c(C(=O)O)c1I,0,0,12,1215.82,5.34,160.49,4,7,14,2
O=c1n(CCCN2CCN(c3cccc(Cl)c3)CC2)nc2ccccn12,1,1,12,371.87,2.36,45.78,0,4,5,3
O=c1cc(-c2ccccc2)oc2ccc3ccccc3c12,1,5,10,272.3,4.61,30.21,0,2,1,4
O=C(O)C1C2CCC(O2)C1C(=O)O,1,2,9,186.16,-0.05,83.83,2,3,2,0
CN(C(=O)Cc1cccc2occc12)[C@H]1CC[C@@]2(CCCO2)C[C@@H]1N1CCCC1,0,0,12,396.53,4.0,45.92,0,4,4,2
Clc1cc(Cl)c2c(c1)N=C1CCCCCN1C2,1,1,9,269.17,4.41,15.6,0,2,0,1
O=C(N[C@@H](Cc1ccccc1)[C@@H](O)C(=O)N1C[C@@H](O)[C@@H](O)C1)c1cc2cc(Cl)ccc2[nH]1,0,0,10,457.91,1.09,125.89,5,5,6,3
CCc1nn(C2CCCCC2)c2cc([C@]3(C#N)CC[C@@H](C(=O)O)CC3)ccc12,1,3,8,379.5,5.14,78.91,1,3,4,2
COc1ccc(OC(F)(F)F)cc1CN[C@H]1CCCN[C@H]1c1ccccc1,0,0,8,380.41,4.18,42.52,2,4,6,2
CCOc1ccc2[nH]cc(C(=O)NCc3ccccc3)c(=O)c2n1,1,3,10,323.35,2.25,84.08,2,4,5,3
CC(C)c1cccc(C(C)C)c1NC(=O)[N-]S(=O)(=O)c1cc(C(C)(C)O)co1,0,0,9,407.51,5.05,110.71,2,5,6,2
c1ccc2c(c1)Sc1ccccc1N2CCN1CCCC1,0,0,7,296.44,4.39,6.48,0,3,3,2
C(=Cc1ccncc1)c1ccccc1,1,5,10,181.24,3.25,12.89,0,1,2,2
O=C1C(=Cc2cccs2)CCCC1=Cc1cccs1,1,3,7,286.42,5.03,17.07,0,3,2,2
CC1CCCCN1CCCOC(=O)c1ccccc1,0,0,10,261.37,3.11,29.54,0,3,5,1
O=C1CC[C@@H](C(=O)N[C@H]2C[C@@H]2c2ccccc2)N1,0,0,10,244.29,0.94,58.2,2,2,3,1
CO/N=C(\C(=O)N[C@@H]1C(=O)N2C(C(=O)O)=C(CSC(=O)c3ccco3)CS[C@H]12)c1csc(N)n1,0,0,10,523.57,0.98,177.42,3,12,8,2
Cc1oncc1C(=O)Nc1ccc(C(F)(F)F)cc1,1,5,10,270.21,3.25,55.13,1,3,2,2
CC1CC(=O)NN=C1c1ccc(NCC(C)(C)NCC(O)COc2cc(Cl)ccc2C#N)cc1,1,1,11,484.0,3.29,118.77,4,7,10,2
CC1=C(C(=O)OC(C)C)C(c2cccc([N+](=O)[O-])c2)C(C(=O)OC2CN(C(c3ccccc3)c3ccccc3)C2)=C(N)N1,1,1,3,582.66,4.69,137.03,2,9,9,3
CC(=O)N=c1sc(S(N)(=O)=O)nn1C,0,0,10,236.28,-1.42,107.41,1,5,1,1
[N-]=[N+]=C1C=Cc2c(cccc2S(=O)(=O)[O-])C1=O,0,0,9,249.23,0.47,110.67,0,4,1,1
C[C@@H]1O[C@@H](O[C@@H]2C=C3CC[C@@H]4[C@H](CC[C@]5(C)[C@@H](c6ccc(=O)oc6)CC[C@]45O)[C@@]3(C)CC2)[C@H](O)[C@H](O)[C@H]1O,1,1,4,530.66,3.01,129.59,4,8,3,1
NC(=O)[C@@H]1CCCN1C(=O)[C@H](Cc1cnc[nH]1)NC(=O)[C@@H]1CCC(=O)N1,0,0,10,362.39,-1.81,150.28,4,5,6,1
OC(CCN1CCCCC1)(c1ccccc1)c1ccccc1,1,1,11,295.43,3.8,23.47,1,2,5,2
C1CNCCN1.C[C@H](CCC(=O)O)[C@H]1CC[C@H]2[C@@H]3[C@H](O)C[C@@H]4C[C@H](O)CC[C@]4(C)[C@H]3C[C@H](O)[C@]12C,0,0,10,494.72,2.63,122.05,6,6,4,0
CCCC1([C@H](O)C/C=C/[C@H]2[C@H](O)CC(=O)[C@@H]2CCCCCCC(=O)OC)CCC1,1,1,5,408.58,4.34,83.83,2,5,13,0
O=C(O)c1cc2ccccc2c(Cc2c(O)c(C(=O)O)cc3ccccc23)c1O,1,3,9,388.38,4.39,115.06,4,4,4,4
O=C(NCCN1CCOCC1)c1ccc(Cl)cc1,1,3,12,268.74,1.4,41.57,1,3,4,1
COc1ccc(-c2cc(=O)c3c(O)cc(O[C@@H]4O[C@H](CO[C@@H]5O[C@@H](C)[C@H](O)[C@@H](O)[C@H]5O)[C@@H](O)[C@H](O)[C@H]4O)cc3o2)cc1O,1,1,11,608.55,-1.09,238.2,8,15,7,3
CC[C@@H](C(=O)[C@@H](C)[C@@H](O)[C@H](C)CCc1ccc(C)c(O)c1C(=O)[O-])[C@H]1O[C@](CC)([C@H]2CC[C@](O)(CC)[C@H](C)O2)C[C@@H]1C,1,3,7,589.79,4.51,136.35,3,8,13,1
CC(C)/N=c1/cc2n(-c3ccc(Cl)cc3)c3ccccc3nc-2cc1Nc1ccc(Cl)cc1,0,0,10,473.41,7.49,42.21,1,3,4,3
C[N+]12CCC(CC1)C(OC(=O)C(O)(c1ccccc1)c1ccccc1)C2,0,0,12,352.45,2.7,46.53,1,3,4,2
C=C(Nc1ccc(OCC)cc1)Nc1ccc(OCC)cc1,0,0,10,298.39,4.48,42.52,2,4,8,2
c1ccc2sc(SN3CCOCC3)nc2c1,0,0,2,252.36,2.64,25.36,0,5,2,2
CC1(C)O[C@@H]2[C@@H](CO[C@@]3(COS(N)(=O)=O)OC(C)(C)O[C@@H]23)O1,0,0,12,339.37,-0.4,115.54,1,8,3,0
FC1(F)C(F)(F)C(F)(F)C2(F)C(F)(C1(F)F)C(F)(F)C(F)(F)C1(F)C(F)(F)C(F)(F)C(F)(F)C(F)(F)C12F,0,0,11,624.11,7.21,0.0,0,0,0,0
O=C(NC(=O)c1c(F)cccc1F)Nc1cc(Cl)c(Oc2ncc(C(F)(F)F)cc2Cl)c(Cl)c1,1,3,7,540.66,7.09,80.32,2,4,4,3
CC1C(C)(C)C2=C(C(=O)CCC2)C1(C)C,0,0,12,206.33,3.74,17.07,0,1,0,0
Cc1nc(-c2ccccn2)ncc1C(=O)Nn1cc(C)c2cc(F)ccc21,1,1,8,361.38,3.63,72.7,1,4,3,4
O=C(CC(C(=O)OC1CCCCC1)S(=O)(=O)[O-])OC1CCCCC1,0,0,12,361.44,2.04,109.8,0,7,6,0
COc1ccccc1N1CCN(CCCCNC(=O)c2ccc(-c3ccc(C(C)=O)cc3)cc2)CC1,0,0,11,485.63,4.9,61.88,1,5,10,3
CC[C@H]1CN2CCc3cc(OC)c(OC)cc3[C@@H]2C[C@@H]1C[C@H]1NCCc2cc(OC)c(OC)cc21,1,1,7,480.65,4.94,52.19,1,6,7,2
Cc1cnc(NC(=O)C2=C(O)c3ccccc3S(=O)(=O)N2C)s1,1,3,12,351.41,1.95,99.6,2,6,2,2
O=c1oc2c(O)c(O)cc3c(=O)oc4c(O)c(O)cc1c4c23,0,0,11,302.19,1.31,141.34,4,8,0,4
COc1c2occc2c(OC)c2c(=O)cc(C)oc12,1,1,12,260.24,2.86,61.81,0,5,2,3
O=C(OCC(COC(=O)c1ccccc1)(COC(=O)c1ccccc1)COC(=O)c1ccccc1)c1ccccc1,1,1,7,552.58,5.4,105.2,0,8,12,4
CCC1(CC)C(=O)C=CNC1=O,0,0,12,167.21,1.01,46.17,1,2,2,0
O=C(O)Cc1sc(-c2ccccc2)nc1-c1ccc(Cl)cc1,1,3,11,329.81,4.76,50.19,1,3,4,3
C1CN2CCN1CC2,0,0,12,112.18,-0.38,6.48,0,2,0,0
c1ccc(OP(Oc2ccccc2)Oc2ccccc2)cc1,0,0,12,310.29,5.45,27.69,0,3,6,3
c1ccc(P(c2ccccc2)c2ccccc2)cc1,1,1,10,262.29,3.44,0.0,0,0,3,3
CCC1=C[C@@H]2CN(C1)Cc1c([nH]c3ccccc13)[C@@](C(=O)OC)(c1cc3c(cc1OC)N(C)[C@H]1[C@@](O)(C(=O)OC)[C@H](OC(C)=O)[C@]4(CC)C=CCN5CC[C@]31[C@@H]54)C2,0,0,1,778.95,4.75,133.87,2,11,7,3
NC[C@@H]1O[C@H](O[C@H]2[C@@H](O)[C@H](O[C@@H]3[C@@H](O)[C@H](N)C[C@H](N)[C@H]3O[C@H]3O[C@H](CO)[C@@H](O)[C@H](O)[C@H]3N)O[C@@H]2CO)[C@H](N)[C@@H](O)[C@@H]1O,1,1,10,615.63,-8.86,347.32,13,19,9,0
CN(CCCN1c2ccccc2CCc2ccccc21)CC(=O)c1ccc(Cl)cc1,1,1,7,418.97,5.78,23.55,0,3,7,3
Cc1ccc(/C=N/n2c(-c3ccccc3)csc2=S)cc1,1,2,9,310.45,5.14,17.29,0,3,3,3
CCCCCCCCCCCCCCCCCCNC(=O)OC1CCN(C(=O)OC[C@H](COC(=O)N(Cc2cccc[n+]2CC)C(=O)c2ccccc2OC)OC)CC1,0,0,4,826.11,9.39,136.82,1,9,28,2
CC[N+](CC)(CC)CCOC(=O)C(C1CCCC1)C1CCCC1,0,0,12,324.53,4.4,26.3,0,2,9,0
CCCCCOc1ccc(C2SC(=O)NC2=O)cc1OCC,0,0,8,323.41,3.68,64.63,1,5,8,1
CC(C(=O)O)c1ccc(/C=C2\CCCCC2=O)cc1,1,2,9,258.32,3.4,54.37,1,2,3,1
C1CCc2nnnn2CC1,0,0,10,138.17,0.4,43.6,0,3,0,1
CN1[C@@H]2CC[C@H]1C[C@@H](NC(=O)n1c(=O)[nH]c3ccccc31)C2,0,0,11,300.36,1.51,70.13,2,3,1,2
Nc1c(NC/C=C\COc2cc(CN3CCCCC3)ccn2)c(=O)c1=O,0,0,11,356.43,1.29,97.55,2,7,8,2
CC(O)CN1CCN(CC(=O)[O-])CCN(CC(=O)[O-])CCN(CC(=O)[O-])CC1.[Gd+3],0,0,2,558.69,-6.16,153.58,1,11,8,0
[O-][n+]1ccccc1SSc1cccc[n+]1[O-],1,5,7,252.32,1.75,53.88,0,4,3,2
Cc1nnc(C(=O)NC(C)(C)c2nc(C(=O)NCc3ccc(F)cc3)c(O)c(=O)n2C)o1,0,0,12,444.42,0.91,152.24,3,8,6,3
C[C@H]1CNCCc2ccc(Cl)cc21,0,0,12,195.69,2.59,12.03,1,1,0,1
CCCCCCCCCCCC[n+]1ccc2ccccc2c1,1,1,3,298.49,6.05,3.88,0,0,11,2
OC(Cn1cncn1)(c1ccc(F)cc1)c1ccccc1F,1,1,12,301.3,2.49,50.94,1,3,4,3
O=C1CCC(C2CCCCC2)CC1,0,0,10,180.29,3.33,17.07,0,1,1,0
O=c1[nH]c2ccc(S(=O)CCN3CCC(Cc4ccc(F)cc4)CC3)cc2o1,1,2,11,402.49,3.32,66.31,1,4,6,3
Cc1cc(CCN2CCN(c3nsc4ccccc34)CC2)cc2c1NC(=O)CC2(C)C,1,2,5,434.61,4.59,48.47,1,5,4,3
Cc1nccn1-c1ccc(Sc2cccc(C3(C(N)=O)CCOCC3)c2)cc1,1,2,9,393.51,3.87,70.14,1,4,5,3
CC(Cc1ccc(OCC(=O)O)cc1)NCC(O)c1csc(C(F)(F)F)n1,0,0,12,404.41,2.88,91.68,3,6,9,2
CNCc1ccc(NC(=O)c2c[nH]c3c2C(=O)CCC3)cc1,1,1,9,297.36,2.51,73.99,3,3,4,2
CC(C)(O)c1ccc(CNC(=O)c2cccnc2Oc2ccc(F)cc2)cc1,0,0,11,380.42,4.17,71.45,2,4,6,3
CC[C@@H]1C[C@H](N(Cc2cc(C(F)(F)F)cc(C(F)(F)F)c2)C(C)=O)c2cc(C(F)(F)F)ccc2N1C(=O)OC(C)C,1,1,12,598.51,8.37,49.85,0,3,5,2
O=C(Nc1ncc([N+](=O)[O-])s1)c1cccs1,1,3,6,255.28,2.37,85.13,1,6,3,2
CN1CCN(c2cc3c(nn2)Oc2ccccc2N3C)CC1,0,0,2,297.36,2.1,44.73,0,6,1,2
COc1ccc2nc(NC(=O)Nc3ccccc3)sc2c1,1,4,9,299.36,3.95,63.25,2,4,3,3
O=c1c2ccccc2c(=O)c2c1cc(Cl)c1[nH]c3c([nH]c12)c(Cl)cc1c(=O)c2ccccc2c(=O)c13,1,1,12,511.32,5.45,99.86,2,4,0,7
c1ccc(Nc2cccc3ccccc23)cc1,1,3,10,219.29,4.58,12.03,1,1,2,3
c1ccc2sc(SSc3nc4ccccc4s3)nc2c1,1,2,12,332.5,5.71,25.78,0,6,3,4
NC(=O)c1ncn([C@@H]2O[C@H](CO)[C@@H](O)[C@H]2O)n1,1,1,9,244.21,-3.01,143.72,4,7,3,1
CCOc1cc(CC(=O)N[C@@H](CC(C)C)c2ccccc2N2CCCCC2)ccc1C(=O)O,1,1,8,452.6,5.22,78.87,2,4,10,2
O=C(c1ccc(OCCN2CCCCC2)cc1)c1c(-c2ccc(O)cc2)sc2cc(O)ccc12,1,4,8,473.59,6.08,70.0,2,6,7,4
CCOC(=O)[C@H](CCc1ccccc1)N[C@@H](C)C(=O)N1[C@H](C(=O)O)C[C@@H]2CCC[C@@H]21,0,0,11,416.52,2.38,95.94,2,5,9,1
CC(=O)Oc1cc2c(s1)CCN(C(C(=O)C1CC1)c1ccccc1F)C2,0,0,12,373.45,3.89,46.61,0,5,5,2
CC(=O)N(CC(O)CN(C(C)=O)c1c(I)c(C(=O)NCC(O)CO)c(I)c(C(=O)NCC(O)CO)c1I)c1c(I)c(C(=O)NCC(O)CO)c(I)c(C(=O)NCC(O)CO)c1I,0,0,12,1550.19,-1.59,339.09,13,15,22,2
Clc1ccc(C(Cn2ccnc2)OCc2csc3c(Cl)cccc23)c(Cl)c1,1,1,7,437.78,7.02,27.05,0,3,6,4
CC/C(=N\OC/C=C/Cl)C1=C(O)CC(C2CCOCC2)CC1=O,0,0,12,341.84,3.74,68.12,1,5,6,0
CCC(CC)(CC(=O)Nc1cccc(/C=C/c2nc(C3CCC3)cs2)c1)C(=O)O,1,3,12,412.56,5.8,79.29,2,4,9,2
CN1N=C(N)c2cn([C@@H]3O[C@H](CO)[C@@H](O)[C@H]3O)c3ncnc1c23,1,4,11,320.31,-1.89,142.25,4,9,2,2
O=C(Oc1ccccc1)c1ccccc1C(=O)Oc1ccccc1,0,0,9,318.33,4.13,52.6,0,4,4,3
CC(C)(C#N)c1cc(Cn2cncn2)cc(C(C)(C)C#N)c1,1,1,12,293.37,2.93,78.29,0,4,4,2
Cc1cccc(C)c1NC(=O)CC12CCCN1CCC2,1,1,9,272.39,3.26,32.34,1,2,3,1
O=C([O-])c1cc(O)c2c3nc4ccccc4oc-3cc(=O)c2n1,1,1,9,307.24,0.91,116.35,1,7,1,2
CN(C)CC/C=C1\c2ccccc2Sc2ccc(Cl)cc21,0,0,8,315.87,5.19,3.24,0,2,3,2
NS(=O)(=O)c1cc(C2(O)NC(=O)c3ccccc32)ccc1Cl,0,0,11,338.77,0.92,109.49,3,4,2,2
Cc1c(C(=O)O)c(O)cc2c1C(=O)c1c(O)c([C@@H]3O[C@H](CO)[C@@H](O)[C@H](O)[C@H]3O)c(O)c(O)c1C2=O,0,0,11,492.39,-1.19,242.51,9,12,3,2
ClC1=C(Cl)C2(Cl)C3C4OC4C(Cl)C3C1(Cl)C2(Cl)Cl,1,1,8,389.32,4.45,12.53,0,1,0,0
COC(=O)c1sccc1S(=O)(=O)NC(=O)Nc1nc(C)nc(OC)n1,0,0,12,387.4,0.55,149.47,2,10,5,2
c1coc(Cn2cccc2)c1,0,0,12,147.18,2.13,18.07,0,1,2,2
Cn1ccc2cc3c(cc21)CCN3C(=O)Nc1cccnc1,1,3,9,292.34,3.17,50.16,1,2,1,3
O=C(O)[C@@H]1CSCN1,0,0,2,133.17,-0.27,49.33,2,3,1,0
COc1cnc(OC)n2nc(NS(=O)(=O)c3c(OCC(F)F)cccc3C(F)(F)F)nc12,0,0,12,483.38,2.61,116.94,1,8,8,3
CN(CCCCCCCCCCN(C)C(=O)Oc1ccccc1[N+](C)(C)C)C(=O)Oc1ccccc1[N+](C)(C)C,0,0,9,556.79,6.76,59.08,0,4,15,2
Nc1nc2cc(Cl)ccc2o1,0,0,11,168.58,2.06,52.05,1,3,0,2
O=C1NCCN1c1ncc([N+](=O)[O-])s1,0,0,9,214.21,0.58,88.37,1,5,2,1
Cn1c(=O)c2c(ncn2CCOC(=O)C(C)(C)Oc2ccc(Cl)cc2)n(C)c1=O,0,0,10,420.85,1.49,97.35,0,6,6,3
C=C1C[C@@H]2[C@H](CC[C@]3(C)C(=O)CC[C@@H]23)[C@@]2(C)C=CC(=O)C=C12,1,5,12,296.41,4.03,34.14,0,2,0,0
Cc1cc2c(s1)Nc1ccccc1N=C2N1CCN(C)CC1,0,0,11,312.44,3.44,30.87,1,5,0,2
CO[C@@H]1[C@@H](OC(N)=O)[C@@H](O)[C@H](Oc2ccc3c([O-])c(NC(=O)c4ccc(O)c(CC=C(C)C)c4)c(=O)oc3c2C)OC1(C)C,0,0,11,611.62,3.0,202.84,4,11,8,3
CN(C)c1nc(=O)n(C2CCCCC2)c(=O)n1C,0,0,12,252.32,0.51,60.13,0,4,2,1
C[C@@H]1CC[C@@]2(OC1)O[C@H]1[C@@H](O)[C@H]3[C@@H]4CC[C@H]5C[C@@H](O[C@@H]6O[C@H](CO)[C@H](O[C@@H]7O[C@H](CO)[C@@H](O)[C@H](O[C@@H]8OC[C@@H](O)[C@H](O)[C@H]8O)[C@H]7O[C@@H]7O[C@H](CO)[C@@H](O)[C@H](O[C@@H]8O[C@H](CO)[C@@H](O)[C@H](O)[C@H]8O)[C@H]7O)[C@H](O)[C@H]6O)[C@H](O)C[C@]5(C)[C@H]4CC[C@]3(C)[C@H]1[C@@H]2C,1,2,3,1229.32,-6.5,454.67,17,29,14,0
Oc1ccc(C2(c3ccc(O)cc3)CC3CC2C2CCCC32)cc1,1,4,6,320.43,4.84,40.46,2,2,2,2
Cc1cc(C)c(C(=O)P(=O)(C(=O)c2c(C)cc(C)cc2C)c2ccccc2)c(C)c1,0,0,11,418.47,6.21,51.21,0,3,5,3
c1ccc(C[n+]2cccc3ccccc32)cc1,1,1,9,220.3,3.18,3.88,0,0,2,3
C=C1CCC=C(C)CC[C@@H]2[C@@H]1CC2(C)C,0,0,12,204.36,4.73,0.0,0,0,0,0
Cc1cccc2sc3nncn3c12,1,2,11,189.24,2.25,30.19,0,3,0,3
O=C(NCc1cccnc1)Nc1ccc([N+](=O)[O-])cc1,1,2,12,272.26,2.31,97.16,2,4,4,2
O=C(CCCN1CC=C(n2c(=O)[nH]c3ccccc32)CC1)c1ccc(F)cc1,0,0,12,379.44,3.68,58.1,1,3,6,3
O=C(O)c1ccccc1NCCc1ccccc1,0,0,2,241.29,3.04,49.33,2,2,5,2
Cc1c(COC(=O)C2C(/C=C(\Cl)C(F)(F)F)C2(C)C)cccc1-c1ccccc1,0,0,11,422.87,6.66,26.3,0,2,5,2
C[C@H]1[C@H](c2ccc(Cl)cc2)SC(=O)N1C(=O)NC1CCCCC1,1,1,9,352.89,4.98,49.41,1,3,2,1
COc1cc(C(=O)N2CCOCC2)cc(OC)c1OC,0,0,12,281.31,1.18,57.23,0,5,4,1
Cc1c(C)c2c(c(C)c1O)CCC(C)(COc1ccc(CC3SC(=O)NC3=O)cc1)O2,1,5,10,441.55,4.37,84.86,2,6,5,2
OCc1cc(C(O)CNCCCCCCOCCCCc2ccccc2)ccc1O,0,0,6,415.57,4.11,81.95,4,5,16,2
O=C(O)c1cc(O)c2c(c1)[C@H]([C@H]1c3cc(C(=O)O)cc(O)c3C(=O)c3c(O[C@@H]4O[C@H](CO)[C@@H](O)[C@H](O)[C@H]4O)cccc31)c1cccc(O[C@@H]3O[C@H](CO)[C@@H](O)[C@H](O)[C@H]3O)c1C2=O,0,0,10,862.75,-1.1,347.96,12,18,9,4
C[C@@H]1CN([C@H]2CC[C@](C#N)(c3ccc(F)cc3)CC2)CC[C@]1(C(=O)O)c1ccccc1,0,0,12,420.53,4.89,64.33,1,3,4,2
CCOc1ccc(C(C)(C)COCc2cccc(Oc3ccccc3)c2)cc1,0,0,11,376.5,6.37,27.69,0,3,9,3
Cc1ccn2nc(S(=O)(=O)Nc3c(F)cccc3F)nc2n1,0,0,12,325.3,1.51,89.25,1,5,3,3
CCc1cccc(N(C)C(=N)Nc2cccc3ccccc23)c1,0,0,10,303.41,4.89,39.12,2,1,3,3
C[C@]12CC[C@@H]3c4ccc(O)cc4CC[C@H]3[C@@H]1CC[C@@H]2OC(=O)CCC1CCCC1,1,5,11,396.57,6.13,46.53,1,3,4,1
CN1CCC(=C2c3ccccc3Sc3ccccc32)CC1,0,0,7,293.44,4.68,3.24,0,2,0,2
O=C1OC(=O)c2cccc3cccc1c23,1,2,10,198.18,2.15,43.37,0,3,0,2
Cc1cc(C(=C2C=CC(=Nc3ccc(S(=O)(=O)[O-])cc3S(=O)(=O)O)C=C2)c2ccc(Nc3ccc(S(=O)(=O)[O-])cc3)cc2)ccc1N,0,0,12,691.77,5.08,219.18,3,11,8,4
O=S(=O)(O)c1ccc2[nH]c(-c3ccccc3)nc2c1,0,0,12,274.3,2.48,83.05,2,3,2,3
C=C[C@@]1(C)CC(=O)[C@]2(O)[C@@]3(C)[C@@H](O)CCC(C)(C)[C@@H]3[C@H](O)[C@H](OC(C)=O)[C@@]2(C)O1,1,2,10,410.51,1.52,113.29,3,7,2,0
O=C1O[C@H]([C@@H](O)CO)C([O-])=C1O.O=C1O[C@H]([C@@H](O)CO)C([O-])=C1O,0,0,11,350.23,-5.21,220.1,6,12,4,0
CC1(C)CCC[C@]2(C)[C@H]3CC(=O)O[C@]3(C)CC[C@@H]12,0,0,9,250.38,3.93,26.3,0,2,0,0
Cn1cc(-c2ccccc2)c(=O)c(-c2cccc(C(F)(F)F)c2)c1,0,0,12,329.32,4.74,22.0,0,1,2,3
C[N+](C)(C)CC[N+]1(C)Cc2c(Cl)c(Cl)c(Cl)c(Cl)c2C1,1,1,12,358.14,4.47,0.0,0,0,3,1
CN[C@@H]1[C@@H](O)[C@@H](O[C@@H]2[C@H](O)[C@H](O[C@H]3OC(CN)=CC[C@H]3N)[C@@H](N)C[C@H]2N)OC[C@@]1(C)O,0,0,2,447.53,-3.85,213.72,8,12,6,0
C[C@]12Cc3nonc3C[C@@H]1CC[C@@H]1[C@@H]2CC[C@@]2(C)[C@H]1CC[C@]2(C)O,1,2,5,330.47,3.78,59.15,1,4,0,1
CCc1nn(CCCN2CCN(c3cccc(Cl)c3)CC2)c(=O)n1CCOc1ccccc1,0,0,6,470.02,3.55,55.53,0,5,10,3
O=C1CCc2ccc(OCCCCN3CCN(c4cccc(Cl)c4Cl)CC3)cc2N1,0,0,6,448.39,4.86,44.81,1,4,7,2
CN1CCN(C(=O)O[C@H]2c3nccnc3C(=O)N2c2ccc(Cl)cn2)CC1,0,0,11,388.82,1.57,91.76,0,7,2,2
O=C(NC(=O)c1c(F)cccc1F)Nc1ccc(Cl)c(Oc2ncc(C(F)(F)F)cc2Cl)c1,1,2,10,506.21,6.44,80.32,2,4,4,3
O=C(O)Cn1c2ccccc2c(=O)c2ccccc21,1,2,7,253.26,2.24,59.3,1,2,2,3
CC(C)(C)C(=O)C(Oc1ccc(Cl)cc1)n1ccnc1,1,3,11,292.77,3.73,44.12,0,3,4,2
C#C[C@]1(O)CC[C@H]2[C@@H]3CCc4cc(OC5CCCC5)ccc4[C@H]3CC[C@@]21C,1,2,10,364.53,5.23,29.46,1,2,2,1
CC1(C)C(=O)C(C)(C)C1=O,0,0,12,140.18,1.19,34.14,0,2,0,0
O=c1[nH]cnc2c1ncn2[C@H]1CC[C@@H](CO)O1,0,0,12,236.23,-0.21,93.03,2,5,2,2
CCN(Cc1ccncc1)C(=O)C(CO)c1ccccc1,1,1,12,284.36,2.21,53.43,1,3,6,2
O=C(NCCNCC(O)COc1ccc(O)cc1)N1CCOCC1,0,0,10,339.39,-0.24,103.29,4,6,8,1
CCCOc1ccccc1-c1nc2[nH]nnc2c(=O)[nH]1,0,0,11,271.28,1.5,96.55,2,5,4,3
O=C([O-])c1cc2cc(Cc3cccnc3)ccc2o1,1,1,8,252.25,1.78,66.16,0,4,3,3
O=c1[nH]c(=O)c2[nH]c(=O)[nH]c2[nH]1,0,0,10,168.11,-1.77,114.37,4,3,0,2
C=CC1(C)OC(=O)N(c2cc(Cl)cc(Cl)c2)C1=O,0,0,12,286.11,3.42,46.61,0,3,2,1
C[C@]12CC[C@@H]3c4ccc(O)cc4CC[C@H]3[C@@H]1CCC2=O,1,4,12,270.37,3.82,37.3,1,2,0,1
COc1ccccc1OCC(O)CN1CCN(CC(=O)Nc2c(C)cccc2C)CC1,0,0,12,427.55,2.31,74.27,2,6,9,2
C1COC(NC(C2CC2)C2CC2)=N1,0,0,2,180.25,1.15,33.62,1,3,3,0
c1ccc2nc(N3CCNCC3)ccc2c1,0,0,2,213.28,1.64,28.16,1,3,1,2
O=C1NCN(c2ccccc2)C12CCN(CC1COc3ccccc3O1)CC2,0,0,11,379.46,2.25,54.04,1,5,3,2
CO[C@H]1C=CO[C@@]2(C)Oc3c(C)c(O)c4c(O)c(c5c(nc6cc(C)ccn65)c4c3C2=O)NC(=O)C(C)=CC=C[C@H](C)[C@H](O)[C@@H](C)[C@@H](O)[C@@H](C)[C@H](OC(C)=O)[C@@H]1C,0,0,8,785.89,6.16,198.38,5,12,2,4
COc1cc2c(cc1OC)-c1cc3ccc(OC)c(OC)c3c[n+]1CC2,1,1,11,352.41,3.38,40.8,0,4,4,3
O=C(C(Cl)Cl)N1CCOC12CCCCC2,1,1,12,252.14,2.31,29.54,0,2,1,0
c1ccc2cc3c(cc2c1)-c1cccc2cccc-3c12,1,2,5,252.32,5.64,0.0,0,0,0,4
c1cc2ccc3ccc4ccc5cccc6c(c1)c2c3c4c56,1,3,11,276.34,6.33,0.0,0,0,0,6
CC(C)N1C(=O)c2ccccc2NS1(=O)=O,1,1,12,240.28,1.21,66.48,1,3,1,1
c1ccc2c(c1)-c1cccc3c1c-2cc1ccccc13,1,6,10,252.32,5.64,0.0,0,0,0,4
N#Cc1sc2c(=O)c3ccccc3c(=O)c=2sc1C#N,1,2,4,296.33,2.15,81.72,0,6,0,1
CO/C=C(/C(=O)OC)c1ccccc1COc1cccc(C(F)(F)F)n1,1,2,6,367.32,3.84,57.65,0,5,6,2
COC(=O)C(C)N(C(=O)c1ccco1)c1c(C)cccc1C,0,0,12,301.34,3.1,59.75,0,4,4,2
CC(Cc1ccccc1)NCc1ccccc1Cl,1,1,11,259.78,4.06,12.03,1,1,5,2
O=C(CN1CCNCC1)NC1CCCCC1,0,0,12,225.34,0.34,44.37,2,3,3,0
Cc1nc2ccccc2n1Cc1ccc(Cl)cc1,1,1,8,256.74,4.05,17.82,0,1,2,3
Cc1cccc(C)c1NC(=O)CN1CCCCCC1,0,0,12,260.38,3.12,32.34,1,2,3,1
CCOC(=O)OC1=C(c2cc(C)ccc2C)C(=O)NC12CCC(OC)CC2,1,1,9,373.45,3.65,73.86,1,5,4,1
CN1CSC(=S)N(C)C1,1,2,10,162.28,0.8,6.48,0,3,0,0
O=C(OCC1(COC(=O)c2cccnc2)CCCC(COC(=O)c2cccnc2)(COC(=O)c2cccnc2)C1O)c1cccnc1,0,0,12,640.65,3.51,176.99,1,13,12,4
O=C1[N-]C(=O)C(c2ccccc2)(c2ccccc2)N1,0,0,12,251.27,2.55,60.27,1,2,2,2
CC1(C)OC[C@@H](COC(=O)CCc2ccc(OC[C@@H](O)CNCCNC(=O)N3CCOCC3)cc2)O1,0,0,11,509.6,0.69,127.82,3,9,13,1
O=C1CSC2(CCN(CCCN3c4ccccc4Sc4ccc(Cl)cc43)CC2)N1,1,2,6,446.04,4.99,35.58,1,5,4,2
C1CCN2C[C@@H]3C[C@@H](CN4CCCC[C@@H]34)[C@H]2C1,0,0,12,234.39,2.35,6.48,0,2,0,0
CO[C@@H]1[C@@H](O[C@@H]2O[C@H](C)[C@@H](O[C@H]3C[C@@](C)(O)[C@@H](O)[C@H](C)O3)[C@H](N(C)C)[C@H]2O)[C@@H](CC=O)C[C@@H](C)[C@@H](O[C@@H]2CC[C@H](N(C)C)[C@@H](C)O2)C=CC=CC[C@@H](C)OC(=O)C[C@H]1O,0,0,10,843.06,2.33,195.38,4,16,11,0
CC[C@H]1O[C@]2(CC[C@@H]1C)C[C@@H]1C[C@@H](CC=C(C)C[C@@H](C)C=CC=C3CO[C@@H]4[C@H](O)C(C)=C[C@@H](C(=O)O1)[C@]34O)O2,1,1,3,542.71,4.92,94.45,2,7,1,0
CCN(CC)c1ccc(N=Nc2ccc(S(=O)(=O)N(C)C)cc2)c(S(=O)(=O)NCC[n+]2ccccc2)c1,0,0,8,545.71,3.46,115.39,1,7,12,3
CN1CCc2c(c3ccccc3n2Cc2ccccc2)C1.CN1CCc2c(c3ccccc3n2Cc2ccccc2)C1.O=S(=O)(O)c1cccc2c(S(=O)(=O)O)cccc12,0,0,8,841.07,8.69,125.08,2,6,6,8
CCN(CCCc1ccccc1)CCCc1ccccc1.O=C(O)CC(O)(CC(=O)O)C(=O)O,0,0,12,473.57,3.33,135.37,4,5,14,2
CCC(=O)O[C@@](Cc1ccccc1)(c1ccccc1)[C@@H](C)CN(C)C.O=S(=O)(O)c1ccc2ccccc2c1,0,0,10,547.72,6.36,83.91,1,5,9,4
C[C@@H](CN(C)C)CN1c2ccccc2Sc2ccccc21.C[C@@H](CN(C)C)CN1c2ccccc2Sc2ccccc21,0,0,10,596.91,8.97,12.96,0,6,8,4
CC1(C)S[C@@H]2[C@H](NC(=O)[C@H](C(=O)[O-])c3ccsc3)C(=O)N2[C@H]1C(=O)[O-],0,0,10,382.42,-2.12,129.67,1,8,5,1
c1ccc(CNc2[nH]cnc3ncnc2-3)cc1,1,1,10,225.25,1.92,66.49,2,4,3,1
COCC(=O)N(c1c(C)cccc1C)N1CCOC1=O,0,0,12,278.31,1.65,59.08,0,4,4,1
CC1=NNC(=O)N(/N=C/c2cccnc2)C1,0,0,10,217.23,0.82,69.95,1,4,2,1
COC(=O)N(OC)c1ccccc1COc1ccn(-c2ccc(Cl)cc2)n1,1,3,6,387.82,4.24,65.82,0,5,6,3
C[C@]12N[C@H](Cc3ccccc31)c1ccccc12,0,0,9,221.3,3.15,12.03,1,1,0,2
c1ccc2cc(CC3=NCCN3)ccc2c1,1,1,12,210.28,2.38,24.39,1,2,2,2
Nc1nc(=O)c2c([nH]1)NCC(CNc1ccc(C(=O)N[C@@H](CCC(=O)[O-])C(=O)[O-])cc1)N2C=O,0,0,10,471.43,-3.4,225.5,5,11,10,2
CC(C)C1OCCN1CCOC(=O)NCCCCCCNC(=O)OCCN1CCOC1C(C)C,0,0,12,486.65,2.63,101.6,2,8,15,0
COC(=O)Nc1nc2cc(C(=O)c3cccs3)ccc2[nH]1,1,5,7,301.33,3.03,84.08,2,5,3,3
C=C1[C@H]2CC[C@@H]3[C@H]2C(C)(C)CCC[C@]13C,0,0,12,204.36,4.42,0.0,0,0,0,0
C=CCON/C(CCC)=C1\C(=O)CC(C)(C)C(C(=O)OC)=C1[O-],0,0,11,322.38,1.53,87.69,1,6,7,0
O=S1(=O)CCCO1,0,0,12,122.14,-0.26,43.37,0,3,0,0
C[C@H](CSC(=O)c1ccccc1)C(=O)N1C[C@@H](Sc2ccccc2)C[C@H]1C(=O)[O-].C[C@H](CSC(=O)c1ccccc1)C(=O)N1C[C@@H](Sc2ccccc2)C[C@H]1C(=O)[O-],0,0,10,857.11,5.42,155.02,0,12,14,4
CC(C)=CC1C(C(=O)OCN2C(=O)C3=C(CCCC3)C2=O)C1(C)C,1,1,7,331.41,2.96,63.68,0,4,4,0
O=C1C=CC(=O)O1,0,0,12,98.06,-0.37,43.37,0,3,0,0
COC(=O)c1ccccc1CS(=O)(=O)NC(=O)Nc1nc(OC)cc(OC)n1,0,0,12,410.41,0.93,145.81,2,9,7,2
CC(COc1ccc(Oc2ccccc2)cc1)Oc1ccccn1,1,1,8,321.38,4.72,40.58,0,4,7,3
COC(=O)C1=C(C)NC(C)=C(C(=O)OCCCN2CCC(c3ccccc3)(c3ccccc3)CC2)C1c1cccc([N+](=O)[O-])c1,0,0,2,609.72,6.02,111.01,1,8,10,3
CCN1C[C@]2(COC)[C@H](O)C[C@H](OC)[C@]34C1[C@H]([C@H](OC)[C@H]23)[C@]1(OC(C)=O)[C@H]2[C@@H](OC(=O)c3ccccc3)[C@](O)(C[C@H]24)[C@@H](OC)[C@@H]1O,0,0,10,645.75,0.65,153.45,3,12,9,1
O=C1CC[C@@]2(O)[C@H]3Cc4ccc(O)c5c4[C@@]2(CCN3CC2CC2)[C@H]1O5,0,0,11,341.41,1.53,70.0,2,5,2,1
CCCN1CCC[C@@H]2Cc3nc(N)ncc3C[C@H]21,0,0,10,246.36,1.65,55.04,1,4,2,1
O=S(=O)([O-])c1cc(O)c2c(N=Nc3ccc(Nc4ccccc4)c4c(S(=O)(=O)[O-])cccc34)cc(S(=O)(=O)[O-])cc2c1,0,0,7,626.63,4.57,228.58,2,13,7,5
O=C(Cn1ccnc1[N+](=O)[O-])NCc1ccccc1,0,0,12,260.25,1.11,90.06,1,4,5,2
O=c1[nH]oc2c1CCNC2,0,0,12,140.14,-0.39,58.03,2,3,0,1
O=C(CCCN1CCC2(CC1)C(=O)NCN2c1ccccc1)c1ccc(F)cc1,1,2,10,395.48,3.22,52.65,1,4,6,2
C[n+]1cc2c3c(ccc2c2ccc4cc5c(cc4c21)OCO5)OCO3,1,3,4,332.34,3.43,40.8,0,4,0,4
Cc1scc2c1N(C(=O)CN1CCN(C)CC1)c1ccccc1NC2=O,0,0,11,370.48,2.53,55.89,1,5,2,2
O=C1CCCc2c1cc1ccc3cccc4ccc2c1c34,1,7,8,270.33,5.1,17.07,0,1,0,4
O=C(Nc1cccc2c(=O)cc(-c3nnn[nH]3)oc12)c1ccc(OCCCCc2ccccc2)cc1,0,0,9,481.51,4.63,123.0,2,7,9,5
C[C@H]1CC[C@]2(NC1)O[C@H]1C[C@H]3[C@@H]4CC[C@H]5C[C@@H](O)CC[C@]5(C)[C@H]4CC[C@]3(C)[C@H]1[C@@H]2C,0,0,9,415.66,5.37,41.49,2,3,0,0
CCCN(CC1CC1)c1c([N+](=O)[O-])cc(C(F)(F)F)cc1[N+](=O)[O-],1,1,12,347.29,4.15,89.52,0,5,7,1
COc1c(C)c2c(c(O)c1C/C=C(\C)CCC(=O)O)C(=O)OC2,1,1,4,320.34,2.73,93.06,2,5,6,1
O=c1ccc(=O)[nH][nH]1,0,0,12,112.09,-0.94,65.72,2,2,0,1
Cc1cccc(Nc2ccncc2S(=O)(=O)NC(=O)NC(C)C)c1,0,0,11,348.43,2.53,100.19,3,5,5,2
CCOC(=O)[C@H](CCc1ccccc1)N[C@@H](C)C(=O)N1[C@H](C(=O)O)C[C@H]2CCCC[C@@H]21,0,0,10,430.55,2.77,95.94,2,5,9,1
CCO[C@@H]1O[C@H](C(COCc2ccccc2)OCc2ccccc2)[C@H](OCc2ccccc2)[C@H]1O,0,0,1,478.59,4.5,66.38,1,6,13,3
CN(C)CCOc1ccccc1Cc1ccccc1.Nc1ccc(C(=O)O)c(O)c1,0,0,8,408.5,3.89,96.02,3,5,7,3
COC(=O)[C@]12CCC(C)(C)C[C@H]1[C@H]1C(=O)C=C3[C@@]4(C)C=C(C#N)C(=O)C(C)(C)[C@@H]4CC[C@@]3(C)[C@]1(C)CC2,1,3,4,505.7,6.38,84.23,0,5,1,0
CCOc1ccc(/N=C(\C)Nc2ccc(OCC)cc2)cc1,0,0,10,298.39,4.65,42.85,1,3,6,2
C1CCNCC1.O=c1[nH]cnc2[nH]cc(CN3CCCCC3)c12,0,0,10,317.44,2.0,76.81,3,4,2,2
CCO[C@H](Cc1ccc(OCCc2ccc(OS(C)(=O)=O)cc2)cc1)C(=O)O,1,1,11,408.47,2.68,99.13,1,6,11,2
COc1ccc2cc1Oc1ccc(cc1)C[C@H]1c3c(cc4c(c3Oc3cc5c(cc3OC)CCN(C)[C@@H]5C2)OCO4)CCN1C,0,0,1,606.72,6.87,61.86,0,8,2,4
CC(C)[C@]12CC(=O)[C@H](C)[C@H]1C2,0,0,12,152.24,2.26,17.07,0,1,1,0
CN1C(C(=O)Nc2ccccn2)=C(O)c2sccc2S1(=O)=O,1,1,12,337.38,1.64,99.6,2,6,2,2
N#CC(c1ccc(Cl)cc1)c1c(Cl)cc(-n2ncc(=O)[nH]c2=O)cc1Cl,1,2,6,407.64,3.54,91.54,1,4,3,3
CN1CC(=O)N2[C@H](c3ccc4c(c3)OCO4)c3[nH]c4ccccc4c3C[C@@H]2C1=O,0,0,11,389.41,2.21,74.87,1,4,1,3
O=C(O[C@H]1CN2CCC1CC2)N1CCc2ccccc2[C@@H]1c1ccccc1,0,0,8,362.47,3.86,32.78,0,3,2,2
C#C[C@]1(O)CC[C@H]2[C@@H]3CCC4=CC(=O)CC[C@@H]4[C@H]3C(=C)C[C@@]21CC,1,4,9,324.46,4.05,37.3,1,2,1,0
NC(=O)C(c1ccccc1)(c1ccccc1)[C@@H]1CCN(CCc2ccc3c(c2)CCO3)C1,0,0,9,426.56,3.96,55.56,1,3,7,3
CC1(C)S[C@@H]2[C@H](NC(=O)Cc3ccccc3)C(=O)N2[C@H]1C(=O)O.CC1(C)S[C@@H]2[C@H](NC(=O)Cc3ccccc3)C(=O)N2[C@H]1C(=O)O.c1ccc(CNCCNCc2ccccc2)cc1,0,0,12,909.14,4.29,197.48,6,10,15,4
CC(C)(c1ccc(Oc2ccc3c(c2)C(=O)OC3=O)cc1)c1ccc(Oc2ccc3c(c2)C(=O)OC3=O)cc1,0,0,12,520.49,6.22,105.2,0,8,6,4
Cc1cc(C(C)(C)C)c(O)c(C)c1Cn1c(=O)n(Cc2c(C)cc(C(C)(C)C)c(O)c2C)c(=O)n(Cc2c(C)cc(C(C)(C)C)c(O)c2C)c1=O,1,2,10,699.93,7.18,126.69,3,6,6,4
Cc1nnc(-c2ccccc2)c(=O)n1N,1,1,10,202.22,0.33,73.8,1,4,1,2
N=C(N)NCC1COc2ccccc2O1,0,0,10,207.23,0.31,80.36,3,3,2,1
Cc1cccc(C)c1NC(=O)NC1=CCCN1C,0,0,10,245.33,2.6,44.37,2,2,2,1
c1csc(C2(N3CCCCC3)CCCCC2)c1,0,0,10,249.42,4.39,3.24,0,2,2,1
COc1ccc(Cl)cc1C(=O)NCCc1ccc(S(=O)(=O)NC(=O)NC2CCCCC2)cc1,0,0,9,494.01,3.64,113.6,3,5,8,2
CC12CC1(C)C(=O)N(c1cc(Cl)cc(Cl)c1)C2=O,0,0,12,284.14,3.28,37.38,0,2,1,1
N#Cc1ccc(C(c2ccc(C#N)cc2)n2cncn2)cc1,1,1,12,285.31,2.66,78.29,0,4,3,3
O=C1Cc2cc(CCN3CCN(c4nsc5ccccc45)CC3)c(Cl)cc2N1,1,2,10,412.95,3.81,48.47,1,5,4,3
CN(C)CCOC1=Cc2ccccc2Sc2ccc(Cl)cc21,0,0,8,331.87,4.88,12.47,0,3,4,2
COc1cc(OC)nc(NC(=O)NS(=O)(=O)c2ncccc2C(=O)N(C)C)n1,0,0,12,410.41,0.1,152.71,2,9,6,2
COC1=CC(=O)OC(CCc2ccccc2)C1,0,0,12,232.28,2.47,35.53,0,3,4,1
C[C@@H](Cc1ccccc1)NCCC(c1ccccc1)c1ccccc1.C[C@H](O)C(=O)O,0,0,8,419.57,4.88,69.56,3,3,9,3
CCCc1ncc(C[n+]2ccccc2C)c(N)n1,0,0,11,243.33,1.66,55.68,1,3,4,2
C[N+]1(CCCCC[N+]2(C)CCCC2)CCCC1,0,0,10,240.43,2.64,0.0,0,0,6,0
CC1(C)CCC(=Cc2ccc(Cl)cc2)C1(O)Cn1cncn1,1,2,12,317.82,3.57,50.94,1,3,3,2
O=C(Nc1ccccc1)Nc1cnns1,1,2,8,220.26,2.18,66.91,2,4,2,2
[O-][n+]1ccccc1[S][Zn][S]c1cccc[n+]1[O-],1,7,8,317.71,1.75,53.88,0,4,4,2
Clc1ccccc1C(c1ccccc1)(c1ccccc1)n1ccnc1,1,4,6,344.85,5.38,17.82,0,1,4,4
CC(=O)N1CCN(c2ccc(OC[C@H]3CO[C@](Cn4ccnc4)(c4ccc(Cl)cc4Cl)O3)cc2)CC1,1,3,10,531.44,4.21,69.06,0,6,7,3
[Cl][Zr]([Cl])([C]1=CC=CC1)[CH]1C=CC=C1,0,0,12,292.32,4.21,0.0,0,0,2,0
CC(C)COCC(CN(Cc1ccccc1)c1ccccc1)N1CCCC1,0,0,7,366.55,4.83,15.71,0,3,10,2
Cc1cc(CCC(=O)OCCOCCOCCOC(=O)CCc2cc(C)c(O)c(C(C)(C)C)c2)cc(C(C)(C)C)c1O,1,1,12,586.77,5.99,111.52,2,8,15,2
CNS(=O)(=O)CCc1ccc2[nH]cc(C3CCN(C)CC3)c2c1,0,0,11,335.47,2.07,65.2,2,3,5,2
O[C@@H](CNC[C@H](O)[C@H]1CCc2cc(F)ccc2O1)[C@@H]1CCc2cc(F)ccc2O1,0,0,7,405.44,2.36,70.95,3,5,6,2
CC[C@@H]([C@H](C)O)n1ncn(-c2ccc(N3CCN(c4ccc(OCC5CO[C@@](Cn6cncn6)(c6ccc(F)cc6F)C5)cc4)CC3)cc2)c1=O,1,1,11,700.79,4.57,115.7,1,9,12,5
Clc1ccc(Nc2nnc(Cc3ccncc3)c3ccccc23)cc1,1,4,12,346.82,5.01,50.7,1,4,4,4
O=C(OC(=O)c1ccccc1)c1ccccc1,0,0,12,226.23,2.68,43.37,0,3,2,2
Cc1cc(O)c2c3c4c(cc(O)c13)C(C)(C)C(=O)c1c(O)cc(O)c(c1-4)C2=O,1,2,9,376.36,3.66,115.06,4,6,0,3
COc1cc(C(=O)OCCCN2CCCN(CCCOC(=O)c3cc(OC)c(OC)c(OC)c3)CC2)cc(OC)c1OC,1,1,2,604.7,3.54,114.46,0,12,16,2
CCn1cc(C(=O)O)c(=O)c2cnc(N3CCCC3)nc21,0,0,12,288.31,1.11,88.32,1,5,3,2
O=c1[nH]c2ccccc2c(=O)o1,0,0,11,163.13,0.48,63.07,1,3,0,2
CCN1C(=CC=Cc2sc3ccccc3[n+]2CC)Sc2ccccc21,1,2,4,365.55,5.7,7.12,0,3,4,3
CC/C=C1/OC(=O)c2ccccc21,0,0,10,174.2,2.61,26.3,0,2,1,1
CC(C)=C1CC[C@@H](C)CC1=O,0,0,8,152.24,2.71,17.07,0,1,0,0
c1ccc2cc3c4ccccc4c4ccccc4c3cc2c1,1,3,9,278.35,6.3,0.0,0,0,0,5
O=S(=O)([O-])c1ccc(Nc2nc(Nc3ccc(/C=C/c4ccc(Nc5nc(Nc6ccc(S(=O)(=O)[O-])cc6)nc(N(CCO)CCO)n5)cc4S(=O)(=O)[O-])c(S(=O)(=O)[O-])c3)nc(N(CCO)CCO)n2)cc1,1,1,8,1073.1,0.4,441.66,8,28,24,6
CC(=O)O[C@H]1C[C@@H]2CC[C@@H]3[C@H](CC[C@@]4(C)[C@H]3C[C@H]([N+]3(C)CCCCC3)[C@@H]4OC(C)=O)[C@@]2(C)C[C@@H]1[N+]1(C)CCCCC1,0,0,10,572.88,6.11,52.6,0,4,4,0
CC(=O)O[C@H]1C(=O)[C@@]2(C)[C@H]([C@H](OC(=O)c3ccccc3)[C@]3(O)C[C@H](OC(=O)[C@H](O)[C@@H](NC(=O)c4ccccc4)c4ccccc4)C(C)=C1C3(C)C)[C@]1(OC(C)=O)CO[C@@H]1C[C@@H]2O,0,0,6,853.92,3.74,221.29,4,14,10,3
O=C(CCCCCCCCCCCCC1CCCC1)Nc1ccc(S(=O)(=O)c2ccc(NC(=O)CCCCCCCCCCCCC3CCCC3)cc2)cc1,0,0,10,777.21,14.14,92.34,2,4,30,2
CCc1c2c(nc3ccc(OC(=O)N4CCC(N5CCCCC5)CC4)cc13)-c1cc3c(c(=O)n1C2)COC(=O)[C@]3(O)CC,1,2,8,586.69,4.09,114.2,1,8,4,3
NC[C@H]1O[C@H](O[C@H]2[C@H](O[C@@H]3O[C@H](CO)[C@@H](O)[C@H]3O)C(O)[C@H](N)C[C@@H]2N)[C@H](N)[C@@H](O)[C@@H]1O,0,0,12,454.48,-6.65,262.38,10,14,6,0
CCC(=O)NCCC1CCc2ccc3c(c21)CCO3,1,1,9,259.35,2.57,38.33,1,2,4,1
CCC1(c2cccc(O)c2)CCCCN(C)C1,0,0,11,233.35,3.16,23.47,1,2,2,1
C=Cc1c(C)c2cc3nc(c(CC(=O)[O-])c4[n-]c(cc5nc(cc1[n-]2)C(C)=C5CC)c(C)c4C(=O)[O-])C(CCC(=O)[O-])C3C.[Cu+2],1,1,10,655.19,2.24,174.37,0,8,8,3
CCn1cc(C(=O)O)c(=O)c2ccc(C)nc21,0,0,12,232.24,1.42,72.19,1,3,2,2
c1ccc2cc(Nc3ccc(Nc4ccc5ccccc5c4)cc3)ccc2c1,1,1,9,360.46,7.48,24.06,2,2,4,5
Cc1cc(C)c(C=C2C(=O)Nc3ccccc32)[nH]1,1,3,9,238.29,3.12,44.89,2,1,1,2
c1ccc(CN(CC2=NCCN2)c2ccccc2)cc1,0,0,11,265.36,2.69,27.63,1,3,5,2
CCOC(=O)Nc1ccc2c(c1)N(C(=O)CCN1CCOCC1)c1ccccc1S2,1,2,10,427.53,4.11,71.11,1,6,5,2
COc1cc(N)c(Cl)cc1C(=O)NC1CCN(Cc2ccccc2)CC1,0,0,12,373.88,3.33,67.59,2,4,5,2
Cc1c(-c2ccccc2)oc2c(C(=O)OCCN3CCCCC3)cccc2c1=O,0,0,12,391.47,4.41,59.75,0,5,5,3
CN1CCC[C@@H]1CCO[C@](C)(c1ccccc1)c1ccc(Cl)cc1,0,0,10,343.9,5.1,12.47,0,2,6,2
CN1CCC(CN2c3ccccc3Sc3ccccc32)C1,0,0,8,296.44,4.24,6.48,0,3,2,2
CC(C/N=C/c1ccccc1O)/N=C/c1ccccc1O,1,1,11,282.34,3.02,65.18,2,4,5,2
CCCCCOc1ccccc1/C(=C\SC)n1ccnc1,1,2,2,302.44,4.66,27.05,0,3,8,2
Cc1ccc([N+](=O)[O-])[c]2c1[O][Hg]2,1,1,1,351.71,0.92,52.37,0,3,1,1
Cc1cc(=O)oc2cc(O[C@@H]3SC[C@@H](O)[C@H](O)[C@H]3O)ccc12,0,0,2,324.35,0.64,100.13,3,7,2,2
CC(C)Oc1cc(-n2nc(C(C)(C)C)oc2=O)c(Cl)cc1Cl,1,2,7,345.23,4.22,57.26,0,4,3,2
CCCCN1CCCC1C(=O)Nc1c(C)cc(C)cc1C,0,0,10,288.44,3.81,32.34,1,2,5,1
C[C@H]1[C@@H](c2ccccc2)N=C(O)N1C,0,0,11,190.25,1.98,35.83,1,2,1,1
O=C(O)COc1ccc(CCNS(=O)(=O)c2ccccc2)s1,0,0,10,341.41,1.73,92.7,2,5,8,2
O=C(O)c1ccc(NC2OC[C@@H](O)[C@H](O)[C@H]2O)cc1,0,0,9,269.25,-0.76,119.25,5,6,3,1
Cn1c(=N)[nH]c2[nH]cnc2c1=O,0,0,11,165.16,-0.93,90.32,3,3,0,2
Cc1cnc(C2=NC(=O)C(C)(C(C)C)N2)c(C(=O)O)c1,0,0,10,275.31,1.38,91.65,2,4,3,1
COc1cc(OC)nc(Sc2cccc(Cl)c2C(=O)[O-])n1,0,0,12,325.75,1.66,84.37,0,7,5,2
CCCCc1nc(Cl)c(CO)n1Cc1ccc(-c2ccccc2-c2nnn[nH]2)cc1,1,1,11,422.92,4.27,92.51,2,5,8,4
CC(Oc1c(Cl)cccc1Cl)C1=NCCN1,0,0,1,259.14,2.76,33.62,1,3,3,1
CC=C1CC2C=CC1C2,0,0,12,120.19,2.53,0.0,0,0,0,0
CC(=O)OC[C@H]1O[C@@H](O[C@H]2[C@H](O)[C@@H](OC(=O)c3ccccc3C(=O)O)[C@H](O)O[C@@H]2COC(C)=O)[C@H](O)[C@@H](OC(=O)c2ccccc2C(=O)O)[C@@H]1O,0,0,10,722.61,-1.13,288.41,6,17,12,2
O=C(c1ccccc1)C1CCC1,1,1,12,160.22,2.67,17.07,0,1,2,1
CSC(=O)c1cccc2nnsc12,0,0,12,210.28,2.19,42.85,0,5,1,2
Cc1cc2c(OCC(CNC(C)(C)C)OC(=O)c3ccccc3)cccc2[nH]1,0,0,11,380.49,4.47,63.35,2,4,7,3
CC(=O)Oc1ccc(C(c2ccc(OC(C)=O)cc2)c2ccccn2)cc1,1,2,9,361.4,4.11,65.49,0,5,5,3
Cc1ccc(C(=O)Oc2ccc(C(O)CNC(C)(C)C)cc2OC(=O)c2ccc(C)cc2)cc1,0,0,1,461.56,5.16,84.86,2,6,7,3
OC(CCN1CCCC1)(c1ccccc1)C1CCCCC1,0,0,11,287.45,3.94,23.47,1,2,5,1
COc1cc(C)nc(-n2nc(C)cc2OC)n1,1,1,11,234.26,1.3,62.06,0,5,3,2
Cc1ccsc1C(=CCCN1CCC[C@@H](C(=O)O)C1)c1sccc1C,1,1,11,375.56,5.04,40.54,1,4,6,2
CCCCc1ncc(/C=C(\Cc2cccs2)C(=O)O)n1Cc1ccc(C(=O)O)cc1,0,0,11,424.52,4.74,92.42,2,4,10,3
C[N+]1(C)[C@@H]2CC(OC(=O)C(O)(c3cccs3)c3cccs3)C[C@H]1[C@@H]1O[C@@H]12,0,0,8,392.52,2.35,59.06,1,6,4,2
CO/N=C1/C[C@]2(C[C@@H]3C[C@@H](CC=C(C)C[C@@H](C)C=CC=C4CO[C@@H]5[C@H](O)C(C)=C[C@@H](C(=O)O3)[C@]45O)O2)O[C@H](/C(C)=C/C(C)C)[C@H]1C,1,3,6,639.83,5.73,116.04,2,9,3,0
S=P(N1CC1)(N1CC1)N1CC1,1,1,11,189.22,0.16,9.03,0,1,3,0
CN(C)CCN(Cc1ccsc1)c1ccccn1,0,0,2,261.39,2.71,19.37,0,4,6,2
CC1CCc2nccnc21,0,0,11,134.18,1.53,25.78,0,2,0,1
O[C@H]1[C@H]2[C@H](O)CCCN2C[C@H]1O,0,0,10,173.21,-1.45,63.93,3,4,0,0
O=C(O[C@@H]1C[C@@H]2C[C@@H]3C[C@H](C1)N2CC3=O)c1c[nH]c2ccccc12,0,0,9,324.38,2.52,62.4,1,4,2,2
O=c1[n-]c2[nH]c(=O)[nH]c(=O)c2[nH]1,0,0,2,167.1,-2.14,112.68,3,3,0,2
Fc1ccc(Oc2ccnc3cc(Cl)cc(Cl)c23)cc1,1,4,10,308.14,5.47,22.12,0,2,2,3
OC(CCCN1CCCCC1)(c1ccccc1)c1ccccc1,0,0,11,309.45,4.19,23.47,1,2,6,2
c1ccc(-c2ccc(-c3ccccc3)cc2)cc1,1,3,10,230.31,5.02,0.0,0,0,2,3
COC(=O)c1c(C(F)F)nc(C(F)(F)F)c(C2=NCCS2)c1CC(C)C,0,0,12,396.38,4.52,51.55,0,5,5,1
COc1ccc2c(c1)c1c3n2CCN(C)C3=NCC1,1,1,11,255.32,1.9,29.76,0,3,1,2
Nc1ccc(S(=O)(=O)Nc2ccccn2)cc1,0,0,12,249.3,1.46,85.08,2,4,3,2
COc1cc2ncnc(Nc3ccc(F)c(Cl)c3)c2cc1OCCCN1CCOCC1,1,2,8,446.91,4.28,68.74,1,7,8,3
CC1(C)C2=CCCC(C)(C)[C@]23CC[C@H]1C3,1,1,12,204.36,4.56,0.0,0,0,0,0
Nc1nc2nc[nH]c2c(=S)[nH]1,1,6,12,167.2,0.6,83.38,3,4,0,2
CCn1cc(C(=O)O)c(=O)c2cnc(N3CCNCC3)nc21,0,0,12,303.32,-0.08,100.35,2,6,3,2
CC(=O)O[C@H]1C[C@@H]2CC[C@@H]3[C@H](CC[C@@]4(C)[C@H]3C[C@H](N3CC[N+](C)(C)CC3)[C@@H]4OC(C)=O)[C@@]2(C)C[C@@H]1N1CC[N+](C)(C)CC1,0,0,10,602.91,3.63,59.08,0,6,4,0
CNC(=O)Oc1ccc2c(c1)[C@]1(C)CCN(C)[C@@H]1N2C,1,1,12,275.35,1.77,44.81,1,4,1,1
O=C(O)c1ccccc1C(=O)Nc1ccc(S(=O)(=O)Nc2nccs2)cc1,0,0,12,403.44,2.89,125.46,3,6,6,3
O=c1[nH]c2ccccc2n1C1CCN(CCCC(c2ccc(F)cc2)c2ccc(F)cc2)CC1,0,0,5,461.56,5.86,41.03,1,2,7,4
C[C@]12CCC(=O)C=C1C=C[C@@H]1[C@@H]2CC[C@@]2(C)[C@H]1CC[C@@]21CCC(=O)O1,1,4,11,340.46,4.37,43.37,0,3,0,0
CN(C)CCc1c[nH]c2ccc(C[C@H]3COC(=O)N3)cc12,0,0,2,287.36,1.92,57.36,2,3,5,2
O=C(NC(Cc1cc(=O)[nH]c2ccccc12)C(=O)O)c1ccc(Cl)cc1,0,0,11,370.79,2.61,99.26,3,3,5,3
CC[C@H]1OC(=O)C[C@@H](O)[C@H](C)[C@@H](O[C@@H]2O[C@H](C)[C@@H](O[C@H]3C[C@@](C)(O)[C@@H](O)[C@H](C)O3)[C@H](N(C)C)[C@H]2O)[C@@H](CC=O)C[C@@H](C)C(=O)C=CC(C)=C[C@@H]1CO[C@@H]1O[C@H](C)[C@@H](O)[C@@H](OC)[C@H]1OC,0,0,10,916.11,1.83,238.67,5,18,13,0
C[Si](Cn1cncn1)(c1ccc(F)cc1)c1ccc(F)cc1,1,2,10,315.4,1.99,30.71,0,2,4,3
CO/N=C(\C(=O)N[C@@H]1C(=O)N2C(C(=O)O)=C(C[N+]3(C)CCCC3)CS[C@H]12)c1csc(N)n1,0,0,10,481.58,0.05,147.21,3,9,7,1
CO[C@]12C[C@@H](COC(=O)c3cncc(Br)c3)CN(C)[C@@H]1Cc1cn(C)c3cccc2c13,1,1,11,484.39,3.91,56.59,0,5,4,3
CC(C)(O)[C@@H]1[C@H]2OC(=O)[C@@H]1[C@]1(O)C[C@H]3O[C@]34C(=O)O[C@H]2[C@]14C,0,0,9,310.3,-0.87,105.59,2,7,1,0
NC(=O)n1c(O)c(C(=O)c2cccs2)c2cc(Cl)ccc21,1,3,6,320.76,3.22,85.32,2,4,2,3
CN1CC[C@H](c2c(O)cc(O)c3c(=O)cc(-c4ccccc4Cl)oc23)[C@H](O)C1,0,0,6,401.85,3.3,94.14,3,6,2,3
CC[N+]1(CC)CCC(OC(=O)C(O)(c2ccccc2)c2ccccc2)C1,0,0,2,354.47,3.09,46.53,1,3,6,2
O=C1CC2(CCCC2)CC(=O)N1,0,0,2,167.21,0.98,46.17,1,2,0,0
C(CCOCC1CO1)COCC1CO1,1,1,10,202.25,0.6,43.52,0,4,9,0
CCOc1cccc([C@]2(N3CCN(c4ccccc4)CC3)CC[C@@H](C)CC2)c1,0,0,11,378.56,5.31,15.71,0,3,5,2
O=C(O)Cn1c(=O)n(Cc2ccc(Br)cc2F)c(=O)c2ccc(Cl)cc21,0,0,12,441.64,2.85,81.3,1,3,4,3
O=C(O)c1cccc(C[C@@H]2COc3ccc(OCc4nc5cc(F)ccc5s4)cc3[C@@H]2O)c1,0,0,9,465.5,5.0,88.88,2,6,6,4
CC(C)c1nnc2ccc(-c3ocnc3-c3cc(F)ccc3F)cn12,0,0,9,340.33,4.45,56.22,0,4,3,4
NCC1(Cc2noc(=O)[nH]2)CCCCC1,0,0,10,211.26,0.81,84.91,2,4,3,1
Nc1cc2c3c(c1)C(c1ccccc1)=N[C@@H](NC(=O)c1cccnc1)C(=O)N3CC2,0,0,10,397.44,2.16,100.68,2,5,3,3
Oc1ccc(C2(c3ccc(O)cc3)c3ccccc3-c3ccccc32)cc1,1,1,5,350.42,5.46,40.46,2,2,2,4
CCN1C(=CC=CC=Cc2sc3ccccc3[n+]2CC)Sc2ccccc21,1,1,5,391.59,6.25,7.12,0,3,5,3
CC(C)C[C@H](NC(=O)[C@H](Cc1ccccc1)NC(=O)c1cnccn1)B(O)O,1,5,9,384.25,0.36,124.44,4,6,9,2
CC[C@@]1(O)C[C@H](O[C@H]2C[C@H](N(C)C)[C@H](O[C@H]3C[C@H](O)[C@H](O[C@H]4CCC(=O)[C@H](C)O4)[C@H](C)O3)[C@H](C)O2)c2c(cc3c(c2O)C(=O)c2c(O)cccc2C3=O)[C@H]1C(=O)OC,1,5,6,811.88,3.16,217.05,4,16,9,2
COc1ccc(C(=O)c2c(C)n(CCN3CCOCC3)c3ccccc23)cc1,0,0,9,378.47,3.52,43.7,0,4,6,3
COc1ccc(-c2cc(=S)ss2)cc1,1,2,8,240.37,4.21,9.23,0,4,2,2
O=C(CCCN1CCC(C(=O)c2ccc(F)cc2)CC1)c1ccc(F)cc1,0,0,10,371.43,4.52,37.38,0,3,7,2
C1CC(COCC2CO2)CCC1COCC1CO1,0,0,9,256.34,1.62,43.52,0,4,8,0
Cc1c(C(=O)c2cnn(C)c2O)ccc(S(C)(=O)=O)c1C1=NOCC1,0,0,11,363.4,1.19,110.85,1,7,4,2
CS(=O)(=O)c1cc(C(F)(F)F)ccc1C(=O)c1cnoc1C1CC1,0,0,11,359.33,3.21,77.24,0,5,4,2
COc1ccc2c3c1O[C@H]1[C@H](O)CC[C@H]4[C@@H](C2)N(C)CC[C@@]341,0,0,12,301.39,1.73,41.93,1,4,1,1
COC(=O)N(C(=O)N1CO[C@@]2(C(=O)OC)Cc3cc(Cl)ccc3C2=N1)c1ccc(OC(F)(F)F)cc1,1,2,5,527.84,4.09,106.97,0,8,3,2
O=C(C=Cc1ccccc1)OCC=Cc1ccccc1,1,1,10,264.32,3.96,26.3,0,2,5,2
C=C1C[C@H]2[C@@H]3C=C(C)C4=CC(=O)CC[C@]4(C)[C@H]3CC[C@]2(C)[C@@]1(OC(C)=O)C(C)=O,1,2,10,396.53,4.74,60.44,0,4,2,0
CN1CCc2cccc3c2[C@H]1Cc1ccc(O)c(O)c1-3.CN1CCc2cccc3c2[C@H]1Cc1ccc(O)c(O)c1-3,1,2,9,534.66,5.7,87.4,4,6,0,4
CCCCc1nc2cccnc2n1Cc1ccc(-c2ccccc2-c2nnn[n-]2)cc1,1,1,8,408.49,4.3,83.48,0,5,7,5
COc1cc(NS(C)(=O)=O)ccc1Nc1c2ccccc2nc2ccccc12,1,2,4,393.47,4.51,80.32,2,5,5,4
O=C1OC[C@H](Cc2cccc(O)c2)[C@H]1Cc1cccc(O)c1,1,2,12,298.34,2.67,66.76,2,4,4,2
CCOC(=O)[C@H](CCc1ccccc1)N[C@@H](C)C(=O)N1CC2(C[C@H]1C(=O)O)SCCS2,0,0,10,466.63,2.39,95.94,2,7,9,1
CC1(C)CNC(=NN=C(/C=C/c2ccc(C(F)(F)F)cc2)/C=C/c2ccc(C(F)(F)F)cc2)NC1,1,2,3,494.48,6.38,48.78,2,2,5,2
C1=CC[C]([Ti+2][C]2=CC=CC2)=C1,0,0,9,178.06,2.76,0.0,0,0,2,0
O=C(NCNC(=O)NC1C(=O)NC(=O)N1CO)NC1C(=O)NC(=O)N1CO,0,0,12,388.3,-4.8,221.54,8,8,6,0
OC[C@H]1O[C@@H](Oc2ccc(O)cc2)[C@H](O)[C@@H](O)[C@@H]1O,0,0,12,272.25,-1.43,119.61,5,7,3,1
c1cc[c]([Hg][c]2ccccc2)cc1,1,2,6,354.8,1.72,0.0,0,0,2,2
Cc1oc(C)c(C(=O)Nc2ccccc2)c1C,1,4,10,229.28,3.46,42.24,1,2,2,2
C[C@]12CC[C@H](O)C[C@H]1CC[C@@H]1[C@@H]2CC[C@]2(C)[C@@H](c3ccc(=O)oc3)C[C@H]3O[C@]132,1,3,5,384.52,4.26,62.97,1,4,1,1
CN(c1nccc(=O)[nH]1)C1CCN(c2nc3ccccc3n2Cc2ccc(F)cc2)CC1,0,0,8,432.5,3.41,70.05,1,5,5,4
Nc1nc(=O)c(Br)c(-c2ccccc2)[nH]1,0,0,11,266.1,1.78,71.77,2,3,1,2
COc1ccc(-c2nc3cc(C4=NNC(=O)CC4C)ccc3[nH]2)cc1,1,2,8,334.38,3.1,79.37,2,4,3,3
CC(=O)OCC(=O)[C@@]1(O)CC[C@H]2[C@@H]3CCC4=CC(=O)CC[C@]4(C)C3=CC[C@@]21C,1,3,10,386.49,3.3,80.67,1,5,3,0
CC(C)(c1ccccc1)c1cc(-n2nc3ccccc3n2)c(O)c(C(C)(C)c2ccccc2)c1,0,0,12,447.58,6.78,50.94,1,3,5,5
CCOC(=O)c1c(N)sc2c1CCN(Cc1ccccc1)C2,0,0,1,316.43,3.07,55.56,1,5,4,2
CC(C)(C)NC[C@H](O)COc1nsnc1N1CCOCC1,0,0,12,316.43,0.5,79.74,2,8,6,1
O=C(CCCN1CCC(n2c(=S)[nH]c3ccccc32)CC1)c1ccc(F)cc1,1,2,7,397.52,5.14,41.03,1,3,6,3
COC1CC(=C(c2cccs2)c2cccs2)C[N+](C)(C)C1,0,0,11,320.5,4.11,9.23,0,3,3,2
Clc1ccc2nsnc2c1NC1=NCCN1,1,1,12,253.72,1.72,62.2,2,6,1,2
O=C(c1ccc(F)cc1)C1CCN(CCn2c(=O)[nH]c3ccccc3c2=O)CC1,0,0,12,395.43,2.42,75.17,1,4,5,3
CC[C@H](C)[C@H]1O[C@]2(CC[C@@H]1C)C[C@@H]1C[C@@H](CC=C(C)[C@@H](O[C@H]3C[C@H](OC)[C@@H](O[C@H]4C[C@H](OC)[C@@H](O)[C@H](C)O4)[C@H](C)O3)[C@@H](C)C=CC=C3CO[C@@H]4[C@H](O)C(C)=C[C@@H](C(=O)O1)[C@]34O)O2,0,0,3,875.11,5.6,170.06,3,14,8,0
CCC(C)n1ncn(-c2ccc(N3CCN(c4ccc(OC[C@H]5CO[C@](Cn6cncn6)(c6ccc(Cl)cc6Cl)O5)cc4)CC3)cc2)c1=O,1,1,10,705.65,5.58,104.7,0,9,11,5
CC(COc1ccccc1)N(CCCl)Cc1ccccc1,1,5,11,303.83,4.19,12.47,0,2,8,2
CN1CCOC(c2ccccc2)c2ccccc2C1,1,1,12,253.34,3.24,12.47,0,2,1,2
CC(C)(Sc1cc(C(C)(C)C)c(O)c(C(C)(C)C)c1)Sc1cc(C(C)(C)C)c(O)c(C(C)(C)C)c1,0,0,12,516.86,9.91,40.46,2,4,4,2
c1cc[c]([Bi]([c]2ccccc2)[c]2ccccc2)cc1,1,1,9,440.3,2.2,0.0,0,0,3,3
C(=C\C=N\c1ccccc1)/C=C/Nc1ccccc1,0,0,10,248.33,4.57,24.39,1,2,5,2
CC[N+](CC)(CCNC(=O)C(=O)NCC[N+](CC)(CC)Cc1ccccc1Cl)Cc1ccccc1Cl,0,0,11,537.58,4.64,58.2,2,2,14,2
CCOC(=O)Nc1cccc(OC(=O)Nc2ccccc2)c1,1,3,11,300.31,3.87,76.66,2,4,4,2
Cc1ccc2c(c1)c1c3n2CCNC3CCC1,1,1,10,226.32,2.93,16.96,1,1,0,2
O=C(O)Cc1nn(Cc2ccc(Br)cc2F)c(=O)c2ccccc12,0,0,10,391.2,2.97,72.19,1,3,4,3
Cc1cc(N)no1,0,0,11,98.11,0.57,52.05,1,3,0,1
CC1=C(/C=C/C(C)=C/C=C/C(C)=C/C=C\C=C(C)\C=C\C=C(C)\C=C\C2=C(C)C(=O)CCC2(C)C)C(C)(C)CCC1=O,1,2,10,564.85,10.96,34.14,0,2,10,0
c1ccc2c(c1)sc1ccccc12,0,0,12,184.26,4.05,0.0,0,1,0,3
Nc1ccc(S(=O)(=O)Nc2ccnn2-c2ccccc2)cc1,0,0,12,314.37,2.26,90.01,2,4,4,3
c1ccc(-c2ccccn2)nc1,0,0,9,156.19,2.14,25.78,0,2,1,2
COC(=O)C(C)N(C(=O)Cc1ccccc1)c1c(C)cccc1C,1,1,11,325.41,3.44,46.61,0,3,5,2
COc1cc2c(cc1OC)C(=O)CC2,0,0,2,192.21,1.83,35.53,0,3,2,1
CCOCCn1c(C2CCN(CCc3ccc(C(C)(C)C(=O)O)cc3)CC2)nc2ccccc21,0,0,2,463.62,4.86,67.59,1,4,10,3
Cc1cc2c(cc1CC(=O)c1sccc1S(=O)(=O)Nc1onc(C)c1Cl)OCO2,0,0,1,454.91,3.96,107.73,1,8,6,3
Cc1nc(C2CCCCC2)c(-c2ccc(S(N)(=O)=O)c(F)c2)o1,0,0,1,338.4,3.48,86.19,1,4,3,2
Cc1c(O)cccc1C(=O)N[C@@H](CSc1ccccc1)[C@H](O)CN1C[C@H]2CCCC[C@H]2C[C@H]1C(=O)NC(C)(C)C,1,3,6,567.8,4.75,101.9,4,6,9,2
CO[C@H]1C=CO[C@@]2(C)Oc3c(C)c(O)c4c(c3C2=O)C2=NC3(CCN(CC(C)C)CC3)NC2=C(NC(=O)C(C)=CC=C[C@H](C)[C@H](O)[C@@H](C)[C@@H](O)[C@@H](C)[C@H](OC(C)=O)[C@@H]1C)C4=O,1,1,10,847.02,4.62,205.55,5,14,4,1
Cn1c(NCCN(CCO)CCCc2ccc([N+](=O)[O-])cc2)cc(=O)n(C)c1=O,0,0,11,405.46,0.33,122.64,2,7,11,2
CC(C)C[C@H](NC(=O)[C@@H](Cc1c[nH]c2ccccc12)NC(=O)[C@H](Cc1ccc(O)cc1)NC(=O)[C@H](CO)NC(=O)[C@H](Cc1c[nH]c2ccccc12)NC(=O)[C@H](Cc1c[nH]cn1)NC(=O)[C@@H]1CCC(=O)N1)C(=O)N[C@@H](CCCNC(=N)N)C(=O)N1CCC[C@@H]1C(=O)NCC(N)=O.O=C(O)c1cc2ccccc2c(Cc2c(O)c(C(=O)O)cc3ccccc23)c1O,0,0,9,1699.85,2.31,602.98,22,19,37,10
CCN(CC)CCNC(=O)C1C(C)=NC(/C=C2\C(=O)Nc3ccc(F)cc32)=C1C.O=C(O)CC(O)C(=O)O,0,0,1,532.57,1.89,168.63,5,7,10,1
C[C@]12CCC(=O)C[C@@H]1CC[C@@H]1[C@@H]2CC[C@]2(C)C=CC[C@@H]12,1,3,10,272.43,4.76,17.07,0,1,0,0
CCCN(CCOc1c(Cl)cc(Cl)cc1Cl)C(=O)n1ccnc1,1,4,11,376.67,4.6,47.36,0,3,6,2
N=C(N)NCCCC[C@@H]1NC(=O)CCSSC[C@@H](C(N)=O)NC(=O)[C@@H]2CCCN2C(=O)[C@H](Cc2c[nH]c3ccccc23)NC(=O)[C@H](CC(=O)O)NC(=O)CNC1=O,0,0,11,831.98,-1.84,323.89,11,11,10,2
O=c1cccccc1O,1,1,9,122.12,0.75,37.3,1,2,0,1
O=C(C(=O)c1ccco1)c1ccco1,1,1,11,190.15,1.94,60.42,0,4,3,2
O=c1[nH]cnc2ccccc12,0,0,11,146.15,0.92,45.75,1,2,0,2
C1CS1,0,0,12,60.12,0.73,0.0,0,1,0,0
CN1[C@@H]2CC[C@H]1C[C@@H](OC(=O)C(CO)c1ccccc1)C2.CN1[C@@H]2CC[C@H]1C[C@@H](OC(=O)C(CO)c1ccccc1)C2,0,0,12,578.75,3.86,99.54,2,8,8,2
CCOP(=O)(Sc1ccccc1)Sc1ccccc1,0,0,8,310.38,5.72,26.3,0,4,6,2
CSc1nc2cc(Cl)c(Oc3cccc(Cl)c3Cl)cc2[nH]1,1,2,5,359.67,6.04,37.91,1,3,3,3
C1=Cc2cccc3cccc1c23,0,0,11,152.2,3.32,0.0,0,0,0,2
c1ccc(SSc2ccccc2)cc1,1,1,12,218.35,4.49,0.0,0,2,3,2
Nc1nc(N)c2nc(-c3ccccc3)c(N)nc2n1,1,4,6,253.27,0.83,129.62,3,7,1,3
CCC(=O)N(c1ccccc1)C1CCN(Cc2cccs2)CC1,0,0,9,328.48,4.16,23.55,0,3,5,2
Clc1ccc([C@@H]2C[C@H]3CC[C@@H]2N3)cn1,0,0,9,208.69,2.34,24.92,1,2,1,1
c1cnc2cc3c(cc2n1)C1CNCC3C1,0,0,12,211.27,1.8,37.81,1,3,0,2
C=CC(=O)Nc1cc2c(Nc3ccc(F)c(Cl)c3)ncnc2cc1OCCCN1CCOCC1,1,5,8,485.95,4.39,88.61,2,7,9,3
CC[C@]12CCCN3CCc4c(n(c5ccccc45)[C@@](O)(C(=O)OC)C1)[C@@H]32,0,0,11,354.45,2.95,54.7,1,4,2,2
CCCCC[C@@H](O)C1C(=O)OC(C)[C@H](O)C=CC=CC=CC=CC=C(C)C(O)C(O)C(O)C[C@H](O)C[C@H](O)C[C@H](O)C[C@H](O)C[C@@H]1O,0,0,10,670.84,0.86,228.6,10,12,5,0
O=[N+]([O-])c1c(Cl)cccc1-c1c[nH]cc1Cl,1,1,5,257.08,3.9,58.93,1,2,2,2
C/C(=C\c1csc(C)n1)C1C[C@@H]2O[C@]2(C)CCC[C@H](C)C(O)[C@@H](C)C(=O)C(C)(C)[C@@H](O)CC(=O)O1,1,1,6,507.69,4.48,109.25,2,8,2,1
O=C(C[C@@H]1NCCC[C@H]1O)Cn1cnc2cc(Br)c(Cl)cc2c1=O,0,0,9,414.69,1.88,84.22,2,5,4,2
CN1CCC[C@@H]1Cc1c[nH]c2ccc(CCS(=O)(=O)c3ccccc3)cc12,0,0,12,382.53,3.82,53.17,1,3,6,3
CN1CCN(C(=O)C2CCCCC2)CC1,0,0,12,210.32,1.34,23.55,0,2,1,0
CN1CCC(O)(c2ccc(F)cc2)C(C(=O)c2ccc(F)cc2)C1,0,0,1,331.36,2.99,40.54,1,3,3,2
O=C(COc1ccc(Cl)cc1)OCCNC12CC3CC(CC(C3)C1)C2,0,0,10,363.89,3.82,47.56,1,4,7,1
Cc1c(Cn2ccnc2)c2ccccc2n1CCC(=O)O,0,0,12,283.33,2.67,60.05,1,2,5,3
O=C(CCN1CCC(c2ccccc2)C1)c1ccc2c(c1)OCCO2,1,1,9,337.42,3.52,38.77,0,4,5,2
CC1=C2C[C@H]3[C@@H](CC=C4C[C@@H](O)CC[C@@]43C)[C@@H]2CC[C@]12O[C@@H]1C[C@H](C)CN[C@H]1[C@H]2C,0,0,10,411.63,5.0,41.49,2,3,0,0
O=C1C(CCS(=O)c2ccccc2)C(=O)N(c2ccccc2)N1c1ccccc1,0,0,12,404.49,3.8,57.69,0,3,6,3
CC(C)(c1ccccc1)c1ccc(Nc2ccc(C(C)(C)c3ccccc3)cc2)cc1,1,1,9,405.59,8.08,12.03,1,1,6,4
CC12CCCC=C1C(=O)OC2=O,0,0,12,166.18,1.19,43.37,0,3,0,0
Cc1cc(NC(=O)C2=C(O)c3ccccc3S(=O)(=O)N2C)no1,1,1,12,335.34,1.48,112.74,2,6,2,2
CN[C@@H]1[C@@H](O[C@H]2O[C@H](CO)[C@@H](N)[C@H](O)[C@H]2O)O[C@H]2C[C@@H](N)[C@@H](O[C@H]3[C@H](O)[C@@H](O)[C@H](N)C[C@@H]3N)O[C@@H]2[C@@H]1O,0,0,10,539.58,-6.95,283.64,11,16,6,0
C#CCN1C(=O)COc2cc(F)c(N3C(=O)C4=C(CCCC4)C3=O)cc21,1,1,11,354.34,1.93,66.92,0,4,2,1
CCCCCOC(=O)COc1cc(N2C(=O)C3=C(CCCC3)C2=O)c(F)cc1Cl,0,0,10,423.87,4.34,72.91,0,5,8,1
COC(=O)CSc1cc(/N=c2\sc(=O)n3n2CCCC3)c(F)cc1Cl,0,0,12,403.89,2.8,65.59,0,6,4,2
Cc1nn(C)c(Oc2ccccc2)c1/C=N/OCc1ccc(C(=O)OC(C)(C)C)cc1,1,1,8,421.5,5.03,74.94,0,6,7,3
CC(C)N(C(=O)COc1nnc(C(F)(F)F)s1)c1ccc(F)cc1,1,1,12,363.34,3.52,55.32,0,5,5,2
O=C1CC2(CCCC2)CC(=O)N1CCCCN1CCN(c2ncccn2)CC1,1,1,12,385.51,2.09,69.64,0,6,6,1
C1CN(P2(N3CC3)=NP(N3CC3)(N3CC3)=NP(N3CC3)(N3CC3)=N2)CCO1,1,1,10,431.36,1.75,64.6,0,10,6,0
CC(C)n1nc(-c2cc3cc(O)ccc3[nH]2)c2c(N)ncnc21,1,2,6,308.35,2.84,105.64,3,5,2,4
COC(=O)N[C@H](C(=O)N[C@@H](Cc1ccccc1)[C@@H](O)CN(Cc1ccc(-c2ccccn2)cc1)NC(=O)[C@@H](NC(=O)OC)C(C)(C)C)C(C)(C)C,0,0,9,704.87,4.21,171.22,5,9,14,3
CC(C)C[C@H](NC(=O)[C@H](CCc1ccccc1)NC(=O)CN1CCOCC1)C(=O)N[C@@H](Cc1ccccc1)C(=O)N[C@@H](CC(C)C)C(=O)[C@@]1(C)CO1,1,4,7,719.92,2.58,158.47,4,8,20,2
CC(C)C[C@H]1C(=O)N2CCC[C@H]2[C@]2(O)O[C@](NC(=O)[C@@H]3C[C@@H]4c5cccc6[nH]cc(c56)C[C@H]4N(C)C3)(C(C)C)C(=O)N12,0,0,9,577.73,2.52,118.21,3,6,5,2
CCCC1CCOC(C)S1,0,0,12,160.28,2.65,9.23,0,2,2,0
O=C1CCCCCCCCCCOCCCCO1,1,1,12,256.39,3.85,35.53,0,3,0,0
CCN1C(=O)c2ccccc2C1Nc1ccc(OCCN2CCCCC2)cc1,0,0,12,379.5,4.14,44.81,1,4,7,2
COC(=O)Nc1nc2cc(S(=O)c3ccccc3)ccc2[nH]1,1,2,12,315.35,2.91,84.08,2,4,3,3
Cc1[nH]nc2c1N=C(c1ccccc1Cl)c1cc([N+](=O)[O-])ccc1N2,1,6,8,353.77,4.51,96.21,2,5,2,3
COc1cc(S(C)=O)ccc1-c1nc2ncccc2[nH]1,0,0,9,287.34,2.37,67.87,1,4,3,3
C=C(c1ccc(C(=O)O)cc1)c1cc2c(cc1C)C(C)(C)CCC2(C)C,1,2,8,348.49,6.1,37.3,1,1,3,2
O=C1C=CC(=O)N1c1ccccc1,1,1,3,173.17,1.12,37.38,0,2,1,1
CCCc1ccc(OCC(=O)N2CCN(C(=O)COc3ccc(CCC)cc3OC)CC2)c(OC)c1,1,1,2,498.62,3.74,77.54,0,6,12,2
CCn1c(=O)c2c(nc(/C=C/c3ccc(OC)c(OC)c3)n2C)n(CC)c1=O,0,0,2,384.44,2.12,80.28,0,5,6,3
COc1ccnc2c1CCCCC2S(=O)c1nc2ccccc2[nH]1,1,1,2,341.44,3.54,67.87,1,4,3,3
c1ccc(SCCSc2ccccc2)cc1,1,1,9,246.4,4.57,0.0,0,2,5,2
CO[C@H]1C[C@H](O[C@H]2[C@H](C)O[C@@H](O[C@@H]3C(C)=CC[C@@H]4C[C@@H](C[C@]5(C=C[C@H](C)[C@@H](C6CCCCC6)O5)O4)OC(=O)[C@@H]4C=C(C)[C@@H](O)[C@H]5OCC(=CC=C[C@@H]3C)[C@]54O)C[C@@H]2OC)O[C@@H](C)[C@@H]1O,1,1,6,899.13,5.91,170.06,3,14,7,0
COc1cc(C(=O)N2CCCCCCC2)cc(OC)c1OC,0,0,11,307.39,3.12,48.0,0,4,4,1
O=C([O-])c1ccc(NC(=O)[C@H](Cc2ccc(O)cc2)NC(=O)c2ccccc2)cc1,0,0,10,403.41,1.74,118.56,3,5,7,3
COc1cccc(N(C)C(=S)Oc2ccc3c(c2)CCCC3)n1,1,2,9,328.44,3.77,34.59,0,4,3,2
CC(C)(C)c1ccc(C(=O)CCCN2CCC(OC(c3ccccc3)c3ccccc3)CC2)cc1,0,0,6,469.67,7.22,29.54,0,3,9,3
CC(=C\c1ccccc1)/C=C1/SC(=S)N(CC(=O)O)C1=O,1,1,8,319.41,2.92,57.61,1,4,4,1
C#C[C@]1(O)C=C[C@H]2[C@@H]3CCC4=CC(=O)CC[C@@H]4[C@H]3CC[C@@]21CC,1,4,9,310.44,3.66,37.3,1,2,1,0
Clc1ccc(C(Cn2ccnc2)OCc2ccsc2Cl)c(Cl)c1,1,2,6,387.72,5.86,27.05,0,3,6,3
C=CCNC1=C2C[C@@H](C)C[C@H](OC)[C@H](O)[C@@H](C)C=C(C)[C@H](OC(N)=O)[C@@H](OC)C=CC=C(C)C(=O)NC(=CC1=O)C2=O,1,1,8,585.7,2.54,166.28,4,9,6,0
O=C1c2cccc3c2[C@H](CCC3)CN1[C@@H]1CN2CCC1CC2,0,0,11,296.41,2.66,23.55,0,2,1,1
COS(=O)(=O)[O-].C[N+]1(C)CCCCC1COC(=O)C(O)(c1ccccc1)c1ccccc1,0,0,9,465.57,2.19,112.96,1,7,6,2
CN(C)C(=O)CCSC(SCCC(=O)[O-])c1cccc(/C=C/c2ccc3ccc(Cl)cc3n2)c1,1,3,5,514.09,5.14,73.33,0,6,11,3
O=C(Nc1ccccc1)Nc1ccnc(Cl)c1,1,3,7,247.68,3.38,54.02,2,2,2,2
Cc1c(-c2ccc(O)cc2)n(Cc2ccc(OCCN3CCCCCC3)cc2)c2ccc(O)cc12,1,2,9,470.61,6.33,57.86,2,4,7,4
COC[C@H](c1ccc(C(F)(F)F)cc1)N1CCN(C2(C)CCN(C(=O)c3c(C)ncnc3C)CC2)C[C@H]1C,0,0,11,533.64,4.5,61.8,0,6,6,2
C[N+]1(CCF)[C@@H]2CC[C@H]1C[C@@H](OC(=O)C(O)(c1ccccc1)c1ccccc1)C2,0,0,2,398.5,3.58,46.53,1,3,6,2
COC(=O)C1=C(C)NC(C)=C(C(=O)O[C@H]2CCN(Cc3ccccc3)C2)[C@H]1c1cccc([N+](=O)[O-])c1,1,1,7,491.54,3.82,111.01,1,8,7,2
CC1=C(C)C(=O)C(C(CCCCCC(=O)O)c2ccccc2)=C(C)C1=O,1,1,2,354.45,4.61,71.44,1,3,8,1
CC[C@H]1C[C@@H]2C[C@H]3c4[nH]c5ccc(OC)cc5c4CCN(C2)[C@@H]13,1,1,11,310.44,3.94,28.26,1,2,2,2
C1CN(CCOCCN2CCOCC2)CCO1,0,0,12,244.33,-0.33,34.17,0,5,6,0
COc1ccc2c(c1)OC(C)(C)[C@@H](c1ccccc1)[C@@H]2c1ccc(OCCN2CCCC2)cc1,0,0,3,457.61,6.26,30.93,0,4,7,3
CC(CN1c2ccccc2Sc2cccnc21)N(C)C,0,0,6,285.42,3.63,19.37,0,4,3,2
CCCOC(C(=O)OC1CCN(C)CC1)(c1ccccc1)c1ccccc1,0,0,10,367.49,3.99,38.77,0,4,7,2
Cc1cc(O)c2c(c1)O[C@@]1(C)CC[C@H]3C(C)(C)CCCC34CO[C@@H]2[C@H]41,0,0,5,342.48,5.15,38.69,1,3,0,1
CC(C)(C)NCC(O)CSc1nc(-c2ccc(C(N)=O)s2)cs1,1,1,8,371.55,2.81,88.24,3,7,7,2
COS(=O)(=O)[O-].C[N+]1(C)CCC(=C(c2ccccc2)c2ccccc2)CC1,0,0,12,389.52,3.45,66.43,0,4,3,2
CCN1CCCC1CNC(=O)C(O)(c1ccccc1)c1ccccc1,0,0,2,338.45,2.52,52.57,2,3,6,2
O=[N+]([O-])c1cncn1CCN1CCOCC1,0,0,2,226.24,0.12,73.43,0,5,4,1
O=C(OCCN1CCOCC1)c1cccnc1Nc1cccc(C(F)(F)F)c1,1,1,2,395.38,3.33,63.69,1,6,6,2
Cc1[nH]cnc1-c1ccc(Cl)cc1,0,0,2,192.65,3.04,28.68,1,1,1,2
O=C1CC2CC1C1CCCC21,1,1,11,150.22,2.01,17.07,0,1,0,0
CC1=CCC2C(C1)C2(C)C,0,0,8,136.24,3.0,0.0,0,0,0,0
COC(=O)c1ccccc1S(=O)(=O)NC(=O)Nc1nc(C)cc(C)n1,0,0,12,364.38,1.39,127.35,2,7,4,2
CCOP(=O)(SC(C)CC)N1CCSC1=O,0,0,12,283.36,3.83,46.61,0,5,6,0
C[C@@H]1O[C@@H](O[C@H]2C[C@@H](O)[C@]3(CO)[C@H]4[C@H](O)C[C@]5(C)[C@@H](C6=CC(=O)OC6)CC[C@]5(O)[C@@H]4CC[C@]3(O)C2)[C@H](O)[C@H](O)[C@H]1O,1,3,8,584.66,-1.51,206.6,8,12,4,0
CN1C(=O)C[C@@H](C(=O)N[C@@H](Cc2c[nH]cn2)C(=O)N2CCC[C@H]2C(N)=O)NC1=O,0,0,10,405.42,-2.15,170.59,4,6,6,1
COc1cc([C@@H]2c3cc4c(cc3C(O[C@@H]3O[C@@H]5COC(c6cccs6)O[C@H]5[C@H](O)[C@H]3O)C3COC(=O)[C@@H]32)OCO4)cc(OC)c1O,1,1,4,656.66,2.75,160.83,3,14,6,3
CC1(C)C(\C=C/C=C\C=C/C=C2/N(CCCCS(=O)(=O)[O-])c3ccc4ccccc4c3C2(C)C)=[N+](CCCCS(=O)(=O)[O-])c2ccc3ccccc3c21,0,0,7,751.99,8.37,120.65,0,7,14,4
Nc1ccc(S(=O)(=O)Nc2cnc3ccccc3n2)cc1,1,1,12,300.34,2.01,97.97,2,5,3,3
C[C@@H](O)[C@H]1C(=O)N2C(C(=O)O)=C(SCCNC=N)C[C@H]12,0,0,12,299.35,-0.18,113.72,4,5,7,0
CC(C)C[C@H]1C(=O)N2CCC[C@H]2[C@]2(O)O[C@](NC(=O)[C@@H]3C=C4c5cccc6[nH]c(Br)c(c56)C[C@H]4N(C)C3)(C(C)C)C(=O)N12,1,3,10,654.61,3.19,118.21,3,6,5,2
C=CCOC(Cn1ccnc1)c1ccc(Cl)cc1Cl,1,4,8,297.19,4.13,27.05,0,2,6,2
C#CCN1CC(=O)N(COC(=O)[C@@H]2[C@@H](C=C(C)C)C2(C)C)C1=O,0,0,10,318.37,1.62,66.92,0,4,5,0
O=C1OC(=O)C2CCCCC12,0,0,12,154.16,0.88,43.37,0,3,0,0
O=C1OC(=O)C2CC=CCC12,0,0,12,152.15,0.65,43.37,0,3,0,0
CC(C)(C)c1ccc(CSc2cnn(C(C)(C)C)c(=O)c2Cl)cc1,1,3,7,364.94,5.24,34.89,0,3,3,2
O=C(NCC1CCCCN1)c1cc(OCC(F)(F)F)ccc1OCC(F)(F)F,0,0,12,414.35,3.44,59.59,2,4,7,1
CC(C)(C)NC(=O)[C@H]1CC[C@H]2[C@@H]3CC[C@H]4NC(=O)C=C[C@]4(C)[C@H]3CC[C@]12C,1,1,12,372.55,3.81,58.2,2,2,1,0
CC1=C2N=C(C=C3N=C(C(C)=C4[C@@H](CCC(N)=O)[C@](C)(CC(N)=O)[C@](C)([C@@H]5N=C1[C@](C)(CCC(=O)NC[C@@H](C)OP(=O)([O-])O[C@H]1[C@@H](O)[C@@H](n6cnc7cc(C)c(C)cc76)O[C@@H]1CO)[C@H]5CC(N)=O)[N]4[Co+][C]#N)[C@@](C)(CC(N)=O)[C@@H]3CCC(N)=O)C(C)(C)[C@@H]2CCC(N)=O,0,0,11,1355.39,2.72,477.85,9,20,27,2
CCCN[C@H]1CCc2nc(N)sc2C1,0,0,12,211.33,1.58,50.94,2,4,3,1
CN1CCC(=C2c3ccccc3CCc3sccc32)CC1,0,0,8,295.45,4.37,3.24,0,2,0,2
CO[C@@]1(NC(=O)C2SC(=C(C(N)=O)C(=O)O)S2)C(=O)N2C(C(=O)O)=C(CSc3nnnn3C)CS[C@@H]21,0,0,10,575.63,-1.4,219.93,4,13,9,1
CO/N=C(\C(=O)N[C@@H]1C(=O)N2C(C(=O)O)=C(CSc3nnnn3C)CS[C@H]12)c1csc(N)n1.CO/N=C(\C(=O)N[C@@H]1C(=O)N2C(C(=O)O)=C(CSc3nnnn3C)CS[C@H]12)c1csc(N)n1,0,0,9,1023.14,-1.74,381.62,6,26,16,4
O=C(Nc1ccc(S(=O)(=O)N2CCOCC2)cc1)c1cc(Cl)ccc1NS(=O)(=O)c1ccc(Cl)s1,1,1,9,576.51,4.13,121.88,2,7,7,3
COc1cc2[nH]c(C)c(CCN3CCN(c4ccccc4)CC3)c2cc1OC,0,0,10,379.5,3.86,40.73,1,4,6,3
C[N+](C)(CCCCCC[N+](C)(C)C1c2ccccc2-c2ccccc21)C1c2ccccc2-c2ccccc21,0,0,10,502.75,8.24,0.0,0,0,9,4
COc1ccc(C2NC(=S)N3C(c4ccc(OC)c(OC)c4)NC(=S)N23)cc1OC,0,0,7,446.55,2.71,67.46,2,6,6,2
O=C1CCCCCCCCCCCCCCO1,0,0,12,240.39,4.61,26.3,0,2,0,0
CN1C(C(=O)Nc2ccccn2)C(=O)c2sc(Cl)cc2S1(=O)=O,1,1,9,371.83,1.62,96.44,1,6,2,2
O=C1C(Cl)C(CCl)CN1c1cccc(C(F)(F)F)c1,1,2,12,312.12,3.51,20.31,0,1,2,1
CCCC[C@H]1CN(CC2CCOCC2)C(=O)OC12CCN(C1(C)CCN(C(=O)c3c(C)ncnc3C)CC1)CC2,0,0,12,555.76,4.61,88.1,0,7,7,1
CS(=O)(=O)c1ccc([C@@H](C[C@H]2CCC(=O)C2)C(=O)Nc2cnccn2)cc1Cl,0,0,10,421.91,3.02,106.09,1,6,6,2
CCN(CC)C(=O)c1cc(S(=O)(=O)Cc2ccccc2)c(N2CCC(c3ccccc3)CC2)cc1N(CC)CCN(C)C,0,0,8,604.86,5.91,64.17,0,6,13,3
O=C([N-]S(=O)(=O)/C=C/c1ccccc1)c1ccc(F)cc1Cl,1,2,7,338.77,3.99,65.31,0,3,4,2
CN1C(=O)N(c2ccccc2Br)Cc2cnc(Nc3ccc4c(c3)OCC(CO)O4)nc21,1,1,3,498.34,3.69,100.05,2,7,4,3
O=C(NS(=O)(=O)/C=C/c1cccs1)c1ccc(F)cc1Br,1,3,9,390.26,3.38,63.24,1,4,4,2
COc1ccc2cc3[n+](cc2c1OC)CCc1cc2c(cc1-3)OCO2,1,4,10,336.37,3.1,40.8,0,4,2,3
CCCCCc1cccc(=O)o1,1,1,12,166.22,2.37,30.21,0,2,4,1
NC[C@H]1CC[C@H](C(=O)Oc2ccc(CCC(=O)O)cc2)CC1,1,1,11,305.37,2.37,89.62,2,4,6,1
C[C@]12C=CC(=O)N[C@@H]1CC[C@@H]1[C@@H]2CC[C@]2(C)[C@@H](C(=O)Nc3cc(C(F)(F)F)ccc3C(F)(F)F)CC[C@@H]12,1,1,8,528.54,6.58,58.2,2,2,2,1
CC(C)(O)c1ccccc1CC[C@@H](SCC1(CC(=O)[O-])CC1)c1cccc(/C=C/c2ccc3ccc(Cl)cc3n2)c1,1,3,7,585.19,7.61,73.25,1,5,12,4
Cc1ccc(-c2ncc(Cl)cc2-c2ccc(S(C)(=O)=O)cc2)cn1,0,0,12,358.85,4.18,59.92,0,4,3,3
Cc1cccc(C)c1OCC(=O)N[C@@H](Cc1ccccc1)[C@@H](O)C[C@H](Cc1ccccc1)NC(=O)[C@H](C(C)C)N1CCCNC1=O,1,2,8,628.81,4.33,120.0,4,5,15,3
CC[C@H]1OC(=O)[C@H](C)C(=O)[C@H](C)[C@@H](O[C@@H]2O[C@H](C)C[C@H](N(C)C)[C@H]2O)[C@](C)(OC)C[C@@H](C)C(=O)[C@H](C)[C@H]2N(CCCCn3cnc(-c4cccnc4)c3)C(=O)O[C@]12C,0,0,10,812.02,4.93,171.85,1,13,11,2
C#Cc1cccc(Nc2ncnc3cc(OCCOC)c(OCCOC)cc23)c1,1,4,10,393.44,3.41,74.73,1,7,10,3
COC(=O)Nc1nc2cc(Sc3ccccc3)ccc2[nH]1,1,6,8,299.36,3.89,67.01,2,4,3,3
CCC1=C(C)CN(C(=O)NCCc2ccc(S(=O)(=O)NC(=O)N[C@H]3CC[C@H](C)CC3)cc2)C1=O,0,0,8,490.63,3.07,124.68,3,5,7,1
Cc1cnc(C(=O)NCCc2ccc(S(=O)(=O)NC(=O)NC3CCCCC3)cc2)cn1,1,1,12,445.55,2.08,130.15,3,6,7,2
NC(=O)c1nc(-c2cccc(-c3cc(F)ccc3OCC(F)(F)C(F)(F)F)c2)n[n-]1,1,1,5,429.3,3.58,92.2,1,4,6,3
Cc1cc2c(cc1C(F)(F)F)N(C(=O)Nc1ccc(Oc3cccnc3C)nc1)CC2,1,2,8,428.41,5.5,67.35,1,4,3,3
CCN1CCC2(CC1)COc1cc3c(cc12)N(C(=O)c1ccc(-c2ccc(-c4nnc(C)o4)cc2C)cc1)CC3,1,1,3,534.66,5.97,71.7,0,6,4,4
CCn1nc(Cc2ccccc2)cc1C1CCN(C[C@H]2C[C@H](N(C)[C@@H](C(=O)O)C(C)C)C[C@@H]2c2cccc(F)c2)CC1,0,0,10,574.79,6.42,61.6,1,4,11,3
OCC(CO)n1cnc(-c2ccc(F)cc2)c1-c1ccnc(Oc2ccccc2)n1,0,0,9,406.42,3.46,93.29,2,6,7,4
Cc1nc(-c2ccc3c(c2)CCN(CCC2CCC(NC(=O)/C=C/c4ccc(F)cc4)CC2)CC3)no1,1,5,9,502.63,5.36,71.26,1,5,7,3
OC(c1ccccc1)(c1ccccc1)C1CN2CCC1CC2,1,1,10,293.41,3.26,23.47,1,2,3,2
O=C(CCCN1CCN2CCCC2C1)c1ccc(F)cc1,0,0,9,290.38,2.57,23.55,0,3,5,1
CC(CNC(=O)c1cccnc1)NC(=O)c1cccnc1,0,0,10,284.32,1.02,83.98,2,4,5,2
NNC(=O)CP(=O)(c1ccccc1)c1ccccc1,0,0,11,274.26,0.99,72.19,2,3,4,2
CCOC(CN1CCN(CC(C)C(=O)c2ccccc2)CC1)c1ccccc1,1,1,11,380.53,3.9,32.78,0,4,9,2
Cc1cc(O)c(C(=O)N[C@@H](C(=O)N[C@@H]2C(=O)N3C(C(=O)O)=C(CSc4nnnn4C)CS[C@H]23)c2ccc(O)cc2)cn1,1,1,10,612.65,0.33,212.76,5,12,9,3
CC1C2CC(CC2C2CCCC(O)C2)C1(C)C,1,3,8,236.4,3.86,20.23,1,1,1,0
CC1=CCC(C(C)C)=CC1,0,0,12,136.24,3.31,0.0,0,0,1,0
ON=C1CCCC1,0,0,12,99.13,1.39,32.59,1,2,0,0
c1ccc2sc(SNC3CCCCC3)nc2c1,1,4,10,264.42,4.23,24.92,1,4,3,2
CC(=O)O[C@]1(C(C)=O)CC[C@H]2[C@@H]3C=C(Cl)C4=CC(=O)[C@@H]5C[C@@H]5[C@]4(C)[C@H]3CC[C@@]21C,1,3,11,416.95,4.61,60.44,0,4,2,0
C/C=C/C[C@@H](C)[C@@H](O)[C@H]1C(=O)N[C@@H](CC)C(=O)N(C)CC(=O)N(C)[C@@H](CC(C)C)C(=O)N[C@@H](C(C)C)C(=O)N(C)[C@@H](CC(C)C)C(=O)N[C@@H](C)C(=O)N[C@H](C)C(=O)N(C)[C@@H](CC(C)C)C(=O)N(C)[C@@H](CC(C)C)C(=O)N(C)[C@@H](C(C)C)C(=O)N1C,1,1,9,1202.63,3.27,278.8,5,12,15,0
CSc1ccc(C(=O)C(C)(C)N2CCOCC2)cc1,1,2,12,279.4,2.7,29.54,0,4,4,1
CN1Cc2c(N)cccc2C(c2ccccc2)C1,0,0,12,238.33,2.85,29.26,1,2,1,2
O=C(c1ccccc1)C1(O)CCCCC1,0,0,12,204.27,2.56,37.3,1,2,2,1
C[C@H]1N=C(N)O[C@H]1c1ccccc1,0,0,11,176.22,1.46,47.61,1,3,1,1
CC(Cc1ccccc1)NCCn1cnc2c1c(=O)n(C)c(=O)n2C,0,0,12,341.42,0.65,73.85,1,4,6,3
O=C([O-])C1[O][Sb]2[O]C(=O)C([O]2)C(C(=O)[O-])[O][Sb]2[O]C(=O)C1[O]2,1,3,7,535.63,-5.88,169.78,0,12,2,0
COc1cccc2c1cc([N+](=O)[O-])c1c(C(=O)[O-])cc3c(c12)OCO3,1,3,7,340.27,2.0,110.96,0,7,3,3
Cc1ccccc1CNc1ncnc2c1ncn2[C@@H]1O[C@H](CO)[C@@H](O)[C@H]1O,1,1,7,371.4,0.36,125.55,4,8,5,3
CCn1ccnc1CC1COc2ccccc2O1,0,0,12,244.29,2.29,36.28,0,3,3,2
O=C1N(c2ccccc2)c2ccccc2C1(Cc1ccncc1)Cc1ccncc1,0,0,12,391.47,4.88,46.09,0,3,5,4
O=C1CCC(c2ccc(-n3ccnc3)cc2)=NN1,1,2,10,240.27,1.49,59.28,1,3,2,2
c1ccc2c(c1)OCC(C1=NCCN1)O2,1,3,9,204.23,0.83,42.85,1,4,1,1
Cc1ccccc1N1C(=O)c2cc(S(N)(=O)=O)c(Cl)cc2NC1C,0,0,12,365.84,2.71,92.5,2,4,2,2
CC(C(=O)O)c1ccc(CC2CCCC2=O)cc1,0,0,12,246.31,2.79,54.37,1,2,4,1
CC(CN(C)C)CN1c2ccccc2S(=O)(=O)c2ccccc21,0,0,10,330.45,3.17,40.62,0,4,4,2
Cc1c(N)nc(C(CC(N)=O)NCC(N)C(N)=O)nc1C(=O)NC(C(=O)NC(C)C(O)C(C)C(=O)NC(C(=O)NCCc1nc(-c2nc(C(=O)NCCCN[C@@H](C)c3ccccc3)cs2)cs1)C(C)O)C(O[C@@H]1O[C@@H](CO)[C@@H](O)[C@H](O)[C@@H]1O[C@H]1O[C@H](CO)[C@@H](O)[C@H](OC(N)=O)[C@@H]1O)c1c[nH]cn1,1,1,9,1473.61,-6.23,639.1,21,32,37,5
O=C1O[C@@H]2[C@@H](O)[C@H](O)O[C@@H]2[C@H]1O,0,0,11,176.12,-2.65,96.22,3,6,0,0
CCCCc1cc2c(=O)c(C(=O)OC)c[nH]c2cc1OCc1ccccc1,0,0,10,365.43,4.24,68.39,1,4,7,3
CCN(CC)CCc1c[nH]c2ccccc12.CCN(CC)CCc1c[nH]c2ccccc12,1,1,12,432.66,6.1,38.06,2,2,10,4
CC(=O)O[C@@]12CO[C@@H]1C[C@H](O)[C@@]1(C)C(=O)[C@H](O)C3=C(C)[C@@H](OC(=O)[C@H](O)[C@@H](NC(=O)OC(C)(C)C)c4ccccc4)C[C@@](O)([C@@H](OC(=O)c4ccccc4)[C@H]21)C3(C)C,1,2,10,807.89,3.26,224.45,5,14,8,2
O=C(c1ccc2c(c1)C(=O)OC2=O)c1ccc2c(c1)C(=O)OC2=O,0,0,12,322.23,1.54,103.81,0,7,2,2
O=C(COc1ccc(Cl)cc1)N1CCN(Cc2ccc3c(c2)OCO3)CC1,1,2,11,388.85,2.79,51.24,0,5,5,2
CC1(C)CCC[C@]2(C)[C@H]3CCO[C@]3(C)CC[C@@H]12,1,1,12,236.4,4.41,9.23,0,1,0,0
O=c1[nH]c(=O)c2c[nH]nc2[nH]1,0,0,11,152.11,-1.06,94.4,3,3,0,2
COC(=O)C1=C(C)NC(C)=C(C(=O)OCCc2ccc(N3CCN(C(c4ccccc4)c4ccccc4)CC3)cc2)C1c1cccc([N+](=O)[O-])c1,0,0,2,686.81,6.7,114.25,1,9,11,4
O=S(=O)([O-])c1ccccc1C=Cc1ccc(-c2ccc(C=Cc3ccccc3S(=O)(=O)[O-])cc2)cc1,1,1,7,516.6,5.5,114.4,0,6,7,4
CC[C@@H](C)[C@@H](N)C1=N[C@H](C(=O)N[C@@H](CC(C)C)C(=O)N[C@@H](CCC(=O)O)C(=O)N[C@@H](C(=O)N[C@@H]2CCCCNC(=O)[C@@H](CC(N)=O)NC(=O)[C@@H](CC(=O)O)NC(=O)[C@@H](Cc3cnc[nH]3)NC(=O)[C@@H](Cc3ccccc3)NC(=O)[C@@H]([C@H](C)CC)NC(=O)[C@@H](CCCN)NC2=O)[C@@H](C)CC)CS1,1,1,10,1422.72,-1.68,530.87,17,19,31,2
CN[C@H](CC(C)C)C(=O)N[C@H]1C(=O)N[C@@H](CC(N)=O)C(=O)N[C@H]2C(=O)N[C@H]3C(=O)N[C@H](C(=O)N[C@@H](C(=O)O)c4cc(O)cc(O)c4-c4cc3ccc4O)[C@H](O)c3ccc(c(Cl)c3)Oc3cc2cc(c3O[C@@H]2O[C@H](CO)[C@@H](O)[C@H](O)[C@H]2O[C@H]2C[C@](C)(N)C(O)[C@H](C)O2)Oc2ccc(cc2Cl)[C@H]1O,1,1,10,1449.27,0.11,530.49,19,25,13,5
CCN1CN(CC)CN(CC)C1,0,0,12,171.29,0.84,9.72,0,3,3,0
O=c1oc(=O)c2cc3c(=O)oc(=O)c3cc12,1,1,12,218.12,-0.5,94.56,0,6,0,3
CN1CCCC(CC2c3ccccc3Sc3ccccc32)C1,0,0,9,309.48,5.02,3.24,0,2,2,2
CN[C@@H]1[C@H](O)[C@H](NC)[C@H]2O[C@@]3(O)C(=O)C[C@@H](C)O[C@H]3O[C@@H]2[C@H]1O,0,0,12,332.35,-2.93,129.51,5,9,2,0
CNC(=O)c1c(I)c(C(=O)NCC(=O)Nc2c(I)c(C(=O)O)c(I)c(C(=O)NCCO)c2I)c(I)c(N(C)C(C)=O)c1I,0,0,10,1268.88,3.45,194.24,6,7,10,2
CCCCC1=NC2(CCCC2)C(=O)N1Cc1ccc(-c2ccccc2-c2nnn[nH]2)cc1,1,1,11,428.54,4.78,87.13,1,5,7,3
NS(=O)(=O)c1cc(C(=O)O)c(NCc2ccco2)cc1Cl,1,1,12,330.75,1.89,122.63,3,5,5,2
C=CCN1C(=O)C(CC(C)C)NC1=S,0,0,10,212.32,1.3,32.34,1,2,4,0
O=C(O)CC/C=C\CC[C@@H]1[C@@H](N2CCCCC2)[C@@H](O)C[C@@H]1OCc1ccc(-c2ccccc2)cc1,0,0,9,477.65,5.68,70.0,2,4,11,2
O=C1c2ccccc2S(=O)(=O)N1CCCCN1CCN(c2ncccn2)CC1,0,0,12,401.49,1.22,86.71,0,7,6,2
C[C@@H]1CN(CCCn2c3ccccc3c3ccccc32)C[C@H](C)N1,0,0,1,321.47,3.87,20.2,1,2,4,3
CN(C(=O)c1c(O)c2ccccc2n(C)c1=O)c1ccccc1,0,0,12,308.34,2.52,62.54,1,3,2,3
COc1cc(N)c(Cl)cc1C(=O)NC1CN2CCC1CC2,0,0,11,309.8,1.75,67.59,2,4,3,1
CC1(c2ccccc2)OC(C(=O)O)=CC1=O,0,0,12,218.21,1.47,63.6,1,3,2,1
S=C(SSC(=S)N1CCCCC1)N1CCCCC1,1,2,6,320.57,3.91,6.48,0,4,0,0
CCOC(=O)NNc1ccc(N(CC)CC(C)O)nn1,0,0,12,283.33,0.76,99.61,3,7,7,1
O=C1CCCCCN1SSN1CCCCCC1=O,1,1,10,288.44,3.0,40.62,0,4,3,0
O=C(Cc1ccccc1)OCc1ccccc1,0,0,11,226.27,2.97,26.3,0,2,4,2
c1ccc(CSCc2ccccc2)cc1,1,1,10,214.33,4.12,0.0,0,1,4,2
c1cc(N(CC2CO2)CC2CO2)ccc1Cc1ccc(N(CC2CO2)CC2CO2)cc1,1,4,6,422.53,2.49,56.6,0,6,12,2
O=C1CCCCCCCCCCC1,1,1,12,182.31,3.86,17.07,0,1,0,0
Cc1cccc(N(C)C(=S)Oc2ccc3c(c2)C2CCC3C2)c1,0,0,1,323.46,5.16,12.47,0,2,2,2
NC(=O)C1(N2CCCCC2)CCN(CCCC(=O)c2ccc(F)cc2)CC1,0,0,2,375.49,2.59,66.64,1,4,7,1
CCN(CC)CCOc1ccc(C(O)(Cc2ccc(Cl)cc2)c2ccc(C)cc2)cc1,0,0,3,438.01,5.85,32.7,1,3,10,3
O=C1CCCCC1C1CCCCC1,0,0,12,180.29,3.33,17.07,0,1,1,0
C[C@@H](O)[C@H]1C(=O)N2C(C(=O)O)=C([C@H]3CCCO3)S[C@H]12,0,0,11,285.32,0.37,87.07,2,5,3,0
CN1C[C@@H]2C[C@H]1CN2c1cc2c(cc1F)c(=O)c(C(=O)O)cn2C1CC1,0,0,10,357.39,2.07,65.78,1,4,3,2
C[C@@H](O)[C@H]1C(=O)N2C(C(=O)[O-])=C(SC3Cn4cnc[n+]4C3)[C@H](C)[C@H]12,1,1,10,350.4,-1.89,102.37,1,6,4,1
O=C(CS(=O)Cc1ccco1)NC/C=C\COc1cc(CN2CCCCC2)ccn1,0,0,12,431.56,2.66,84.67,1,6,11,2
C/C(=C\C(=O)OCCCCCCCCC(=O)O)C[C@@H]1OC[C@H](C[C@@H]2O[C@H]2[C@@H](C)[C@H](C)O)[C@@H](O)[C@H]1O,0,0,10,500.63,2.59,146.05,4,8,16,0
C[C@@H]1CC[C@H]2[C@@H](C)C(=O)O[C@@H]3O[C@]4(C)CC[C@@H]1C32OO4,0,0,1,282.34,2.39,53.99,0,5,0,0
NC(=O)N(O)[C@@H]1C=C[C@H](Oc2cccc(Oc3ccc(F)cc3)c2)C1,1,2,9,344.34,3.46,85.02,2,4,5,2
NC(=O)N1C(=O)C(C(=O)c2cc(Cl)cs2)c2cc(F)c(Cl)cc21,1,2,5,373.19,3.59,80.47,1,4,2,2
CNC(=O)[C@H]1O[C@@H](n2cnc3c(NCc4cc(Cl)ccc4OCc4cc(C)no4)ncnc32)[C@H](O)[C@@H]1N,0,0,12,528.96,1.3,175.47,4,11,8,4
Cc1cc(NC(=O)C(=O)O)cc(C)c1Oc1ccc(O)c2c1CCC2,1,1,10,341.36,3.31,95.86,3,4,3,2
Cc1oc(-c2ccccc2)nc1CCOc1cccc2c1ccn2CCC(=O)O,1,2,9,390.44,4.7,77.49,1,4,8,4
O=C(O)C1(c2ccc3c(c2)OC[C@H](Cc2ccc(-c4ccccc4)cc2)[C@H]3O)CCCC1,1,1,7,428.53,5.53,66.76,2,3,5,3
Cc1c(-c2cccnc2)c2ccccc2n1CCCCC(=O)O,1,1,10,308.38,4.27,55.12,1,2,6,3
CCc1nn(C)c(C(=O)NCc2ccc(C(C)(C)C)cc2)c1Cl,1,2,5,333.86,3.86,46.92,1,2,4,2
Fc1ccc(C(OCCN2CCN(CCCc3ccccc3)CC2)c2ccc(F)cc2)cc1,0,0,3,450.57,5.32,15.71,0,3,10,3
COc1ccc2c3c1O[C@H]1C[C@@H](O)C=C[C@@]31CCN(C)C2,1,1,10,287.36,1.85,41.93,1,4,1,1
CCC1(c2cnc[nH]2)Cc2ccccc2C1,1,1,9,212.3,2.86,28.68,1,1,2,2
CCCc1c(OCCCCc2nnn[nH]2)ccc(C(C)=O)c1O,1,3,10,318.38,2.46,100.99,2,6,9,2
O=C(Oc1ccccc1)c1ccc2ccccc2c1O,1,1,8,264.28,3.76,46.53,1,3,2,3
ON=C1CCCCC1,0,0,12,113.16,1.78,32.59,1,2,0,0
CCCc1c2oc(C(=O)O)cc(=O)c2cc2c(=O)cc(C(=O)O)n(CC)c12,0,0,12,371.35,2.48,126.81,2,5,5,3
CN(C(=O)CCCOc1ccc2[nH]c(=O)ccc2c1)C1CCCCC1,1,1,11,342.44,3.48,62.4,1,3,6,2
Cc1cc(N)c2ccccc2[n+]1CCCCCCCCCC[n+]1c(C)cc(N)c2ccccc21,1,1,8,456.68,6.17,59.8,2,2,11,4
CSc1ccc(C(=O)c2[nH]c(=O)[nH]c2C)cc1,0,0,11,248.31,1.96,65.72,2,3,3,2
CCC1(C2=NCCN2)Cc2ccccc2O1,1,1,11,216.28,1.77,33.62,1,3,2,1
CC#CCC(C)[C@H](O)/C=C/[C@@H]1[C@H]2c3cccc(CCCC(=O)[O-])c3O[C@H]2C[C@H]1O,1,1,8,397.49,1.95,89.82,2,5,8,1
C/C(=C(\CCOC(=O)c1ccccc1)SS/C(CCOC(=O)c1ccccc1)=C(/C)N(C=O)Cc1cnc(C)nc1N)N(C=O)Cc1cnc(C)nc1N,0,0,9,770.94,6.0,196.82,2,14,19,4
CCCC(=O)N1CCCN(c2nc(N)c3cc(OC)c(OC)cc3n2)CC1,0,0,7,373.46,2.07,93.81,1,7,5,2
CN(Cc1ccc(C(C)(C)C)cc1)Cc1cccc2ccccc12,0,0,12,317.48,5.77,3.24,0,1,4,3
CO/N=C(/C(=O)N[C@@H]1C(=O)N2C(C(=O)[O-])=C(C[n+]3ccn4ncccc43)CS[C@H]12)c1nsc(N)n1,0,0,12,515.54,-2.49,184.11,2,12,7,3
C=CCOC(=O)C(C)(C)OC(=O)c1cc(-n2c(=O)cc(C(F)(F)F)n(C)c2=O)ccc1Cl,0,0,10,474.82,2.87,96.6,0,6,6,2
CO/C=C(/C(=O)OC)c1ccccc1Oc1cc(Oc2ccccc2C#N)ncn1,1,1,7,403.39,4.09,103.56,0,8,7,3
COc1ccccc1N1CCN(CCCNc2cc(=O)n(C)c(=O)n2C)CC1,0,0,12,387.48,0.72,71.74,1,6,7,2
COc1cc(/C=C/C(=O)CC(=O)/C=C/c2ccc(O)c(OC)c2)ccc1O,1,6,10,368.39,3.37,93.06,2,6,8,2
O=C1CCCC(=O)C1,0,0,11,112.13,0.7,34.14,0,2,0,0
CN(C)CCN1CCN(c2cccc(Cl)c2)C1=O,0,0,2,267.76,2.14,26.79,0,2,4,1
Clc1ccc(C(Cn2ccnc2)OCc2ccc(Sc3ccccc3)cc2)c(Cl)c1,1,1,1,455.41,7.3,27.05,0,3,8,4
NS(=O)(=O)c1cc(C(=O)NN2C[C@H]3[C@H]4CCC(C4)[C@H]3C2)ccc1Cl,0,0,2,369.87,1.61,92.5,2,4,3,1
C/C(=C(/OCCOc1ccc(Cl)cc1)c1ccc(Cl)cc1Cl)n1ccnc1,1,1,1,423.73,6.28,36.28,0,3,7,3
COc1ccc2[nH]c(SCc3ncc(C)c(OC)c3C)nc2c1,0,0,2,329.43,3.88,60.03,1,5,5,3
[Cl][V]([Cl])([CH]1C=CC=C1)[CH]1C=CC=C1,1,1,6,252.04,4.28,0.0,0,0,2,0
CCCCC(=O)N(Cc1ccc(-c2ccccc2-c2nnn[nH]2)cc1)[C@@H](C(=O)O)C(C)C,0,0,10,435.53,4.16,112.07,2,5,10,3
Oc1ccc2cc(SSc3ccc4cc(O)ccc4c3)ccc2c1,1,5,10,350.46,6.2,40.46,2,4,3,4
O=C1CCCC=CCCCCCCCCCC1,1,2,10,236.4,5.2,17.07,0,1,0,0
CN1CCC(N(Cc2ccccc2)c2ccccc2)CC1,0,0,2,280.42,3.79,6.48,0,2,4,2
CC1=NN(c2ccc(C)c(C)c2)C(=O)/C1=N/Nc1cccc(-c2cccc(C(=O)O)c2)c1O,1,1,1,442.48,4.56,114.59,3,6,5,3
CC1=NC(C)OC1C,1,1,9,113.16,1.21,21.59,0,2,0,0
C[C@]12O[C@H](C[C@]1(O)CO)n1c3ccccc3c3c4c(c5c6ccccc6n2c5c31)CNC4=O,1,3,4,439.47,3.47,88.65,3,4,1,5
CC(C)CN(C[C@@H](O)[C@H](Cc1ccccc1)NC(=O)O[C@H]1CO[C@H]2OCC[C@H]21)S(=O)(=O)c1ccc(N)cc1,0,0,10,547.67,2.38,140.42,3,8,11,2
CN1CC(=O)N=C1NC(=O)Nc1cccc(Cl)c1,1,3,11,266.69,1.29,73.8,2,3,1,1
O=[N+]([O-])c1ccc2[nH]ncc2c1,0,0,11,163.14,1.47,71.82,1,3,1,2
C1=CCCC=CCC1,0,0,12,108.18,2.67,0.0,0,0,0,0
N=C1NC(=N)c2cc3ccccc3cc21,1,7,8,195.22,2.09,59.73,3,2,0,2
CO/N=C(/C1=NOCCO1)c1ccccc1Oc1ncnc(Oc2ccccc2Cl)c1F,1,2,6,458.83,4.56,96.65,0,9,7,3
CC1=CC(=O)[C@H]2C[C@@H]1C2(C)C,0,0,11,150.22,2.18,17.07,0,1,0,0
CCCN(CCc1cccs1)[C@H]1CCc2c(O)cccc2C1,0,0,9,315.48,4.27,23.47,1,3,6,2
CCN(CCCCOC(=O)c1ccc(OC)c(OC)c1)C(C)Cc1ccc(OC)cc1,0,0,12,429.56,4.6,57.23,0,6,13,2
Cc1cccc(C)c1NC(=O)CN1CCN(CCCC(c2ccc(F)cc2)c2ccc(F)cc2)CC1,0,0,8,491.63,5.75,35.58,1,3,9,3
CCOC(=O)C1CC(=O)C(=C(O)C2CC2)C(=O)C1,0,0,11,252.27,1.32,80.67,1,5,3,0
O=C(O)c1cccc(-c2noc(-c3ccccc3F)n2)c1,1,4,9,284.25,3.24,76.22,1,4,3,3
C[N+]1(C)CCC(OC(=O)C(O)(c2ccccc2)C2CCCC2)C1,0,0,11,318.44,2.46,46.53,1,3,4,1
CSC1=N[C@@](C)(c2ccccc2)C(=O)N1Nc1ccccc1,1,3,8,311.41,3.49,44.7,1,4,3,2
c1ccc2c(c1)ccc1cc3c(ccc4ccccc43)cc12,1,5,11,278.35,6.3,0.0,0,0,0,5
C[C@@H]1CC[C@H]2C(C)(C)[C@H]3C[C@@]12CC[C@@]3(C)O,1,1,10,222.37,3.61,20.23,1,1,0,0
O=S1OCCO1,0,0,12,108.12,-0.39,35.53,0,3,0,0
COc1cc2c(cc1OC)-c1c/c(=N\c3c(C)cc(C)cc3C)n(C)c(=O)n1CC2,0,0,2,405.5,3.58,57.75,0,4,3,3
OC(CCN1CCCCC1)(c1ccccc1)C1CCCCC1,0,0,11,301.47,4.33,23.47,1,2,5,1
COc1cccc2c1C(=O)c1c(O)c3c(c(O)c1C2=O)C[C@@](O)(C(=O)CO)CC3OC1CC(N2CCOC(OC)C2)C(O)C(C)O1,0,0,1,643.64,0.35,201.75,5,14,7,2
OC(c1ccc(Cl)cc1)(c1ccc(Cl)cc1)c1cccnc1,1,3,9,330.21,4.67,33.12,1,2,3,3
CN1C(=O)/C(=N/NC(N)=S)c2ccccc21,1,3,9,234.28,0.2,70.72,2,3,1,1
O=C(Nc1ccc2[nH]ccc2c1)c1cc2cc(F)ccc2n1Cc1cccc(F)c1,1,1,3,401.42,5.7,49.82,2,1,4,5
O=C(N[C@H](c1ccccc1)[C@@H]1CN2CCC1CC2)c1c(Cl)ccc(C(F)(F)F)c1Cl,0,0,7,457.32,5.83,32.34,1,2,4,2
CN(C)CCC=C1c2ccccc2C(C)(C)c2ccccc21,1,1,7,291.44,4.71,3.24,0,1,3,2
CCOC(=O)COc1ccc2c(c1)CC(NCC(O)c1cccc(Cl)c1)CC2,0,0,9,403.91,3.46,67.79,2,5,8,2
COc1cc(C(C)C)c2c(c1)S(=O)(=O)N(COc1cc(=O)n3cccc(OCCN4CCCCC4)c3n1)C2=O,1,2,11,556.64,2.87,119.75,0,9,9,3
COc1cc(-c2nc(NC(=O)c3cc4cc(C)cc(C)c4n3CC(=O)O)sc2CCC2CCCCC2)c(OC)cc1Cl,1,1,3,610.18,7.9,102.68,2,6,10,4
Cc1ccc(C(=O)Nc2ccc(S(=O)(=O)O)c3cc(S(=O)(=O)O)cc(S(=O)(=O)O)c23)cc1NC(=O)c1cccc(NC(=O)Nc2cccc(C(=O)Nc3cc(C(=O)Nc4ccc(S(=O)(=O)O)c5cc(S(=O)(=O)O)cc(S(=O)(=O)O)c45)ccc3C)c2)c1,0,0,11,1297.3,6.74,483.75,12,17,16,8
C#C[C@]1(O)CC[C@H]2[C@@H]3CCC4=Cc5oncc5C[C@]4(C)[C@H]3CC[C@@]21C,1,6,11,337.46,4.22,46.26,1,3,0,1
C[C@H](CCC(=O)O)[C@H]1CC[C@H]2[C@@H]3C(=O)C[C@@H]4CC(=O)CC[C@]4(C)[C@H]3CC(=O)[C@]12C,0,0,10,402.53,4.07,88.51,1,4,4,0
c1cc[n+]2c(c1)-c1cccc[n+]1CC2,1,1,10,184.24,0.94,7.76,0,0,0,2
CC[C@H](C)C(=O)O[C@H]1C[C@H](O)C=C2C=C[C@H](C)[C@H](CC[C@@H](O)C[C@@H](O)CC(=O)[O-])[C@H]21,0,0,12,423.53,1.11,127.12,3,7,10,0
COc1cc2nc(N3CCN(C(=O)c4ccco4)CC3)nc(N)c2cc1OC,0,0,7,383.41,1.78,106.95,1,8,4,3
CCOC(=O)CN[C@@H](C(=O)N1CC[C@H]1C(=O)NCc1ccc(/C(N)=N/O)cc1)C1CCCCC1,0,0,10,473.57,1.1,146.35,4,7,10,1
CC(C(=O)O)c1ccc(C2CCCCC2)c2ccccc12,0,0,8,282.38,5.08,37.3,1,1,3,2
CC(C(=O)O)c1ccc2c(c1)CC(=O)c1ccccc1S2,1,1,12,298.36,3.76,54.37,1,3,2,2
CC1OC(=O)C(C)OC1=O,0,0,11,144.13,-0.14,52.6,0,4,0,0
COc1ccc(S(=O)(=O)N2c3ccc(Cl)cc3[C@@](O)(c3ccccc3Cl)[C@H]2C(=O)N2CCC[C@@H]2C(N)=O)cc1OC,0,0,12,620.51,3.3,139.47,2,7,7,3
COc1ccc(CCN(C)CCCN2CCc3cc(OC)c(OC)cc3CC2=O)cc1OC,0,0,11,456.58,3.21,60.47,0,6,11,2
C[C@@H]1C[C@H]2[C@@H]3CCC4=CC(=O)C=C[C@]4(C)[C@@]3(Cl)[C@@H](O)C[C@]2(C)[C@@]1(OC(=O)c1ccco1)C(=O)CCl,1,3,9,521.44,4.87,93.81,1,6,4,1
ClC1(Cl)C2(Cl)C3(Cl)C4(Cl)C(Cl)(Cl)C5(Cl)C3(Cl)C1(Cl)C5(Cl)C24Cl,0,0,10,545.55,6.22,0.0,0,0,0,0
CO[C@@]12[C@H](COC(N)=O)C3=C(C(=O)C(C)=C(N)C3=O)N1C[C@@H]1N[C@@H]12,1,1,8,334.33,-1.65,146.89,3,8,3,0
COc1ccc2c(C(=O)c3ccc(Cl)cc3)c(C)n(CC(=O)O)c2c1,1,1,12,357.79,3.93,68.53,1,3,5,3
CCC(=O)O[C@H]1[C@@H](N2CCCCC2)C[C@H]2[C@@H]3CC[C@H]4C[C@H](OC(C)=O)[C@@H](N5CCCCC5)C[C@]4(C)[C@H]3CC[C@@]21C,0,0,10,556.83,6.21,59.08,0,6,5,0
c1ccc2c(CCC3CCNCC3)c[nH]c2c1,1,1,9,228.34,3.1,27.82,2,1,3,2
Cn1cc(S(C)=O)c(=O)c2ccc(F)cc21,0,0,11,239.27,1.42,39.07,0,2,1,2
CCOCn1c(-c2ccc(Cl)cc2)c(C#N)c(Br)c1C(F)(F)F,1,3,6,407.62,5.46,37.95,0,2,4,2
COc1ccc(C(=O)N2CCCC2=O)cc1,0,0,12,219.24,1.46,46.61,0,3,2,1
C[C@H]1NCc2cc(-c3ccc4c(=O)c(C(=O)O)cn(C5CC5)c4c3OC(F)F)ccc21,0,0,2,426.42,4.47,80.56,2,4,5,3
COc1cc(OC)nc(Oc2cccc(Oc3nc(OC)cc(OC)n3)c2C(=O)[O-])n1,0,0,12,429.37,1.25,147.07,0,12,9,3
Cc1oc(=O)oc1COC(=O)[C@@H]1N2C(=O)[C@@H](NC(=O)[C@H](N)c3ccccc3)[C@H]2SC1(C)C,0,0,2,461.5,0.83,145.08,2,9,6,2
Nc1ccc(C(=O)N2CC3CC(CN(Cc4ccccc4)C3)C2)cc1,0,0,2,335.45,2.86,49.57,1,3,3,2
CC1(C)CCC(C)(C)c2cc(C(=O)Nc3ccc(C(=O)O)cc3)ccc21,1,1,7,351.45,4.99,66.4,2,2,3,2
CC1(COc2ccc(CC3SC(=O)NC3=O)cc2)CCCCC1,1,3,8,333.45,3.93,55.4,1,4,5,1
Nc1ncnc2c1ncn2Cc1c(F)cccc1Cl,0,0,2,277.69,2.25,69.62,1,4,2,3
O=C(O)Cc1ccc2c(c1)C(=O)c1ccccc1CO2,0,0,1,268.27,2.44,63.6,1,3,2,2
Cc1ccc(C(C)OC(=O)C2(C)CCC(C(=O)O)C2(C)C)cc1.OCCNCCO,0,0,2,423.55,2.69,116.09,4,6,8,1
N#CC1(c2ccc(F)cc2)CCC(=O)CC1,0,0,2,217.24,2.73,40.86,0,2,1,1
CCC(C)C1N=C(C)C(C)S1,0,0,12,171.31,2.95,12.36,0,2,2,0
C=CCc1ccc(OC(=O)Cc2ccccc2)c(OC)c1,1,1,11,282.34,3.57,35.53,0,3,6,2
CN(C)CCN(Cc1cccs1)c1ccccn1.CN(C)CCN(Cc1cccs1)c1ccccn1,0,0,12,522.79,5.42,38.74,0,8,12,4
O=C(O)c1snc(Cl)c1Cl,1,1,11,198.03,2.15,50.19,1,3,1,1
Cc1cnc(C(=O)O)c[n+]1[O-],0,0,10,154.12,-0.28,77.13,1,3,1,1
O=C(c1cc2ccccc2o1)N1CCN(Cc2ccccc2)CC1,0,0,9,320.39,3.39,36.69,0,3,3,3
CCOc1cc(N)c(Cl)cc1C(=O)NCC1CN(Cc2ccc(F)cc2)CCO1.O=C(O)CC(O)(CC(=O)O)C(=O)O,1,1,9,614.02,1.84,208.95,6,9,12,2
C[N@+]12CCCC[C@@H]1CCC(=C(c1cccs1)c1cccs1)C2,0,0,10,330.54,5.4,0.0,0,2,2,2
O=C1NC2NC(=O)NC2N1,0,0,11,142.12,-1.74,82.26,4,2,0,0
O=C1N=C2SCCN2C(=O)C1Cc1ccc(Cl)cc1,0,0,10,294.76,1.97,49.74,0,3,2,1
c1ccc2sc(SSN3CCOCC3)nc2c1,1,4,11,284.43,3.28,25.36,0,6,3,2
C[C@@H]1CC[C@@]2(OC1)O[C@H]1C[C@H]3[C@@H]4CC[C@H]5C[C@@H](O)CC[C@]5(C)[C@H]4CC(=O)[C@]3(C)[C@H]1[C@@H]2C,0,0,12,430.63,4.97,55.76,1,4,0,0
CC1=C2[C@H]3OC(=O)[C@@H](C)[C@@H]3CC[C@@]2(C)C=CC1=O,0,0,12,246.31,2.42,43.37,0,3,0,0
Cc1cccc(N(C)C(=S)Oc2ccc3ccccc3c2)c1,0,0,8,307.42,4.95,12.47,0,2,2,3
c1ccc2c(c1)CCCC2C1=NCCN1,0,0,10,200.28,2.11,24.39,1,2,1,1
O=c1ccc2cc(O[C@@H]3O[C@H](CO)[C@@H](O)[C@H](O)[C@H]3O)c(O)cc2o1,1,1,7,340.28,-1.32,149.82,5,9,3,2
COS(=O)(=O)[O-].C[N+]1(C)CCN(CC(O)(c2ccccc2)C2CCCCC2)CC1,0,0,10,428.6,1.94,89.9,1,6,5,1
CN1C(=O)C(C)(C2=CCCCC2)C(=O)N=C1O,0,0,12,236.27,1.41,69.97,1,2,1,0
C[C@@H]1O[C@@H](O[C@@H]2[C@@H](O)[C@H](OCCc3ccc(O)c(O)c3)O[C@H](CO[C@@H]3O[C@H](CO)[C@@H](O)[C@H](O)[C@H]3O)[C@H]2OC(=O)/C=C/c2ccc(O)c(O)c2)[C@H](O)[C@H](O)[C@H]1O,0,0,10,786.73,-3.19,324.44,12,20,13,2
CC(C)C(=O)OCC(=O)[C@@]12O[C@H](C3CCCCC3)O[C@@H]1C[C@H]1[C@@H]3CCC4=CC(=O)C=C[C@]4(C)[C@H]3[C@@H](O)C[C@@]12C,1,2,7,540.7,4.7,99.13,1,7,5,0
O=C1c2ccccc2CCc2ccccc21,1,1,9,208.26,3.02,17.07,0,1,0,2
CN1[C@@H]2CC[C@H]1C[C@@H](O)C2,0,0,11,141.21,0.6,23.47,1,2,0,0
CC[C@@H](C)CCCCC(=O)N[C@@H](CCNCS(=O)(=O)[O-])C(=O)N[C@H](C(=O)N[C@@H](CCNCS(=O)(=O)[O-])C(=O)N[C@H]1CCNC(=O)[C@H]([C@@H](C)O)NC(=O)[C@H](CCNCS(=O)(=O)[O-])NC(=O)[C@H](CCNCS(=O)(=O)[O-])NC(=O)[C@H](CC(C)C)NC(=O)[C@@H](CC(C)C)NC(=O)[C@H](CCNCS(=O)(=O)[O-])NC1=O)[C@@H](C)O,0,0,9,1634.9,-9.77,706.71,18,33,44,0
O=C(OOC(=O)c1ccccc1)c1ccccc1,0,0,2,242.23,2.62,52.6,0,4,2,2
c1ccc2c(c1)[nH]c1cnccc12,1,1,10,168.2,2.72,28.68,1,1,0,3
CC1CC(OC(=O)C(O)c2ccccc2)CC(C)(C)N1C,1,1,11,291.39,2.52,49.77,1,4,3,1
O=C1[N-]S(=O)(=O)c2ccccc21,1,1,12,182.18,0.9,65.31,0,3,0,1
O=C1NS(=O)(=O)c2ccccc21,0,0,12,183.19,0.12,63.24,1,3,0,1
O=C(O)c1cc(/N=N/c2ccc(S(=O)(=O)Nc3ccccn3)cc2)ccc1O,0,0,12,398.4,3.7,141.31,3,7,6,3
CN1[C@@H]2C[C@@H](OC(=O)[C@H](CO)c3ccccc3)C[C@H]1[C@@H]1O[C@@H]12,1,1,12,303.36,0.92,62.3,1,5,4,1
FC(F)(F)C(=NOCC1OCCO1)c1ccc(Cl)cc1,0,0,12,309.67,3.0,40.05,0,4,4,1
C[C@@H](C1=C(CCN(C)C)Cc2ccccc21)c1ccccn1,0,0,12,292.43,4.15,16.13,0,2,5,2
OC[C@H]1O[C@@H](OCCc2ccc(O)cc2)[C@H](O)[C@@H](O)[C@@H]1O,0,0,2,300.31,-1.25,119.61,5,7,5,1
O=C1c2ccccc2-c2n[nH]c3cccc1c23,1,2,7,220.23,2.77,45.75,1,2,0,3
CCOC(=O)c1ccc(C#Cc2ccc3c(c2)C(C)(C)CCS3)nc1,1,1,8,351.47,4.43,39.19,0,4,2,2
CNC1CCCN(c2c(F)cc3c(=O)c(C(=O)O)cn(C4CC4)c3c2OC)C1,0,0,11,389.43,2.37,83.8,2,5,5,2
C[C@H]1COc2c(C3(N)CC3)c(F)cc3c(=O)c(C(=O)O)cn1c23,0,0,11,318.3,1.74,94.55,2,4,2,2
CCCc1nc(C)c2c(=O)nc(-c3cc(S(=O)(=O)N4CCN(CC)CC4)ccc3OCC)[nH]n12.O=C(O)CC(O)(CC(=O)O)C(=O)O,1,1,12,680.74,0.82,245.03,5,11,13,3
COc1cc2c(cc1OC)C(=O)C(CC1CCN(Cc3ccccc3)CC1)C2,1,1,10,379.5,4.36,38.77,0,4,6,2
NS(=O)(=O)c1cc2c(cc1Cl)NC(CC1CCCC1)NS2(=O)=O,0,0,12,379.89,1.6,118.36,3,5,3,1
CC(=O)Oc1ccc(C(=C2CCCCC2)c2ccc(OC(C)=O)cc2)cc1,1,1,1,364.44,5.3,52.6,0,4,4,2
CC1(C)S[C@@H]2[C@H](NC(=O)C3(N)CCCCC3)C(=O)N2[C@H]1C(=O)O,0,0,9,341.43,0.28,112.73,3,5,3,0
N#C[C@@H]1C[C@@H]2C[C@@H]2N1C(=O)[C@@H](N)C12CC3CC(CC(O)(C3)C1)C2,0,0,12,315.42,1.16,90.35,2,4,2,0
O=C(N[C@@H](c1ccccc1)[C@@H]1CCCCN1)c1cccc(C(F)(F)F)c1Cl,0,0,7,396.84,4.97,41.13,2,2,4,2
COc1cccc(-c2ccc(/C=C\CN3CCCCCC3)cc2Cl)c1,0,0,7,355.91,5.9,12.47,0,2,5,2
C/C=C1\[C@H]2C=C(C)C[C@]1(N)c1ccc(=O)[nH]c1C2,0,0,12,242.32,2.0,58.88,2,2,0,1
C[C@H]1O[C@H](O[C@H]2[C@H](O)[C@@H](O)[C@@H](O[C@H]3[C@H](O)[C@@H](O)[C@H](O)O[C@@H]3CO)O[C@@H]2CO)[C@H](O)[C@@H](O)[C@@H]1N[C@H]1C=C(CO)[C@@H](O)[C@H](O)[C@H]1O,1,2,12,645.61,-8.56,321.17,14,19,9,0
C[C@]1(Cn2ccnn2)[C@H](C(=O)[O-])N2C(=O)C[C@H]2S1(=O)=O,0,0,7,299.29,-2.86,125.29,0,7,3,1
O=C(/C=C/C=C/c1ccc2c(c1)OCO2)N1CCCCC1,1,4,10,285.34,3.0,38.77,0,3,3,1
CC(=O)Nc1c(I)c(C(=O)N[C@H]2C(O)O[C@H](CO)[C@@H](O)[C@@H]2O)c(I)c(N(C)C(C)=O)c1I,0,0,10,789.1,-0.03,168.66,6,8,5,1
CC(C)(C(=O)c1cccnc1)c1cccnc1,0,0,12,226.28,2.64,42.85,0,3,3,2
CN1CCN2c3ccccc3Cc3ccccc3C2C1,0,0,9,264.37,3.08,6.48,0,2,0,2
Cc1nc2sccn2c(=O)c1CCN1CCC(=C(c2ccc(F)cc2)c2ccc(F)cc2)CC1,1,1,10,477.58,5.48,37.61,0,4,5,4
O=C(c1ccc(F)cc1)C1CCN(CCn2c(=S)[nH]c3ccccc3c2=O)CC1,1,1,10,411.5,3.79,58.1,1,4,5,3
Cc1cc(C(=O)O)c(C)n1-c1cccc(C(=O)O)c1.O=C1C[C@@H]2OCC=C3CN4CC[C@]56c7ccccc7N1[C@H]5[C@H]2[C@H]3C[C@H]46,0,0,9,593.68,4.58,112.31,2,5,3,3
CN(C)CCC=C1c2ccccc2C=Cc2ccccc21,0,0,10,275.4,4.55,3.24,0,1,3,2
CC(C)(OOC(C)(C)c1ccccc1)c1ccccc1,1,3,11,270.37,4.81,18.46,0,2,5,2
CN(CC1(C)CCCO1)S(=O)(=O)c1ccc(Cl)c(S(N)(=O)=O)c1,0,0,12,382.89,1.18,106.77,1,5,5,1
CO[C@]1(NC(=O)CSC(F)F)C(=O)N2C(C(=O)O)=C(CSc3nnnn3CCO)CO[C@H]21,0,0,11,496.47,-1.29,169.0,3,11,11,1
O=C1NC2CCCCN2C12CCN(CCCN1c3ccccc3CCc3ccc(Cl)cc31)CC2,1,1,8,479.07,4.74,38.82,1,4,4,2
N[C@H]1CN(c2c(F)cc3c(=O)c(C(=O)O)cn(C4C[C@H]4F)c3c2Cl)CC12CC2,0,0,11,409.82,2.7,88.56,2,4,3,2
CC(=O)O[C@@H]1C(=O)O[C@@H]2[C@H]1OC(=O)[C@@H]2OC(C)=O,1,1,11,258.18,-1.3,105.2,0,8,2,0
CC(C(O)c1ccccc1)N(C)CCOC(c1ccccc1)c1ccccc1,0,0,8,375.51,4.85,32.7,1,3,9,3
CCOC(=O)c1ccc(NC(=O)CN2CCCCC2)cc1,0,0,10,290.36,2.29,58.64,1,4,5,1
CC(=O)O[C@H]1CC[C@@]2(C)C(=CC[C@@H]3[C@@H]2CC[C@]2(C)C(C(C)=O)=CC[C@@H]32)C1,1,1,2,356.51,5.01,43.37,0,3,2,0
CC(C(O)c1ccccc1)N(C)C/C=C/c1ccccc1,0,0,1,281.4,3.75,23.47,1,2,6,2
C[C@]12CC[C@H]3[C@@H](CCC4=CC(=O)CC[C@@H]43)[C@@H]1CC[C@@H]2OC(=O)CCC1CCCCC1,1,1,2,412.61,6.4,43.37,0,3,4,0
c1cc(CCCc2ccncc2)ccn1,1,1,11,198.27,2.65,25.78,0,2,4,2
COc1ccc(CCNCC(O)COc2cccc(C)c2)cc1OC,0,0,10,345.44,2.58,59.95,2,5,10,2
OC[C@H]1O[C@H](O[C@H]2[C@H](O)[C@@H](O)[C@@H](O[C@H]3[C@H](O)[C@@H](O)[C@@H](O)O[C@@H]3CO)O[C@@H]2CO)[C@H](O)[C@@H](O)[C@@H]1O,1,3,9,504.44,-7.57,268.68,11,16,7,0
Cc1ccc(-n2nc(C(C)(C)C)cc2NC(=O)Nc2ccc(OCCN3CCOCC3)c3ccccc23)cc1,1,2,9,527.67,5.99,80.65,2,5,7,4
CC(C)c1nc(CN(C)C(=O)N[C@H](C(=O)N[C@@H](Cc2ccccc2)C[C@H](O)[C@H](Cc2ccccc2)NC(=O)OCc2cncs2)C(C)C)cs1,0,0,8,720.96,5.91,145.78,4,9,17,4
CNC(=O)c1cnn(-c2nc(N)c3ncn([C@@H]4O[C@H](CO)[C@@H](O)[C@H]4O)c3n2)c1,0,0,2,390.36,-2.43,186.46,5,10,4,3
O=C1Nc2cc(Cl)ccc2Oc2ccccc21,1,1,2,245.66,3.7,38.33,1,2,0,2
COC(=O)Nc1nc2cc(C(=O)C3CC3)ccc2[nH]1,0,0,2,259.26,2.33,84.08,2,4,3,2
CCC12COCN1COC2,0,0,12,143.19,0.41,21.7,0,3,1,0
COc1ccc(OC(=O)N(CC(=O)O)Cc2ccc(OCCc3nc(-c4ccccc4)oc3C)cc2)cc1,0,0,1,516.55,5.37,111.33,1,7,11,4
C1=CCC(c2ccccc2)CC1,0,0,12,158.24,3.51,0.0,0,0,1,1
CC1=C(C)S(=O)(=O)CCS1(=O)=O,1,3,12,210.28,0.08,68.28,0,4,0,0
CC(=O)Nc1ccc(OCCOCCOc2ccc(NC(C)=O)cc2)cc1,0,0,12,372.42,3.08,85.89,2,5,10,2
CC(NNC(=O)c1ccccc1)c1ccccc1,1,3,8,240.31,2.68,41.13,2,2,4,2
c1ccc(OCc2ccc(CCCN3CCOCC3)cc2)cc1,1,1,12,311.42,3.53,21.7,0,3,7,2
O=S(c1cc(Cl)cc(Cl)c1O)c1cc(Cl)cc(Cl)c1O,1,2,9,372.06,4.88,57.53,2,3,2,2
O=C(Nc1ccc(Oc2ccc(Cl)cc2)c(Cl)c1)c1cc(I)cc(I)c1O,1,3,9,626.02,6.95,58.56,2,3,4,3
Nc1c2c(nc3c1CCC3)CCCC2,0,0,12,188.27,2.03,38.91,1,2,0,1
CO/N=C(\C(=O)N[C@@H]1C(=O)N2C(C(=O)[O-])=C(CSc3nc(C)c(CC(=O)[O-])s3)CS[C@H]12)c1csc(N)n1,0,0,9,582.67,-1.67,203.06,2,15,10,2
O=C(O)Cn1c(C(=O)Nc2nc(-c3ccccc3Cl)cs2)cc2ccccc21,1,2,8,411.87,4.76,84.22,2,4,5,4
O=c1[n-]c(=O)n(Cl)c(=O)n1Cl,1,1,12,196.96,-1.67,75.17,0,3,0,1
COc1c(O[C@@H]2O[C@H](CO)[C@@H](O)[C@H](O)[C@H]2O)cc2c(c1OC)-c1ccc(SC)c(=O)cc1[C@@H](NC(C)=O)CC2,0,0,9,563.63,0.75,164.01,5,11,7,2
Cc1occc1C(=O)Nc1ccc(C(=O)N2CCC(F)(F)/C(=C\C(=O)N3CCC(N4CCCCC4)CC3)c3ccccc32)cc1.Cc1occc1C(=O)Nc1ccc(C(=O)N2CCC(F)(F)/C(=C\C(=O)N3CCC(N4CCCCC4)CC3)c3ccccc32)cc1,0,0,10,1233.42,12.77,172.2,2,10,10,6
Clc1ccc(CCC(Cn2ccnc2)Sc2c(Cl)cccc2Cl)cc1,1,2,7,411.79,6.64,17.82,0,2,7,3
CC(=O)OCC(=O)[C@@]12OC3(CCCC3)O[C@@H]1C[C@H]1[C@@H]3CCC4=CC(=O)C=C[C@]4(C)[C@@]3(F)[C@@H](O)C[C@@]12C,1,1,5,502.58,3.52,99.13,1,7,3,0
Cn1cnc([N+](=O)[O-])c1Sc1ncnc2nc[nH]c12,1,3,10,277.27,1.15,115.42,1,7,3,3
CO[C@@]1(NC(=O)CSCC#N)C(=O)N2C(C(=O)[O-])=C(CSc3nnnn3C)CS[C@@H]21,0,0,11,470.54,-2.06,166.16,1,12,9,1
NC(CO)(CO)CO.O=C(c1ccccc1)c1ccc2n1CC[C@H]2C(=O)O,0,0,12,376.41,-0.05,146.01,5,6,6,2
C=C1c2c(Cl)ccc(O)c2C(=O)C2=C(O)[C@]3(O)C(=O)C(C(N)=O)=C(O)[C@@H](N(C)C)[C@@H]3[C@@H](O)[C@H]12.O=C(O)c1cc(S(=O)(=O)O)ccc1O,0,0,9,695.06,0.55,293.52,9,13,4,2
CO[C@@]1(NC(=O)C(C(=O)[O-])c2ccc(O)cc2)C(=O)N2C(C(=O)[O-])=C(CSc3nnnn3C)CO[C@@H]21,0,0,11,518.46,-3.8,211.96,2,13,9,2
COc1cc2nc(N3CCN(C(=O)C4COc5ccccc5O4)CC3)nc(N)c2cc1OC,0,0,11,451.48,1.72,112.27,1,9,4,3
CC[N+]1(CC)CCC(=C(c2ccccc2)c2ccccc2)C1C,0,0,12,306.47,5.14,0.0,0,0,4,2
c1ccc(B(c2ccccc2)c2ccccc2)cc1,1,4,10,242.13,2.2,0.0,0,0,3,3
O=C1CCCCCCCCCCCN1,0,0,12,197.32,3.02,29.1,1,1,0,0
Cc1ccc(NC(=O)c2ccc(CN3CCN(C)CC3)cc2)cc1Nc1nccc(-c2cccnc2)n1,1,2,9,493.62,4.59,86.28,2,7,7,4
C[n+]1c2cc(N)ccc2cc2ccc(N)cc21.Nc1ccc2cc3ccc(N)cc3nc2c1,1,4,6,433.54,4.53,120.85,4,5,0,6
N=C(NCCCCCCNC(=N)NC(=N)Nc1ccc(Cl)cc1)NC(=N)Nc1ccc(Cl)cc1,1,2,7,505.46,4.18,167.58,10,4,9,2
O=C(C=Cc1ccccc1)OCCCc1ccccc1,1,1,11,266.34,3.88,26.3,0,2,6,2
CO/N=C(\C(=O)N[C@@H]1C(=O)N2C(C(=O)[O-])=C(C[n+]3cccc4c3CCC4)CS[C@H]12)c1csc(N)n1,0,0,9,514.59,-1.04,153.92,2,10,7,2
CCOC(=O)C1=NOC(c2ccccc2)(c2ccccc2)C1,0,0,10,295.34,3.27,47.89,0,4,4,2
CC1CCCC(C)N1NC(=O)c1ccc(Cl)c(S(N)(=O)=O)c1,0,0,10,345.85,1.9,92.5,2,4,3,1
Clc1cccc(Cl)c1N=C1NCCN1,0,0,12,230.1,2.17,36.42,2,1,1,1
Cc1ccccc1/N=N/c1ccc(/N=N/c2c(O)ccc3ccccc23)c(C)c1,1,3,11,380.45,7.99,69.67,1,5,4,4
CCOC(=O)[C@]1(c2ccccc2)Oc2ccccc2[C@@H]1N,1,1,9,283.33,2.54,61.55,1,4,3,2
CC1(C)Oc2ccc(C#N)cc2[C@@H](N2CCCC2=O)[C@@H]1O,0,0,12,286.33,1.75,73.56,1,4,1,1
CCN(CC)CC1CCCCN1CC(=O)N1c2ccccc2C(=O)Nc2cccnc21,0,0,12,421.55,3.51,68.78,1,5,6,2
CC[C@H](NC(C)C)[C@H](O)c1ccc(O)c2[nH]c(=O)ccc12,0,0,12,290.36,2.04,85.35,4,4,5,2
C/C(=C(/CCO)SSCC1CCCO1)N(C=O)Cc1cnc(C)nc1N,0,0,10,398.55,2.5,101.57,2,8,10,1
CCOC(=O)C(C)Oc1ccc(Oc2cnc3cc(Cl)ccc3n2)cc1,1,2,11,372.81,4.41,70.54,0,6,6,3
Clc1ccccc1-c1nnc(-c2ccccc2Cl)nn1,1,3,11,303.15,3.91,51.56,0,4,2,3
c1ccc(N=NNc2ccccc2)cc1,1,3,9,197.24,3.8,36.75,1,2,3,2
CCCCC(CC)CN1CN(CC(CC)CCCC)CC(C)(N)C1,0,0,2,339.61,4.71,32.5,1,3,12,0
CC(=O)C1C(=O)C=C(C)OC1=O,0,0,12,168.15,0.22,60.44,0,4,1,0
OC(CCN1CCCCC1)(c1ccccc1)C1CC2C=CC1C2,0,0,12,311.47,3.96,23.47,1,2,5,1
CCN1CCN(c2cc(-c3ccc(F)cc3)c3c(n2)CCCCCC3)CC1,0,0,12,367.51,4.69,19.37,0,3,3,2
Nc1ccn(C2CO[C@H](CO)O2)c(=O)n1,0,0,11,213.19,-1.31,99.6,2,6,2,1
C(COCC1CO1)OCC1CO1,1,1,9,174.2,-0.18,43.52,0,4,7,0
N=C1NC(=N)c2ccccc21,1,4,8,145.16,0.94,59.73,3,2,0,1
O=C(c1ccco1)N1CCNCC1,0,0,2,180.21,0.33,45.48,1,3,1,1
OC[C@H]1O[C@@H]2O[C@H]3[C@H](O)[C@@H](O)[C@@H](O[C@H]4[C@H](O)[C@@H](O)[C@@H](O[C@H]5[C@H](O)[C@@H](O)[C@@H](O[C@H]6[C@H](O)[C@@H](O)[C@@H](O[C@H]7[C@H](O)[C@@H](O)[C@@H](O[C@H]1[C@H](O)[C@H]2O)O[C@@H]7CO)O[C@@H]6CO)O[C@@H]5CO)O[C@@H]4CO)O[C@@H]3CO,1,2,12,972.85,-13.05,474.9,18,30,6,0
Cc1ccc(S(=O)(=O)NC(=O)NN2CCCCCC2)cc1,1,1,12,311.41,1.77,78.51,2,4,3,1
CN1C(=O)CN2CCc3ccccc3C2c2cc(Cl)ccc21,1,2,9,312.8,3.26,23.55,0,2,0,2
Brc1c(NC2=NCCN2)ccc2nccnc12,0,0,11,292.14,1.76,62.2,2,5,1,2
CS(=O)(=O)c1ccc(C2=C(c3ccccc3)C(=O)OC2)cc1,0,0,10,314.36,2.56,60.44,0,4,3,2
C[C@H](CN1CCOCC1)C(C(=O)N1CCCC1)(c1ccccc1)c1ccccc1,1,1,12,392.54,3.56,32.78,0,3,6,2
CN(CCOc1ccc(CC2SC(=O)NC2=O)cc1)c1ccccn1,1,3,11,357.44,2.49,71.53,1,6,7,2
O=c1[nH][nH]c2ccccc12,1,1,11,134.14,0.86,48.65,2,1,0,2
O=C1C(=O)c2cccc3cccc1c23,1,2,9,182.18,2.22,34.14,0,2,0,2
C1CCC2=NCCCN2CC1,0,0,11,152.24,1.66,15.6,0,2,0,0
N#CC(CCc1ccc(Cl)cc1)(Cn1cncn1)c1ccccc1,1,1,5,336.83,4.03,54.5,0,3,6,3
C[C@@H]1CCC[C@H](C)N1CCCC(O)(c1ccccc1)c1ccccn1,0,0,2,338.5,4.36,36.36,1,3,6,2
CC1CCN(CCCC(=O)c2ccc(F)cc2)CC1,0,0,12,263.36,3.52,20.31,0,2,5,1
O=C(Nc1ccccc1SSc1ccccc1NC(=O)c1ccccc1)c1ccccc1,1,5,8,456.59,6.99,58.2,2,4,7,4
CCCCCc1cc(O)c2c(c1)OC(C)(C)c1ccc(C)cc1-2,1,2,3,310.44,5.73,29.46,1,2,4,2
CN(C(=O)C(Cl)Cl)c1ccc(OC(=O)c2ccco2)cc1,1,1,10,328.15,3.27,59.75,0,4,4,2
CCNC1(c2cccs2)CCCCC1=O,0,0,10,223.34,2.7,29.1,1,3,3,1
O=c1sc2ccccc2c(O)c1C1CC(c2ccc(-c3ccc(Br)cc3)cc2)Cc2ccccc21,1,2,2,539.49,8.26,37.3,1,3,3,5
Cc1cc(-c2ccccc2)nnc1NCCN1CCOCC1,0,0,10,298.39,2.2,50.28,1,5,5,2
COc1ccccc1N1CCN(CCCC(=O)c2ccc(F)cc2)CC1,1,1,10,356.44,3.62,32.78,0,4,7,2
COc1ccc(C[C@H](N)C(=O)N[C@H]2[C@@H](O)[C@H](n3cnc4c(N(C)C)ncnc43)O[C@@H]2CO)cc1,1,1,3,471.52,-0.79,160.88,4,10,8,3
CC(NCCC(c1ccccc1)c1ccccc1)c1ccccc1,1,1,3,315.46,5.56,12.03,1,1,7,3
CC[C@H](C)[C@H](NC(=O)[C@H](Cc1ccccc1)NC(=O)[C@H](C)NC(=O)[C@H](CC(=O)O)NC(=O)[C@H](CCCCN)NC(=O)[C@H](CO)NC(=O)[C@@H]1CCCN1C(=O)[C@@H]1CCC(=O)N1)C(=O)NCC(=O)N[C@@H](CC(C)C)C(=O)N[C@@H](CCSC)C(N)=O,0,0,9,1188.42,-3.56,437.95,14,16,36,1
C[N+]1(CC2COC(c3ccccc3)(C3CCCCC3)O2)CCCCC1,0,0,12,344.52,4.47,18.46,0,2,4,1
CC1=C(/C=C/C(C)=C/C=C/C(C)=C/C(=O)Oc2c(C)c(C)c3c(c2C)CC[C@@](C)(CCC[C@H](C)CCC[C@H](C)CCCC(C)C)O3)C(C)(C)CCC1,1,1,10,713.14,14.57,35.53,0,3,18,1
O=S1(=O)CC=CC1,0,0,12,118.16,-0.03,34.14,0,2,0,0
COc1cc([C@H]2Oc3cc([C@H]4Oc5cc(O)cc(O)c5C(=O)[C@@H]4O)ccc3O[C@@H]2CO)ccc1O,1,2,8,482.44,2.36,155.14,5,10,4,3
CCn1nc(C(=O)O)c(=O)c2cc3c(cc21)OCO3,0,0,12,262.22,0.84,90.65,1,5,2,2
COc1cc(N)c(Cl)cc1C(=O)NC1CCN(CCCOc2ccc(F)cc2)CC1OC,0,0,9,465.95,3.36,86.05,2,6,9,2
O=C(N[C@H]1CN2CCC1CC2)c1ccc2c(c1)OCCO2,0,0,12,288.35,1.28,50.8,1,4,2,1
O=C(OCCCCCOC(=O)c1ccccc1)c1ccccc1,0,0,11,312.37,3.87,52.6,0,4,8,2
OC[C@H]1O[C@@H]2O[C@H]3[C@H](O)[C@@H](O)[C@@H](O[C@H]4[C@H](O)[C@@H](O)[C@@H](O[C@H]5[C@H](O)[C@@H](O)[C@@H](O[C@H]6[C@H](O)[C@@H](O)[C@@H](O[C@H]7[C@H](O)[C@@H](O)[C@@H](O[C@H]8[C@H](O)[C@@H](O)[C@@H](O[C@H]9[C@H](O)[C@@H](O)[C@@H](O[C@H]1[C@H](O)[C@H]2O)O[C@@H]9CO)O[C@@H]8CO)O[C@@H]7CO)O[C@@H]6CO)O[C@@H]5CO)O[C@@H]4CO)O[C@@H]3CO,0,0,12,1297.13,-17.41,633.2,24,40,8,0
c1ccc(CN(Cc2ccccc2)Cc2ccccc2)cc1,1,1,10,287.41,4.89,3.24,0,1,6,3
CN(C)C1CSSSC1,1,1,11,181.35,1.96,3.24,0,4,1,0
COc1cc(C=C2CCCC(=Cc3ccc(O)c(OC)c3)C2=O)ccc1O,1,3,6,366.41,4.34,75.99,2,5,4,2
COc1ccc(C(=O)N2CCN(CC(=O)N3CCOCC3)CC2)cc1,0,0,11,347.42,0.31,62.32,0,5,4,1
Nc1nc(N)c(-c2ccccc2)s1,0,0,12,191.26,1.97,64.93,2,4,1,2
CCOC(=O)c1ccc([C@H]2CC[C@H](NC[C@H](O)COc3ccc(O)c(NS(C)(=O)=O)c3)CC2)cc1,0,0,6,506.62,3.0,134.19,4,8,11,2
CCCOc1sc(C(=O)N2CCC(c3cc(CN)ccc3F)CC2)c(C)c1Br,1,1,3,469.42,5.23,55.56,1,4,6,2
O=C([O-])c1ccc2c(c1)nc(C(=O)NC1CCN(C3CC3)CC1)n2Cc1cc(-c2ccc(Cl)s2)on1,0,0,8,525.01,3.17,116.32,1,8,7,4
COCCOc1cc2cc(C(=O)NC3CCN(C(C)C)CC3)n(CC(=O)Nc3ccc(Cl)cn3)c2cn1,1,1,10,529.04,3.35,110.61,2,7,10,3
CC(=O)NC1(c2cccc(F)c2)CCN(CC[C@@]2(c3ccc(Cl)c(Cl)c3)CN(c3ccccc3)C(=O)CO2)CC1.O=C(O)CCC(=O)O,0,0,5,702.61,5.84,136.48,3,6,10,3
S=C1SCN(Cc2ccccc2)CN1Cc1ccccc1,1,3,10,314.48,3.94,6.48,0,3,4,2
CCOC(=O)COc1cc(-c2nn(C)c(OC(F)F)c2Cl)c(F)cc1Cl,1,1,10,413.18,4.08,62.58,0,5,7,2
O=C(OCC1CO1)C1CCCCC1C(=O)OCC1CO1,1,3,11,284.31,0.68,77.66,0,6,6,0
CCCc1nn(C)c2c(=O)[nH]c(-c3cc(S(=O)(=O)N4CCN(C)CC4)ccc3OCC)nc12.O=C(O)CC(O)(CC(=O)O)C(=O)O,0,0,11,666.71,0.36,245.55,5,11,12,3
COc1cc(-c2ccc(=O)[nH]n2)ccc1OC(F)F,1,1,10,268.22,2.05,64.21,1,4,4,2
O=C(O)c1ccccc1C(=O)Nc1cccc2ccccc12,1,2,10,291.31,3.79,66.4,2,2,3,3
O=C(OCc1ccccc1)C(=O)OCc1ccccc1,0,0,12,270.28,2.47,52.6,0,4,4,2
Cc1ccccc1CO[C@H]1C[C@]2(C(C)C)CC[C@@]1(C)O2,0,0,10,274.4,4.25,18.46,0,2,4,1
Cc1c2oc3c(C)ccc(C(=O)N[C@@H]4C(=O)N[C@H](C(C)C)C(=O)N5CCC[C@H]5C(=O)N(C)CC(=O)N(C)[C@@H](C(C)C)C(=O)O[C@@H]4C)c3nc-2c(C(=O)N[C@@H]2C(=O)N[C@H](C(C)C)C(=O)N3CCC[C@H]3C(=O)N(C)CC(=O)N(C)[C@@H](C(C)C)C(=O)O[C@@H]2C)c(N)c1=O,1,2,7,1255.44,0.73,359.98,5,18,8,1
CCN1CC(CCN2CCOCC2)C(c2ccccc2)(c2ccccc2)C1=O,0,0,11,378.52,3.17,32.78,0,3,6,2
CNC(=O)c1cc(Oc2ccc(NC(=O)Nc3ccc(Cl)c(C(F)(F)F)c3)cc2)ccn1,1,2,5,464.83,5.55,92.35,3,4,5,3
O=C(CCCN1CCN(c2ccc(F)cc2)CC1)NC1c2ccccc2CSc2ccccc21,0,0,8,475.63,5.24,35.58,1,4,6,3
CCOC(=O)Cn1cccc1-c1nc(-c2ccc(OC)cc2)c(-c2ccc(OC)cc2)s1,1,1,10,448.54,5.53,62.58,0,6,8,4
COc1ccc(CNCC(O)COc2ccc3[nH]c(=O)ccc3c2)cc1OC,0,0,10,384.43,2.07,92.81,3,6,9,3
CC(=O)CC(=O)Nc1ccc2[nH]c(=O)[nH]c2c1,0,0,11,233.23,0.77,94.82,3,3,3,2
CC1Cc2ccccc2N1NC(=O)c1ccc(Cl)c(S(N)(=O)=O)c1,0,0,12,365.84,2.08,92.5,2,4,3,2
Cc1ccccc1N1CCN(CCc2nnc3n2CCCC3)CC1,1,2,12,325.46,2.29,37.19,0,4,4,2
C1CCC2(CCCCO2)OC1,0,0,12,156.22,2.08,18.46,0,2,0,0
O=S(=O)([O-])c1ccc2c(/N=N\c3ccc(S(=O)(=O)[O-])c4ccccc34)c(O)c(S(=O)(=O)[O-])cc2c1,0,0,12,535.51,2.83,216.55,1,12,5,4
CCc1cc(C2=C(C(=O)[O-])N(c3ccccc3C(F)(F)F)S(=O)(=O)c3ccccc32)cc2c1OCO2,1,1,10,516.47,3.71,95.97,0,6,4,3
Cc1cc2c3c(c1)C(c1ccccc1)=N[C@@H](NC(=O)c1ccncc1)C(=O)N3CC2,1,1,11,396.45,2.89,74.66,1,4,3,3
CC(C)(C)c1cc(/C=C2\SC(=N)NC2=O)cc(C(C)(C)C)c1O,1,2,5,332.47,4.13,73.18,3,4,1,1
O=C1NC(=O)C(=O)C(=O)N1,0,0,12,142.07,-2.08,92.34,2,4,0,0
CC(C)(C)OC(=O)c1ncn2c1[C@@H]1CCCN1C(=O)c1c(Br)cccc1-2,0,0,10,418.29,3.88,64.43,0,4,1,2
CN1C(=S)CN=C(c2ccccc2)c2cc(Cl)ccc21,0,0,8,300.81,3.95,15.6,0,2,1,2
c1ccc2c(c1)OCC(CN1CCCCC1)O2,0,0,10,233.31,2.31,21.7,0,3,2,1
C[NH+](C)CCC(c1ccccc1)c1cccc[nH+]1,1,1,12,242.37,1.17,18.58,1,0,5,2
O=P(O)(OCc1ccccc1)OCc1ccccc1,0,0,12,278.24,3.52,55.76,1,3,6,2
CN1CCc2cc(Cl)c(O)cc2[C@H]2c3ccccc3CC[C@@H]21,0,0,11,313.83,3.98,23.47,1,2,0,2
COc1cc(C(=O)NC2CCCNC2)cc(OC)c1OC,0,0,12,294.35,1.19,68.82,2,5,5,1
O=C(O[C@H]1C[C@H]2CC[C@@H](C1)[N+]21CCCC1)C(O)(c1ccccc1)c1ccccc1,0,0,12,392.52,3.77,46.53,1,3,4,2
COc1cc2c3cc1Oc1cc(ccc1O)C[C@@H]1c4c(cc(OC)c(O)c4Oc4ccc(cc4)C[C@@H]3N(C)CC2)CC[N+]1(C)C,0,0,12,609.74,6.7,80.62,2,7,2,4
CCC1NC(=O)c2cc(S(N)(=O)=O)c(Cl)cc2N1,0,0,11,289.74,0.88,101.29,3,4,2,1
Cc1cc(/C=C/c2ccc3cc(N(C)C)ccc3[n+]2C)c(C)n1-c1ccccc1.Cc1cc(/C=C/c2ccc3cc(N(C)C)ccc3[n+]2C)c(C)n1-c1ccccc1.O=C([O-])c1cc2ccccc2c(Cc2c(O)c(C(=O)[O-])cc3ccccc23)c1O,1,2,7,1151.42,12.34,144.82,2,8,12,12
C[C@@H]1NC(=O)[C@@H](N)CNC(=O)[C@H]([C@@H]2CCNC(N)=N2)NC(=O)/C(=C/NC(N)=O)NC(=O)[C@H](CNC(=O)C[C@@H](N)CCCN)NC1=O,0,0,2,652.72,-7.21,358.19,13,13,9,0
O=C(O)c1ccccc1O.Oc1cccc2cccnc12,1,2,8,283.28,3.03,90.65,3,4,1,3
Cc1cc(N)c2cc(NC(=O)Nc3ccc4nc(C)cc(N)c4c3)ccc2n1,0,0,1,372.43,4.21,118.95,4,5,2,4
CO[C@@H]1[C@@H](OC)[C@H](C)[C@@](O)(CC(=O)[O-])O[C@H]1[C@H](C)[C@H]1O[C@@]2(CC[C@@](C)([C@H]3CC[C@@](C)([C@@H]4O[C@@H]([C@H]5O[C@](C)(O)[C@H](C)C[C@@H]5C)C[C@@H]4OC4C[C@H](OC)[C@@H](OC)[C@H](C)O4)O3)O2)C[C@H](O)[C@H]1C,1,1,9,916.13,2.98,211.58,3,17,13,0
CN(C)CCc1c[nH]c2ccc(CS(=O)(=O)N3CCCC3)cc12,0,0,12,335.47,2.2,56.41,1,3,6,2
C=C[C@H]1CN2CC[C@H]1C[C@H]2[C@H](O)c1ccnc2ccc(OC)cc12.C=C[C@H]1CN2CC[C@H]1C[C@H]2[C@H](O)c1ccnc2ccc(OC)cc12,1,3,9,648.85,6.35,91.18,2,8,8,4
Cc1nnc2n1-c1sc(CCC(=O)N3CCOCC3)cc1C(c1ccccc1Cl)=NC2,0,0,11,455.97,3.43,72.61,0,6,4,3
CC1(S(=O)(=O)[O-])CC(=O)c2ccccc2C1=O,1,2,5,253.25,0.76,91.34,0,5,1,1
O=c1oc2cc(O)ccc2s1,0,0,10,168.17,1.56,50.44,1,4,0,2
CO/N=C(\C(=O)N[C@@H]1C(=O)N2C(C(=O)[O-])=C(CSc3nc(=O)c([O-])nn3C)CS[C@H]12)c1csc(N)n1,0,0,10,552.58,-3.17,220.88,2,15,8,2
CC12CCC(CC1)C(C)(C)O2,1,1,12,154.25,2.74,9.23,0,1,0,0
COc1ccc2cc1Oc1cc3c(cc1OC)CC[N+](C)(C)[C@H]3Cc1ccc(cc1)Oc1c(OC)c(OC)cc3c1[C@@H](C2)[N+](C)(C)CC3,0,0,12,652.83,7.45,55.38,0,6,4,4
CN(C)CCCN1c2ccccc2C(C)(C)c2ccccc21,0,0,8,294.44,4.42,6.48,0,2,4,2
O=C(OC[C@H]1O[C@@H](OC(=O)c2cc(O)c(O)c(OC(=O)c3cc(O)c(O)c(O)c3)c2)[C@H](OC(=O)c2cc(O)c(O)c(OC(=O)c3cc(O)c(O)c(O)c3)c2)[C@@H](OC(=O)c2cc(O)c(O)c(OC(=O)c3cc(O)c(O)c(O)c3)c2)[C@@H]1OC(=O)c1cc(O)c(O)c(OC(=O)c2cc(O)c(O)c(O)c2)c1)c1cc(O)c(O)c(OC(=O)c2cc(O)c(O)c(O)c2)c1,1,6,9,1701.21,4.84,777.98,25,46,21,10
Nc1cnn([C@@H]2O[C@H](CO)[C@@H](O)[C@H]2O)c(=O)n1,1,1,10,244.21,-3.17,143.72,4,8,2,1
Cc1ccc(N=Nc2c(O)ccc(N=Nc3ccc(S(=O)(=O)[O-])cc3)c2O)c(C)c1,1,1,11,425.45,5.45,147.1,2,9,5,3
c1cnc2c(n1)CCCC2,0,0,12,134.18,1.36,25.78,0,2,0,1
CC1CCCC(=O)C1=O,0,0,12,126.15,0.94,34.14,0,2,0,0
CC1OCCC1=O,0,0,12,100.12,0.36,26.3,0,2,0,0
Cc1occc1SSc1ccoc1C,1,2,9,226.32,4.29,26.28,0,4,3,2
COP(=O)(OC)SCn1c(=O)oc2cc(Cl)cnc21,1,2,9,324.68,2.73,83.56,0,7,5,2
COc1cc2c(cc1OC)C1CC(=O)C(CC(C)C)CN1CC2,0,0,11,317.43,3.24,38.77,0,4,4,1
CNc1cc(OC)c(C(=O)N[C@H]2CCN(Cc3ccccc3)[C@H]2C)cc1Cl,0,0,10,387.91,3.78,53.6,2,4,6,2
CCO/C=C1\N=C(c2ccccc2)OC1=O,0,0,11,217.22,1.87,47.89,0,4,3,1
F/C(COc1ccc2c(c1)[nH]c1ccccc12)=C1/CN2CCC1CC2,1,1,7,336.41,4.65,28.26,1,2,3,3
O=C(NC1CCN(CCc2c[nH]c3ccccc23)CC1)c1ccccc1,0,0,11,347.46,3.6,48.13,2,2,5,3
NC(=O)c1cn(Cc2c(F)cccc2F)nn1,0,0,12,238.2,0.7,73.8,1,3,3,2
O=C(O)Cc1ccc(CCNS(=O)(=O)c2ccc(Cl)cc2)cc1,1,1,12,353.83,2.49,83.47,2,3,7,2
NC1=NCC2c3ccccc3Cc3ccccc3N12,0,0,11,249.32,2.47,41.62,1,3,0,2
COc1nn(CSP(=S)(OC)OC)c(=O)s1,0,0,11,302.34,1.52,62.58,0,8,6,1
CN(C)CCN(Cc1cccs1)c1ccccn1,0,0,12,261.39,2.71,19.37,0,4,6,2
S=c1[nH]cnc2[nH]cnc12,1,3,10,152.18,1.02,57.36,2,3,0,2
CC1CN1P(=O)(N1CC1C)N1CC1C,0,0,11,215.24,1.21,26.1,0,1,3,0
O=C1NCN(c2ccccc2)C12CCN(CCCOc1ccc(F)cc1)CC2,1,2,10,383.47,3.02,44.81,1,4,6,2
CCC1(C)CC(=O)NC(=O)C1,0,0,10,155.2,0.84,46.17,1,2,1,0
COC(=O)c1ccc(C)cc1C1=NC(=O)C(C)(C(C)C)N1,0,0,12,288.35,2.07,67.76,1,4,3,1
O=c1oc2cc(O)ccc2c2oc3cc(O)ccc3c12,1,4,7,268.22,3.1,83.81,2,5,0,4
Cc1ccccc1OCC(O)CNCCOc1ccc(C(N)=O)cc1,0,0,10,344.41,1.5,93.81,3,5,10,2
O=c1n(CC2CO2)c(=O)n(CC2CO2)c(=O)n1CC1CO1,1,4,11,297.27,-2.63,103.59,0,6,6,1
C=C1C[C@]23CC[C@H]4[C@](C)(CCC[C@@]4(C)C(=O)O[C@@H]4O[C@H](CO)[C@@H](O)[C@H](O)[C@H]4O)[C@@H]2C[C@@H](O[C@@H]2O[C@H](CO)[C@@H](O)[C@H](O[C@@H]4O[C@H](CO)[C@@H](O)[C@H](O)[C@H]4O)[C@H]2OC2O[C@H](CO)[C@@H](O)[C@H](O)[C@H]2O)[C@@H]1C3,0,0,12,967.02,-5.26,374.13,14,23,12,0
Cc1ccc(C=C2C(=O)C3CCC2C3(C)C)cc1,1,1,11,240.35,4.01,17.07,0,1,1,1
CC1COc2c(N3CCN(C)CC3)c(F)cc3c(=O)c(C(=O)O)cn1c23,0,0,12,361.37,1.54,75.01,1,5,2,2
CC1=C(C(=O)Nc2ccccc2)SCCO1,1,3,11,235.31,2.62,38.33,1,3,2,1
CCC1OCC(COc2ccc(Oc3ccccc3)cc2)O1,1,2,7,300.35,4.01,36.92,0,4,6,2
N#CC1(N=NC2(C#N)CCCCC2)CCCCC1,0,0,12,244.34,3.89,72.3,0,4,2,0
CO[C@H]1C[C@H](O[C@H]2[C@H](C)[C@@H](O[C@@H]3O[C@H](C)C[C@H](N(C)C)[C@H]3OC(C)=O)[C@@H](C)C[C@]3(CO3)C(=O)[C@H](C)[C@@H](OC(C)=O)[C@@H](C)[C@@H](C)OC(=O)[C@@H]2C)O[C@@H](C)[C@@H]1OC(C)=O,0,0,10,813.98,3.62,184.19,0,16,9,0
CN1C[C@H]2c3ccccc3Oc3ccc(Cl)cc3[C@@H]2C1,0,0,2,285.77,4.26,12.47,0,2,0,2
CCn1nc(C)c2c1C(=O)NCC(c1ccc(O)cc1)=N2,0,0,10,284.32,1.78,79.51,2,4,2,2
Cc1cc(SC2=C(O)C[C@@](CCc3ccc(N)cc3)(C(C)C)OC2=O)c(C(C)(C)C)cc1CO,0,0,10,483.67,6.2,92.78,3,6,7,2
Cc1nc(C)nc(N2C[C@@H](C)N(c3ccnc([C@@H](C)O)n3)[C@@H](C)C2)n1,0,0,10,343.44,1.44,91.16,1,8,3,2
O=C(NO)C1(NS(=O)(=O)c2ccc(Oc3ccc(F)cc3)cc2)CCOCC1,0,0,10,410.42,1.95,113.96,3,6,6,2
O=C(O)CCN(C1(C(=O)NO)CCCC1)S(=O)(=O)c1ccc(Oc2ccc(F)cc2)cc1,0,0,10,466.49,2.9,133.24,3,6,9,2
Oc1ccc2c(c1)OC[C@@H](N1CCC(O)(c3ccc(F)cc3)CC1)[C@H]2O,1,3,10,359.4,2.31,73.16,3,5,2,2
COc1ccc2sc(C(=O)Nc3nnn[n-]3)c(OC(C)C)c2c1,1,2,7,332.37,2.09,100.33,1,7,5,3
COc1ccccc1OCCNCC(O)COc1cccc2[nH]c3ccccc3c12,1,2,11,406.48,3.74,75.74,3,5,10,4
Clc1cnc(Oc2ccc(Oc3ncc(Cl)cc3Cl)cc2)c(Cl)c1,1,1,12,402.06,6.67,44.24,0,4,4,3
CC1CN1,0,0,12,57.1,-0.02,21.94,1,1,0,0
c1ccc2c(c1)Oc1ccccc1S2,1,2,12,200.26,3.94,9.23,0,2,0,2
C[C@]12CC[C@H]3[C@@H](CC[C@@]45O[C@@H]4C(O)=C(C#N)C[C@]35C)[C@@H]1CC[C@@H]2O,1,5,10,329.44,3.47,76.78,2,4,0,0
CN(C)CCc1c[nH]c2ccc(Cn3cncn3)cc12,0,0,10,269.35,1.91,49.74,1,3,5,3
CN1CCN=C(c2ccccc2)c2cc(Cl)ccc21,0,0,8,270.76,3.63,15.6,0,2,1,2
CN(C)[C@@H]1C(O)=C(C(=O)NCN2CCCC2)C(=O)[C@@]2(O)C(O)=C3C(=O)c4c(O)cccc4[C@@](C)(O)C3C[C@@H]12,0,0,12,527.57,0.47,170.87,6,10,4,1
CC1=C(C(=O)Nc2ccccc2)S(=O)(=O)CCO1,1,2,7,267.31,1.3,72.47,1,4,2,1
CC[C@H]1[C@@H]2C[C@H]3[C@@H]4N(C)c5ccccc5[C@]45C[C@@H](C2[C@H]5O)N3[C@@H]1O,0,0,9,326.44,1.55,46.94,2,4,1,1
CCN[C@H]1CN(CCCOC)S(=O)(=O)c2sc(S(N)(=O)=O)cc21,0,0,12,383.52,0.09,118.8,2,7,7,1
CCN(CC)CCOC(=O)C(Cc1cccc2ccccc12)CC1CCCO1,0,0,12,383.53,4.45,38.77,0,4,10,2
CC1COC(Cn2cncn2)(c2ccc(Oc3ccc(Cl)cc3)cc2Cl)O1,1,1,5,406.27,4.67,58.4,0,5,5,3
C/C(=N\NC(=O)Nc1cc(F)cc(F)c1)c1ncccc1C(=O)[O-],0,0,11,333.27,1.27,106.51,2,5,4,2
CN(C)CCn1nnnc1SCC1=C(C(=O)O)N2C(=O)[C@@H](NC(=O)Cc3csc(N)n3)[C@H]2SC1,0,0,11,525.64,-0.65,172.46,3,12,10,2
O=C(C=Cc1ccc(O)c(O)c1)O[C@@H]1C[C@](O)(C(=O)O)C[C@@H](O)[C@H]1O,0,0,12,354.31,-0.65,164.75,6,8,4,1
CCNC(=O)N1CCN(CCCC(c2ccc(F)cc2)c2ccc(F)cc2)CC1,1,1,8,401.5,4.22,35.58,1,2,7,2
OCCN1CCN(CCCN2c3ccccc3C=Cc3ccccc32)CC1,0,0,10,363.51,3.31,29.95,1,4,6,2
CC(C)(C)[C@]1(O)CCN2C[C@H]3c4ccccc4CCc4cccc(c43)[C@@H]2C1,0,0,7,361.53,4.84,23.47,1,2,0,2
CCN1CCc2nc(N)oc2CC1,0,0,2,181.24,0.68,55.29,1,4,1,1
CCCC(CCC)C(=O)O[C@H]1C[C@H]2CC[C@@H](C1)[N+]2(C)C,0,0,10,282.45,3.52,26.3,0,2,6,0
COC(=O)C1=CCCN(C)C1,0,0,12,155.2,0.42,29.54,0,3,1,0
CN1CCc2cccc3c2[C@H]1Cc1ccc(O)c(O)c1-3,1,2,8,267.33,2.85,43.7,2,3,0,2
Cn1c(=O)c2c(ncn2CC2OCCO2)n(C)c1=O,0,0,12,266.26,-1.19,80.28,0,5,2,2
O=C(Nc1ccc2c(O)c(N=Nc3ccc(N=Nc4ccc(S(=O)(=O)[O-])cc4)cc3)c(S(=O)(=O)[O-])cc2c1)c1ccccc1,1,1,9,629.63,6.44,213.17,2,12,8,5
CCOc1ccc(N=Nc2ccc(C=Cc3ccc(N=Nc4ccc(OCC)cc4)cc3S(=O)(=O)[O-])c(S(=O)(=O)[O-])c2)cc1,0,0,10,634.69,7.29,182.3,0,12,12,4
CN[C@@H]1C[C@@H](c2ccc(Cl)c(Cl)c2)c2ccccc21,1,1,7,292.21,4.79,12.03,1,1,2,2
Cl/C=C\C[N+]12CN3CN(CN(C3)C1)C2,1,1,9,215.71,0.25,9.72,0,3,2,0
NC(=O)c1ccc[n+]([C@@H]2O[C@H](COP(=O)([O-])OP(=O)(O)OC[C@H]3O[C@@H](n4cnc5c(N)ncnc54)[C@H](O)[C@@H]3O)[C@@H](O)[C@H]2O)c1,0,0,8,663.43,-3.65,321.09,7,17,11,3
